LeadID,conversion_probability,predicted_label
8846,0.8533681541279379,1
6255,0.8355123270440862,1
2929,0.8316330999913424,1
6695,0.8280479314059719,1
8245,0.8236632631524903,1
13063,0.8221486529853224,1
1229,0.8196022699714093,1
16562,0.8185648883158934,1
600,0.8170146233222927,1
1962,0.8162820968243009,1
6045,0.8146343265443,1
4051,0.8100791452462649,1
15937,0.8072032074054541,1
20088,0.8053341274102077,1
1121,0.8049046851070013,1
21399,0.804771690454379,1
25997,0.8036928398559426,1
5928,0.8033523717685236,1
27765,0.8013422142800213,1
6105,0.8006365491212757,1
46335,0.7985782041305297,1
22810,0.7981396965781542,1
16134,0.7974821050261951,1
4084,0.7974439227988759,1
16766,0.7952194336217518,1
10064,0.7944786496051207,1
14233,0.7943701812415319,1
3716,0.793204398141099,1
40596,0.7930360144246454,1
10270,0.791982355046681,1
12891,0.7916312374139785,1
33323,0.7916285429296754,1
20896,0.7913802146541276,1
6668,0.7912055394851392,1
23435,0.7888346172474687,1
11357,0.7878968911265037,1
3547,0.7871328932231851,1
16428,0.7871000413043776,1
4449,0.786787612301614,1
3459,0.7862475823793361,1
7668,0.7859125480991767,1
7881,0.785554993047551,1
75,0.7853109195008909,1
9823,0.7848058868792661,1
22728,0.7845902196339688,1
17705,0.7842054627106783,1
36670,0.784176806673979,1
16226,0.783981489263183,1
43899,0.7835235408340249,1
1559,0.7834175359534498,1
3462,0.7827158345032692,1
1680,0.782496915006687,1
35000,0.7817275632262856,1
40138,0.7812547640827887,1
16623,0.7808429412521177,1
4514,0.7801859620789808,1
32248,0.77980658965569,1
17065,0.779697610488296,1
28950,0.7781934516263458,1
3,0.7780176451032571,1
13804,0.7780082493449335,1
23834,0.7778817545905364,1
26307,0.7774716132409909,1
40823,0.7769441294356112,1
3600,0.7765219305125969,1
26002,0.7765186234427105,1
7486,0.776427254729249,1
3998,0.7761309704035605,1
37955,0.7757405550550986,1
1128,0.7756183716480497,1
6556,0.7753492136194542,1
7612,0.7745798665504001,1
7542,0.7743337423796056,1
36772,0.7739185353390144,1
8702,0.7738704074819697,1
14621,0.7736037611246493,1
5024,0.7734677535379304,1
959,0.773267572144461,1
11083,0.7731811490042095,1
19031,0.7730229347585637,1
35866,0.7725214075983368,1
22413,0.7715960680122249,1
6584,0.770871190316031,1
9375,0.7707757257611495,1
5935,0.7704392065560525,1
543,0.7703104973193999,1
28086,0.7698900910114391,1
19059,0.7691730669952923,1
43859,0.7691248687783742,1
30300,0.7683639094475232,1
11193,0.7682249609174232,1
7764,0.7681865256445345,1
20742,0.76747015034239,1
14263,0.7674545861219105,1
32500,0.7672369107213851,1
13313,0.7671855578207792,1
3293,0.7669268366868709,1
8426,0.7665680500952707,1
25022,0.7662340454400657,1
9938,0.765866480215691,1
2132,0.7658084910355073,1
12099,0.7652743457922544,1
29616,0.7648311305384802,1
15332,0.7646101375175054,1
12214,0.764287671682103,1
41583,0.7642068768086585,1
22931,0.763729611489176,1
11340,0.7631753751031073,1
36187,0.7631446151629195,1
73631,0.7626338320119418,1
56730,0.762045549419278,1
28351,0.7616403544406133,1
8670,0.7611623131574328,1
52524,0.7603648567033644,1
1545,0.7600284632059333,1
17494,0.7598276259524012,1
12014,0.7597270460792827,1
5797,0.7597014020914423,1
21667,0.7593376453207519,1
9909,0.7591263309113016,1
7602,0.7589051867195015,1
11058,0.7582643355435816,1
13142,0.7579737487345121,1
16214,0.757436369285409,1
51415,0.7573181720955048,1
14643,0.756934641489403,1
682,0.7562674678367779,1
20338,0.7560094897100633,1
454,0.7553099996846662,1
10578,0.7546616535122643,1
41942,0.7538620168788944,1
27115,0.753683156435828,1
17748,0.7536008679924874,1
17471,0.7532797627663058,1
28817,0.7529572321998256,1
11397,0.7528154242434945,1
14247,0.7527725372542438,1
3244,0.7524519032280002,1
41623,0.7519442754971254,1
27806,0.7519144699300068,1
379,0.7516833027961115,1
5703,0.7515317304804723,1
436,0.7513314414733512,1
34049,0.7510919297699953,1
9335,0.7510241762318537,1
10222,0.751020470979947,1
1614,0.7507875889535537,1
16097,0.7507655048672336,1
16587,0.7503526321836488,1
42719,0.750141851477466,1
28472,0.749651488189871,1
40810,0.7495408449624495,1
174,0.7492289269386139,1
1090,0.7488203056108651,1
26407,0.7485913794476996,1
1166,0.7485080187239183,1
13084,0.7481934660882382,1
32128,0.7480975336696256,1
6329,0.747957267328329,1
46719,0.7478818946708069,1
68221,0.7477827660948939,1
25583,0.7472182794674959,1
1562,0.7470699062935001,1
18072,0.7468902579147088,1
13414,0.7467965426109732,1
4757,0.7465549486876779,1
63941,0.7465230730447601,1
5712,0.7459315273917069,1
4066,0.7457550543434472,1
11984,0.7453702079465042,1
6361,0.7448844915921428,1
18800,0.7447261834384349,1
25707,0.7444835157223226,1
9844,0.7441931511512705,1
56260,0.7433141793557836,1
17564,0.7432573209534933,1
14498,0.7430732491411641,1
29954,0.7429344862547335,1
1952,0.7427993807088871,1
10583,0.7426870969019985,1
33599,0.7422107046535431,1
11780,0.741257438661526,1
21750,0.7408982817737784,1
5816,0.7405046790298988,1
13662,0.740076645620798,1
43469,0.7399223974256147,1
48021,0.7398272747926332,1
3247,0.7395806352289936,1
30536,0.739430670645642,1
7178,0.739302835225421,1
5690,0.7390890646913354,1
19765,0.7390230590931874,1
5925,0.738995221739601,1
20337,0.7389322998372373,1
38320,0.7388533298445215,1
41581,0.738426465417604,1
31235,0.7381447790816759,1
1334,0.7380469591878587,1
2036,0.7378386213555834,1
8323,0.7376887438387094,1
25774,0.7376233682640781,1
19882,0.7371943506544777,1
40275,0.7370748758708251,1
7581,0.7369007397232095,1
7006,0.7368856815535457,1
4900,0.7367487520607852,1
28431,0.7359740261785993,1
41902,0.7355030845490593,1
34388,0.7354044127852225,1
20351,0.7353308530223831,1
3371,0.7352544545179732,1
53390,0.735112009051803,1
7129,0.7350785386217275,1
29006,0.7349928480674291,1
6553,0.7349393693642483,1
4952,0.7349339110786478,1
17488,0.7346131706231567,1
21530,0.7342689941206381,1
38599,0.7342151754343514,1
48880,0.7339288044654041,1
49176,0.73374202855998,1
49923,0.7334626742552344,1
26450,0.7334545838559053,1
21236,0.7333838605940205,1
35056,0.7332653220886787,1
9262,0.7331046500870788,1
10618,0.7329550526924151,1
9713,0.7328671840552556,1
22119,0.7327263153707887,1
16500,0.7325089615091938,1
3259,0.7322962194021184,1
24738,0.7320112920399041,1
4672,0.731839161319348,1
53633,0.7315081198944381,1
404,0.7314404721119697,1
34692,0.731326065774991,1
29901,0.731240053533063,1
55023,0.731135684876035,1
39395,0.7311233665071672,1
4330,0.7308731039055243,1
10534,0.7306734886769539,1
4280,0.7304124794527697,1
15006,0.7301292754785322,1
8745,0.7301015770003403,1
5694,0.7299003888779474,1
24920,0.7296909909180176,1
9780,0.7294774295924354,1
36496,0.7292800301192589,1
21997,0.7291557551292831,1
28645,0.7290595640385694,1
35982,0.7286449101380003,1
18521,0.7286127462667683,1
1175,0.7283315134997982,1
2128,0.7282950007793954,1
1980,0.7279792659535211,1
11091,0.7278553480927542,1
23939,0.7276832571223859,1
36037,0.7276033089541191,1
1623,0.7272165356957916,1
52879,0.7271594849882368,1
49431,0.7270104014717043,1
17834,0.726996315277751,1
12071,0.7269859700511103,1
7723,0.7267318085743819,1
11955,0.7266466582785565,1
10023,0.7265776473762243,1
8295,0.7260887412268987,1
57,0.7260291549055232,1
1795,0.7257645420436807,1
11529,0.7255362495576588,1
20170,0.7252599001227371,1
72911,0.7251637554915773,1
9626,0.7248819422489656,1
6697,0.7248157173101785,1
21424,0.724759538157493,1
70383,0.7245335538799047,1
49567,0.7245064796196915,1
27099,0.7243469952521604,1
9092,0.7243345987350982,1
14938,0.724285374667465,1
61641,0.7240441749779131,1
10068,0.7238416768592874,1
5607,0.7238341578742168,1
5838,0.7237423496680552,1
9627,0.723735196605427,1
29923,0.7232831571690758,1
13451,0.7227801168773357,1
40762,0.7226484831333672,1
18571,0.7222082092004821,1
35995,0.7220755207749435,1
50926,0.7218670727056149,1
26997,0.7216839984123744,1
20564,0.7216459931522947,1
16683,0.7214274981528377,1
3635,0.7213031995542274,1
2511,0.7209769143876994,1
43689,0.7208675293078376,1
9667,0.7207128987175135,1
41560,0.720580306760849,1
8352,0.7203538245951095,1
41016,0.7202470977644777,1
5505,0.7201313558538905,1
40206,0.7200638433983955,1
303,0.7198641278305288,1
13497,0.7198476484829874,1
23770,0.7198235850516822,1
6171,0.7194576982720485,1
10190,0.7194111357657369,1
214,0.7191144829814812,1
13888,0.7189964772805839,1
43319,0.7189070650291611,1
7197,0.7188294426415243,1
21896,0.7187791484030134,1
24473,0.7187723391930058,1
32983,0.7186738922925431,1
9012,0.7184306273895112,1
48027,0.7184085391184482,1
6720,0.7184051046037199,1
56351,0.7182852074067674,1
12317,0.7181479543693515,1
2229,0.7180839347380281,1
11700,0.7179840157474346,1
18627,0.7175798516477213,1
19924,0.7174469485634958,1
57878,0.7173590775199168,1
17442,0.7172052149489179,1
34902,0.7172029335058866,1
5998,0.7171969003036668,1
67672,0.7171082341466012,1
27398,0.7170016845365268,1
15639,0.7169369610943709,1
13890,0.7169185991971234,1
3043,0.7167646498070381,1
30225,0.7167557361130245,1
52492,0.7167371531708132,1
65457,0.716707908313458,1
21470,0.716656695616042,1
24349,0.7165588258560598,1
11446,0.7164976393448537,1
5868,0.7163589198054223,1
40194,0.7161671972990079,1
5029,0.7161576501148172,1
21760,0.7156739155385718,1
67807,0.7155873569496276,1
5716,0.715523340309073,1
4761,0.7155155218883333,1
15576,0.7153202228922662,1
41516,0.7151936639521056,1
5932,0.7148699910667629,1
8173,0.7148160102057524,1
3783,0.714691550298843,1
38821,0.7145788298096418,1
42844,0.7142250844286206,1
62194,0.7138845389595488,1
52946,0.7138755623393056,1
57554,0.7136775906886169,1
10562,0.7136520538657338,1
10899,0.7135958332173612,1
7781,0.7135722333948297,1
24180,0.7135306674801251,1
53075,0.7134878845660393,1
16916,0.7134154591297949,1
34009,0.7133585507299633,1
45551,0.7132394224286461,1
54713,0.7128406439260042,1
49311,0.7127535152286106,1
18601,0.7124571381741605,1
25395,0.7123727335245583,1
1301,0.712035283431661,1
31672,0.7118294596975172,1
38337,0.711647065152325,1
14033,0.7115987950260356,1
8034,0.7115171049520804,1
34517,0.7114861728636034,1
2762,0.7114679599078897,1
35236,0.7112349458683809,1
15962,0.7108846960716391,1
17092,0.7101453908550666,1
22576,0.7100075798089903,1
61031,0.7099419500252854,1
6692,0.709863934211005,1
44376,0.7097450068052996,1
67170,0.7096831964717135,1
47745,0.7095161930431537,1
1692,0.7095137998544907,1
23849,0.7095067139603128,1
2055,0.7094767703061514,1
34576,0.7094570490750045,1
7608,0.7092974932366375,1
27206,0.709148545609715,1
11334,0.7090388144890429,1
36245,0.7089574122929719,1
72980,0.7088940509034208,1
84341,0.708730362932481,1
17299,0.7086280871698465,1
502,0.7083453117984947,1
7552,0.7080101069964911,1
5631,0.7078848107525033,1
16541,0.7075243419587999,1
22468,0.7071966687086059,1
12282,0.7071006182450653,1
5033,0.7069833316877796,1
13043,0.7068619158858023,1
9094,0.7068446866702385,1
9438,0.706713080479938,1
19066,0.7066257770332608,1
66902,0.7065912429713248,1
3874,0.7063977865207296,1
38174,0.706252194565335,1
45533,0.7059879976783372,1
24308,0.705913383551835,1
33542,0.7057937431449243,1
441,0.705648307253046,1
25647,0.7055644093306255,1
21940,0.7055120103023423,1
61205,0.7053760355586839,1
16279,0.7052465534509076,1
3891,0.7050949013059031,1
16584,0.705066773633494,1
20265,0.7050400875690939,1
13612,0.704972467069139,1
3110,0.7048797417352692,1
5261,0.7048634334699776,1
24994,0.704803519051024,1
16650,0.7047069537101859,1
89929,0.7044363226389656,1
29218,0.7044110665937061,1
3834,0.7042088339275601,1
15564,0.7041806059210416,1
92835,0.7040249007929319,1
75178,0.7039392161894483,1
6916,0.7038451345448431,1
55275,0.7036936131800695,1
18478,0.7036798440311127,1
4502,0.7036155026315023,1
13789,0.7035971647752156,1
45943,0.7035322232369,1
25925,0.7031343412690292,1
82322,0.7030820500850568,1
68432,0.7028719019547283,1
21674,0.7028259585703036,1
23925,0.7028215404319866,1
21135,0.7027660014200856,1
27839,0.7027650998400603,1
7523,0.7027028608836885,1
21410,0.7022257149494698,1
26809,0.7022137190610817,1
23556,0.7020976094050808,1
34898,0.7019690336197943,1
37339,0.7018824395211943,1
48520,0.7018032439530643,1
2019,0.7017266596922378,1
6564,0.7017004698531739,1
5115,0.7016897221320869,1
21056,0.7015427205150232,1
30729,0.701386558855814,1
2639,0.7012934013659358,1
17972,0.70089141824332,1
51505,0.7008256919911345,1
19280,0.7006512112936748,1
16943,0.7004986746459397,1
12195,0.7003013857722544,1
4689,0.7002960692942126,1
20588,0.6999382891190482,1
9772,0.6999065943530085,1
14892,0.6998656583003577,1
8210,0.6995602286852755,1
37130,0.6995399886676426,1
2595,0.6993210252846908,1
31326,0.6991118538312547,1
16165,0.6990108768590267,1
13627,0.6988917999573799,1
9652,0.6987009601773317,1
10015,0.6985435515762441,1
7469,0.6984925072394466,1
17911,0.6983608310470538,1
27407,0.6980279566147901,1
49103,0.6978110197079329,1
827,0.697745081948613,1
28647,0.6974772331902879,1
43006,0.6973603421060498,1
23260,0.6972753953799162,1
16338,0.6971939863839604,1
57493,0.6971933298745845,1
30895,0.6971684960538826,1
6689,0.6970604677045025,1
43977,0.6970597980756362,1
1304,0.6970275032992795,1
2713,0.6970135633486418,1
28931,0.6969964238840504,1
4332,0.6969771461039601,1
34245,0.6969743537811359,1
42436,0.6967836028085193,1
10682,0.6965544171039117,1
27970,0.6965533917460907,1
40839,0.6964374586337299,1
11418,0.6963884909840159,1
20269,0.6960842374645497,1
44544,0.6960197501877919,1
48329,0.6959084842773462,1
27887,0.6956632085214217,1
39884,0.6956293636373653,1
36794,0.6953881352083828,1
12654,0.6951244809812968,1
59744,0.6949984799132822,1
10901,0.6949145961325892,1
33635,0.694828717644338,1
34470,0.6945926976998397,1
24666,0.6943388970720545,1
12803,0.6943040416639108,1
42954,0.6940378557944714,1
24561,0.6938438870835272,1
50493,0.6937956761253373,1
38892,0.6937294837814851,1
1735,0.6937164863388475,1
49869,0.6935291478388452,1
48456,0.6934126608494632,1
6753,0.6931941301499636,1
2156,0.6930011998695169,1
1945,0.6929948507901246,1
52184,0.6929195120612356,1
45190,0.6926985392138091,1
7827,0.6926449336952385,1
40342,0.6926037126614357,1
31808,0.6921840562328814,1
7820,0.6919643989685602,1
40684,0.6918844141130518,1
7453,0.6915865211927532,1
39777,0.6914397310489444,1
24359,0.6913206422944284,1
78554,0.6910268245851499,1
238,0.6909695456051351,1
26606,0.6909640330661039,1
30155,0.6909550938328292,1
7972,0.6908691235839028,1
33386,0.6907355531338437,1
11486,0.6907163950848297,1
64063,0.6904719376887007,1
19074,0.6904287007835833,1
16985,0.6902682723050564,1
26443,0.6899890536971192,1
32721,0.6899535139836809,1
31190,0.689927357324658,1
5577,0.6898139750696676,1
23500,0.6897399688696664,1
13840,0.6896357261911593,1
15212,0.6896239782976338,1
18623,0.6895700042088442,1
33435,0.6894377805098932,1
5789,0.6893851952412674,1
47559,0.689299138603934,1
36099,0.6892336647484839,1
10040,0.6889986847246687,1
30378,0.6888654148211449,1
11360,0.6888394564898809,1
25662,0.6887364830338164,1
72945,0.6885553643170657,1
1146,0.6885047287933939,1
14861,0.688502288615241,1
3374,0.688274525791564,1
26625,0.6881069669768753,1
19121,0.6880896629961464,1
4833,0.6880605851655527,1
17301,0.6880101132547994,1
22053,0.6880080118437699,1
18963,0.6876605173889266,1
12142,0.6876584170953899,1
46977,0.6875971637111695,1
10850,0.6872096986810109,1
10979,0.6869312732731301,1
54506,0.6869141778316767,1
6910,0.6868614617318,1
7787,0.6866850225953283,1
20718,0.686352984963226,1
15108,0.6862102596688819,1
19128,0.6861498553406734,1
34473,0.6860944390328702,1
35426,0.6860624445314775,1
5337,0.6860248314412455,1
13304,0.6857080174722117,1
1241,0.6856445431821058,1
39676,0.6856202566745634,1
34827,0.6855119213324526,1
5907,0.6852855726093973,1
36343,0.6852206439671054,1
7303,0.6845088895220335,1
17456,0.6844319850663172,1
36328,0.6841766986100719,1
33908,0.6841394507962947,1
16199,0.6839189996648507,1
15320,0.6837940157295549,1
78121,0.6836190269938414,1
11010,0.6835814481920889,1
41433,0.6835532869099998,1
3195,0.6833902110911148,1
3745,0.6832388936245846,1
70701,0.6831423385035665,1
45105,0.6831320856363454,1
49228,0.683123635843982,1
57410,0.6830708352177132,1
50880,0.683066109143392,1
7779,0.6830132990230784,1
40175,0.682892972676947,1
34157,0.6826851739100743,1
18994,0.6825479607415881,1
76395,0.6825197384968625,1
16441,0.6824157370897516,1
16119,0.682390003353695,1
25791,0.6822394659745653,1
25320,0.6822330416240671,1
66241,0.6820485008317496,1
25176,0.6820149718881792,1
12127,0.6819561823660598,1
62892,0.6817777395544794,1
3032,0.681687625786195,1
2937,0.6814639492294552,1
200,0.6814609700861901,1
17496,0.6814144632663633,1
9402,0.681360678637945,1
80,0.6812280151916352,1
20690,0.6812215549822783,1
52297,0.6810870544410674,1
30319,0.680925761264559,1
41196,0.6809077446286698,1
53055,0.6807591715938243,1
44029,0.6807407709854221,1
45517,0.6807185585352598,1
4096,0.680698769478132,1
47437,0.6806897752864665,1
25801,0.6806561752143061,1
37542,0.6804746970460214,1
19981,0.6804745126238724,1
45608,0.6804102602683675,1
39691,0.6803860430245827,1
32523,0.6802135345947404,1
55014,0.6801585662440328,1
7538,0.680086891284375,1
37880,0.6799873293934757,1
20079,0.6797529871720972,1
25636,0.6797073307507676,1
997,0.6794954511373096,1
7355,0.6792405488848229,1
40227,0.6791228382726258,1
28268,0.6789873387691114,1
10975,0.6789462932751813,1
5794,0.6788985757300318,1
26987,0.6788868943661164,1
41487,0.6788588862540934,1
67331,0.6788034987643329,1
21687,0.678760602732567,1
63568,0.6785431872977588,1
255,0.678488684586251,1
3345,0.6784217433470588,1
31242,0.6782765157685563,1
59869,0.6781625187974274,1
13724,0.6776146911829841,1
1922,0.6775642730809904,1
17931,0.6775146184076416,1
20071,0.6774022413233058,1
39311,0.6771644244785291,1
13666,0.677022315264291,1
38832,0.6769537873451177,1
31001,0.6768866583802265,1
27572,0.6766510000772776,1
5272,0.6765094963682683,1
3252,0.6763367786564961,1
15749,0.6762756611165105,1
14991,0.6760019160638866,1
26726,0.6759071825167224,1
59844,0.6758518700461393,1
1482,0.6758139275749392,1
20906,0.6757943881560025,1
63780,0.6756675017665904,1
11332,0.6755989419021594,1
34273,0.6755843428812024,1
25803,0.6754967195962794,1
666,0.675469686383136,1
84031,0.6754401846519179,1
55233,0.6752107059156635,1
87264,0.6750281658092268,1
16316,0.674951154726176,1
41691,0.6748769614729178,1
6064,0.6748240794329377,1
1847,0.6746549839509285,1
10691,0.6745674845878626,1
23193,0.6745450439498555,1
24655,0.674342640803362,1
8375,0.6743038704739667,1
12935,0.6742573544077575,1
21789,0.6742512307773031,1
56135,0.67410656919242,1
20752,0.6741043661578114,1
4422,0.673999257311879,1
48756,0.6738545913770513,1
17608,0.6737122712168186,1
3019,0.6737015379415042,1
10199,0.6736071245133801,1
40845,0.673478652736131,1
64857,0.6733923867317322,1
9794,0.6733049347893824,1
12920,0.6733046859186336,1
92971,0.6732003133471616,1
18616,0.6731992051855065,1
48062,0.6731638465678212,1
6957,0.6731360010080368,1
63522,0.6726894266697059,1
75159,0.6726649836665565,1
21077,0.6725798620890318,1
21537,0.6725689131602016,1
31532,0.6720329463130528,1
1761,0.6719736094772908,1
5634,0.6718988321026506,1
2209,0.6718310859780218,1
38564,0.6717897090078322,1
329,0.6716994231223136,1
34811,0.6716812334239822,1
20283,0.6716278272917802,1
24637,0.6714383174672806,1
10862,0.6714317780142424,1
21604,0.6714276087344965,1
17370,0.6713532298072633,1
3265,0.6711909693204817,1
1236,0.6711758348243395,1
23232,0.6710027878931114,1
5161,0.6705654867498547,1
10877,0.6703511898902008,1
60663,0.670226655785086,1
25479,0.670136755445904,1
10274,0.6700081195247044,1
16008,0.6699383287093831,1
7158,0.6698896418895894,1
21282,0.6698284498449321,1
93369,0.6697841657425339,1
55763,0.669503145310976,1
26992,0.6694917319813485,1
12284,0.6694569995281839,1
19014,0.6692913070922212,1
49870,0.6692659703776783,1
76174,0.6691618793015559,1
17242,0.6690815475474495,1
18017,0.6690727282191009,1
264,0.668749275297702,1
38988,0.6687210111524544,1
48744,0.6685130569221478,1
42223,0.6684775904148988,1
25007,0.6684358568933915,1
15308,0.6684187190757215,1
21717,0.668309620550544,1
35041,0.6680127773841035,1
11368,0.667821333674841,1
8327,0.6677850577216489,1
18093,0.6677836344461123,1
13330,0.667777374616215,1
35232,0.6676575404110627,1
90599,0.6675579778284075,1
33483,0.667418407578378,1
23373,0.667341386499099,1
1076,0.6672981944796659,1
32749,0.6671910406143612,1
74008,0.6671597226526055,1
45829,0.6670841062541732,1
80152,0.6670339045787659,1
71005,0.6670335831513062,1
20566,0.6670126039909298,1
79669,0.6669009043287496,1
17220,0.6668386205927201,1
20344,0.6667845920351805,1
10796,0.6666930819502692,1
1022,0.6666322136562514,1
542,0.6663888418015073,1
2284,0.6663598880031967,1
48987,0.6663558937490038,1
22515,0.6662210013091442,1
4240,0.6661212397110923,1
41159,0.6660211131707233,1
731,0.6659191010356954,1
28471,0.6658999072045507,1
19502,0.6656658479911775,1
41250,0.6654049899626774,1
54447,0.6653746394830641,1
72260,0.6652264224339441,1
57433,0.6650409759327973,1
62236,0.6649210190861709,1
48007,0.6648539727255651,1
2401,0.6648313493759631,1
4367,0.6647586836426292,1
45993,0.6645530820540343,1
8383,0.6645460592641368,1
12500,0.6645458820154747,1
5164,0.6644867949347769,1
18187,0.6644535120108247,1
5389,0.6642918182175479,1
35783,0.6641915194091942,1
29982,0.6641678995964804,1
15407,0.6641617316872284,1
5638,0.6640352684549026,1
37501,0.6639380881123466,1
28680,0.6637575509566348,1
32549,0.6634998225515563,1
13353,0.663445859526438,1
14106,0.6633862164980875,1
10391,0.6633659017937586,1
19248,0.6632075617273311,1
40281,0.6629464925939202,1
17520,0.6628880861832068,1
55514,0.6628800298262228,1
35869,0.6627838744063245,1
10092,0.6626483494710288,1
68232,0.6626142407943659,1
9423,0.6625950986942727,1
52203,0.6625310956910115,1
8467,0.6624152798990198,1
82940,0.6623325102699243,1
9976,0.662323445215649,1
93642,0.6622387072324536,1
96931,0.6621831076748153,1
14011,0.6621497501897118,1
1652,0.6621373496880181,1
29111,0.6621290006174266,1
16704,0.6620293267616219,1
46079,0.6619464689814616,1
19405,0.6619006048225816,1
14748,0.6618799878821473,1
6579,0.6615899326293316,1
4846,0.6614535565987808,1
3689,0.6613662014703734,1
83445,0.6613394684281058,1
136,0.6612428442748978,1
1903,0.6611001775408984,1
36163,0.6609748588255195,1
57517,0.6608973956493475,1
3616,0.6608638803984902,1
15274,0.6608056008133891,1
29330,0.6607142864648428,1
80162,0.6605726793031521,1
77244,0.6605613295449558,1
22287,0.6605413043057683,1
40991,0.6605119912547271,1
41889,0.6604984412946117,1
6071,0.6603541114440307,1
37361,0.6602057401670677,1
37229,0.6600691648447966,1
9260,0.6599541844993715,1
63785,0.6597189627244641,1
27320,0.659683401686382,1
45801,0.6596539516298892,1
25818,0.6596181493192482,1
17589,0.6595554055834834,1
86099,0.6594978330477346,1
14547,0.6593319991372826,1
8831,0.6590382468276056,1
24043,0.6589436655232028,1
68363,0.6587977424076028,1
24729,0.6587154154134715,1
51373,0.6587081637516613,1
30922,0.6586981222831221,1
7669,0.6586914360152143,1
12378,0.6586465174370213,1
2857,0.6586216521220917,1
43249,0.6585925632042824,1
48664,0.6585868833491324,1
43666,0.6584995262034452,1
961,0.6584787976969243,1
4677,0.6584632708913978,1
5250,0.6582992594016196,1
91447,0.6581895411449612,1
43228,0.6581481765902419,1
24221,0.6580048495506535,1
60782,0.6579725946945475,1
4653,0.657792766107232,1
1921,0.6577610456953884,1
5890,0.6576883212913845,1
57488,0.6576830910622607,1
40211,0.6576811351394987,1
30083,0.6576588972120645,1
41646,0.6575519795240167,1
47491,0.6574578439723937,1
27323,0.6574289207138887,1
40387,0.6574036320279594,1
1177,0.657369465115245,1
22978,0.6573009768439345,1
9433,0.6572828603514982,1
21744,0.6572511962509876,1
1732,0.6571383180459143,1
1563,0.6571195058447942,1
38534,0.6570331039580452,1
10549,0.6570317571780768,1
2717,0.6568785515185747,1
27501,0.65687090503947,1
16382,0.6568340687373646,1
13957,0.6566699868504138,1
34845,0.6565761657661965,1
14864,0.6565490316247973,1
8256,0.6564053623706371,1
26145,0.6562799354542534,1
32639,0.6561875088703024,1
69177,0.6561701297587766,1
57943,0.656142577156026,1
79358,0.6560374743990783,1
9225,0.655954929677926,1
46591,0.6558528768528996,1
28854,0.6557568666792878,1
75725,0.6553312564402095,1
16759,0.6552281957862581,1
22814,0.6552122642847826,1
5944,0.655191508129998,1
2703,0.6551236935736788,1
29421,0.6550332154873226,1
21197,0.6548193645830742,1
34988,0.6547466299580318,1
17630,0.6547240812614086,1
19006,0.6547023220156372,1
60914,0.6546976336974212,1
15897,0.6546153688989143,1
14615,0.654372428504355,1
59207,0.6543306263039675,1
16049,0.6541277705053506,1
5456,0.6538971522120769,1
19934,0.6538812268917888,1
68042,0.6538759970018652,1
10598,0.6538658120300304,1
13424,0.6538035183361194,1
19998,0.6537245153757203,1
37345,0.6536868131620719,1
10503,0.653668414272585,1
21190,0.6536094453158742,1
24495,0.6534802400868216,1
61915,0.6534539709253235,1
35055,0.6534201128959902,1
39053,0.6532777217528225,1
30217,0.6532641897762791,1
20654,0.6532154769416525,1
15753,0.6531290047703109,1
50581,0.653098305232095,1
3011,0.6530538215436247,1
43013,0.6529949393337564,1
20210,0.6529030390948828,1
71350,0.6528490556273058,1
39049,0.6528237070555382,1
25786,0.652820290331234,1
6202,0.6528095636197679,1
1589,0.6524715039837758,1
19398,0.6524694081136565,1
25386,0.6522882239753317,1
41252,0.6521805878067182,1
16627,0.6521531515963376,1
33706,0.6520237307622231,1
23476,0.6519176534162118,1
39550,0.651895571217873,1
7957,0.651886849699173,1
14800,0.6518785936807121,1
45898,0.6518623045118869,1
70871,0.6518228740129501,1
27991,0.6517630728709578,1
872,0.6516963532829693,1
6474,0.6516856829168152,1
14830,0.6516515421074154,1
3098,0.6516449429050417,1
92127,0.6516119509395113,1
79028,0.651408155457661,1
7187,0.6513442458769171,1
38875,0.6512379537779652,1
53915,0.6511578956589421,1
26088,0.6509149924666425,1
33439,0.6509058572472712,1
66422,0.6509039804039582,1
32039,0.6508014657670647,1
99683,0.6507811483318652,1
19224,0.6504451252841356,1
90210,0.650173236536221,1
38820,0.6501166687016778,1
56871,0.650037728536419,1
28158,0.6500313467360217,1
86319,0.6499534365487035,1
46686,0.6497562439905483,1
77676,0.649556076434411,1
9149,0.6495031320660024,1
18541,0.6494593571355786,1
11924,0.6494157053036955,1
30514,0.6493918472236097,1
13582,0.6493541083274414,1
74115,0.6493118509058307,1
26119,0.6491951251232074,1
16906,0.6491228481649632,1
10832,0.6490318581850503,1
37731,0.6488826184070284,1
49697,0.6488440164413855,1
14935,0.6488378034750013,1
4423,0.6487999459511289,1
55951,0.6487844817785124,1
15507,0.648576777377128,1
1779,0.6483209482615298,1
17403,0.6483174581111784,1
19383,0.6482756379952611,1
8435,0.6482103391412015,1
43733,0.6480822459259549,1
85895,0.6480398760361674,1
41188,0.6479653069421913,1
48919,0.6479651440485339,1
73427,0.6479172692722753,1
38272,0.6477021518090785,1
16161,0.6476650365422867,1
16478,0.6476617470729533,1
10025,0.6475888117192369,1
17389,0.6473041918021725,1
21241,0.6472846248203523,1
12061,0.6471571017554488,1
35950,0.6471354671979431,1
19261,0.6471286705725963,1
89751,0.647107221912386,1
9396,0.6470592355839544,1
10026,0.6470388542713491,1
95530,0.6469888315285236,1
28051,0.6469242512638609,1
32072,0.6468605069656017,1
50759,0.6467565066374735,1
42675,0.6466788719565684,1
30297,0.6465878674431622,1
57666,0.6465547163744715,1
32207,0.6465452883755518,1
8446,0.6464819139737895,1
11523,0.6462205646653247,1
9460,0.6461752320675201,1
6264,0.6459268304718991,1
73547,0.6458112769302518,1
42536,0.6456447404059122,1
25901,0.6455454998503892,1
55131,0.6455052286651559,1
3875,0.645466936756263,1
51288,0.645384463544097,1
21233,0.6452836540256077,1
56982,0.645277219994677,1
34829,0.6452166930899702,1
79510,0.645189388508419,1
73073,0.6451859717835298,1
84240,0.6450911051838312,1
67214,0.6450775802623733,1
16305,0.6449180455254844,1
31883,0.6449010009473544,1
32512,0.6447659466515738,1
20888,0.6447560182483739,1
33302,0.6447023508161003,1
44688,0.6446550273313402,1
72238,0.6445727451239331,1
24263,0.6445285726853474,1
7488,0.644396882823567,1
18690,0.6443588832785816,1
6724,0.6443127360931495,1
3282,0.644126023891899,1
57018,0.644099599487383,1
72364,0.6440917459522636,1
14487,0.6440665373456911,1
12835,0.6440094492394202,1
22311,0.644001247324824,1
55568,0.6439311542226261,1
35315,0.6438153867364191,1
76439,0.643723908601608,1
3186,0.643685648788151,1
21747,0.6435235572539412,1
68920,0.6434694180505438,1
40243,0.6433738730337853,1
77674,0.643342278144803,1
10412,0.6431753890045182,1
9587,0.6431119538320508,1
62451,0.6430965284993898,1
10473,0.6429169207807176,1
82278,0.642881165084319,1
96295,0.6428592852948752,1
18165,0.642840421008645,1
3243,0.6426592059803723,1
47000,0.6424861689642589,1
20520,0.6422594170351661,1
9981,0.6421759898209065,1
18630,0.6420979179414695,1
52933,0.642033067976302,1
11539,0.6420136034073304,1
70262,0.6419900433140732,1
58618,0.6419707083075327,1
31699,0.6419657943736032,1
10619,0.6418441511653095,1
3173,0.6417741061881963,1
819,0.6417641829962689,1
69640,0.6417521070132106,1
47510,0.6417209131306739,1
3467,0.641691678061685,1
65839,0.6416633046532368,1
26365,0.6416557577348966,1
23440,0.6416117197673767,1
29066,0.6415133324019949,1
43155,0.6413810994228264,1
27669,0.6413051675350474,1
15366,0.6412159331115908,1
27104,0.6411810328777777,1
6518,0.6409685749668813,1
14722,0.6409552075764633,1
7277,0.6409210080649578,1
67674,0.6408979250572359,1
63987,0.6407417612337615,1
52716,0.6406649314235238,1
94127,0.6406547357806393,1
35706,0.6406188304616862,1
83655,0.6406000187194282,1
34047,0.6404983079410749,1
11943,0.6404564123402717,1
13226,0.6404300585910564,1
20371,0.6403929398886216,1
33189,0.6402458953984335,1
55682,0.6401676418539289,1
11530,0.6401505769406988,1
43040,0.6401408646690464,1
812,0.6401304381338649,1
3568,0.6399564376866254,1
57669,0.6398083415346786,1
8635,0.6397676769012388,1
36023,0.6396577796298744,1
26479,0.6396168880387242,1
26428,0.6395804315861938,1
28044,0.6395007899639207,1
938,0.6394914202742518,1
2785,0.6394570445245763,1
37258,0.6393864988987545,1
40756,0.6393690772372126,1
27667,0.6392963220313795,1
91468,0.6392951598012622,1
8237,0.6392794117181754,1
54391,0.6390885464804135,1
5662,0.639061041977296,1
38732,0.6390454429311271,1
88118,0.6390113535144869,1
28337,0.638891708030555,1
77581,0.6388664779428299,1
47676,0.6387968341399446,1
43892,0.6387788502972687,1
48707,0.6385868286643206,1
23949,0.6385672782495011,1
7049,0.638541970724485,1
33739,0.6384787538709015,1
6176,0.6384250226849008,1
52131,0.6383445816859326,1
53757,0.6382204899217634,1
59130,0.6381999523979194,1
22862,0.6381569432689645,1
17814,0.6381394264580905,1
59880,0.6380727237382093,1
61207,0.6380655000887042,1
59990,0.6380632933524083,1
59601,0.6380343884964905,1
696,0.6379372853498088,1
50661,0.6378093387685849,1
37770,0.6377883433188308,1
5676,0.6377576147271572,1
23480,0.6377181883464064,1
3846,0.6376226316834925,1
15588,0.6374995721517944,1
5475,0.637457454832776,1
42891,0.6374187973265659,1
58398,0.6371322218158103,1
6321,0.6370602331921766,1
93921,0.6369849426526449,1
89812,0.6369671283059644,1
89732,0.6369038959810558,1
43921,0.6368623589995722,1
22993,0.6368338858023285,1
52657,0.6368214828039828,1
79252,0.6368048857915136,1
70949,0.6367997797545064,1
66320,0.6366218951526624,1
580,0.6365269388542556,1
10736,0.6364982766743914,1
21808,0.6364588175575483,1
6739,0.6364003395196507,1
211,0.636319729238614,1
36400,0.636265312014958,1
81513,0.6362637422595536,1
18112,0.6362103241289149,1
73464,0.6361788511372697,1
12183,0.6359064737446259,1
133,0.635845785187536,1
49599,0.6357989072468366,1
69661,0.6357443205494704,1
27696,0.6357407818719125,1
35285,0.6356661311626047,1
47019,0.6356050273504783,1
51097,0.6355977628538291,1
29670,0.6354274874052434,1
33900,0.6353656153285281,1
31666,0.635202517962879,1
27042,0.63496507781497,1
53091,0.6349310770058733,1
86198,0.6348436712287929,1
17023,0.6348251867910687,1
87138,0.6347087813500054,1
28972,0.6346736149980605,1
4072,0.634593651966105,1
21463,0.6345573622927563,1
19851,0.6345328131987045,1
37193,0.6344258623761053,1
3811,0.6344186109537066,1
8845,0.6343321205193451,1
3614,0.6343002111491465,1
61507,0.6342536107494332,1
65325,0.634128843911892,1
4915,0.6339305321768527,1
19599,0.6338577339131313,1
3419,0.6337836863235864,1
11329,0.6337671736720321,1
32848,0.6337009897553895,1
80493,0.633606311758558,1
33921,0.6335573468686585,1
19739,0.6334755651489179,1
34471,0.6333061147688777,1
8403,0.6332288046923138,1
1374,0.6331925713576055,1
80170,0.6331849528569676,1
26596,0.6331570990000973,1
14021,0.6330553120532636,1
48024,0.632968386629503,1
19496,0.6329063829538891,1
12064,0.6328761775338286,1
55610,0.6327692001094974,1
27183,0.6327675439754257,1
20424,0.6327435384865758,1
8473,0.6324475933509472,1
99178,0.632234227715195,1
16641,0.6322137146387241,1
373,0.6321617814582225,1
45967,0.6320600591609878,1
31767,0.6320076473559265,1
93575,0.6319917477605753,1
6128,0.6319369388618834,1
62227,0.6319205022343974,1
13194,0.6318003179519296,1
21610,0.6317519602180178,1
1025,0.6317399596268387,1
37553,0.6317316026350865,1
71576,0.6315632042101939,1
36680,0.6313027537307994,1
55783,0.6312501325898223,1
59022,0.6311976126952156,1
5775,0.631180511951439,1
74805,0.6310788289312157,1
48793,0.6310700286964699,1
23845,0.6309150567175097,1
43745,0.6309121172521274,1
72498,0.6307851426658048,1
35557,0.6307138672861755,1
3744,0.630706370612185,1
40581,0.630684921017887,1
36762,0.6306836728289605,1
34505,0.6305581023616761,1
80046,0.6305277887101732,1
34264,0.6304218045435963,1
10926,0.6303101424812885,1
45977,0.6302605201872374,1
60049,0.6302193539569816,1
4940,0.6301461508053066,1
12560,0.6301165051858539,1
34733,0.6301108611177199,1
15396,0.6301055808329025,1
41949,0.6300710523319248,1
27930,0.6300672473913895,1
15290,0.6300664580128069,1
25136,0.6300017264709151,1
51242,0.6299428510982161,1
84593,0.6299295566854479,1
12403,0.629887469161348,1
35290,0.6298851812622811,1
17246,0.629883550483457,1
56933,0.6298773671110136,1
46466,0.6298189793426715,1
2681,0.6297236153686704,1
285,0.6293669601033863,1
30183,0.6293535207973059,1
66367,0.6293371575061323,1
4711,0.629280050328754,1
1059,0.6292661206474048,1
49045,0.6292103146851509,1
27874,0.6291860096190871,1
34502,0.6290688535335105,1
10964,0.6290386369180514,1
56711,0.628905461214542,1
17329,0.6288468913417773,1
13041,0.6288418451845726,1
15477,0.6287042078729564,1
81425,0.6285803089170326,1
47275,0.6285163897313226,1
19354,0.6284797353065944,1
12701,0.6284104869299636,1
901,0.6283483138215281,1
81424,0.6282020966597563,1
94028,0.628112462209453,1
29022,0.6280709176737099,1
48397,0.6279240115933213,1
27560,0.6278632983744161,1
29353,0.6277543664775599,1
73076,0.6276451463583146,1
91387,0.6275580063963239,1
36391,0.6275423283924401,1
20350,0.6275390697697317,1
31090,0.6275077609517922,1
73051,0.6275025007653373,1
19910,0.6273641427220664,1
22025,0.6273477009427071,1
60569,0.6273414959445097,1
36537,0.627296072579936,1
10216,0.6271983349569299,1
77887,0.6271721502778363,1
55508,0.6270517366275955,1
34155,0.6270160784220586,1
26959,0.6269727330451269,1
29682,0.6269024409611821,1
11034,0.6268436476644105,1
74551,0.6268349584734434,1
58800,0.6268146007846156,1
12020,0.6267903954702877,1
84897,0.6267231958781551,1
52194,0.6266694830590781,1
77311,0.6266519847563944,1
24627,0.6264978434244636,1
22432,0.6264952606601092,1
30768,0.6264863694706194,1
19511,0.6264458463949018,1
26136,0.6264326115130305,1
3912,0.6263601833944393,1
17881,0.6263355897354649,1
59546,0.6263300630668466,1
71048,0.6263060859539751,1
85569,0.6262967000421744,1
20365,0.6262841265647373,1
27967,0.6261124939541294,1
94520,0.6260963454995906,1
17930,0.6259627439810411,1
32310,0.6259500184089674,1
30332,0.6259208395187702,1
2642,0.6259162498046482,1
4065,0.6258567382792166,1
41148,0.6258459483246462,1
15479,0.6256635196482466,1
56700,0.6256127411228011,1
38546,0.6255854323892426,1
5103,0.6255493321329681,1
26233,0.6253995256637861,1
56363,0.6253919871830147,1
51874,0.6253842623666951,1
39295,0.6253040296844078,1
13320,0.6252703718666855,1
16739,0.6252592103883127,1
28958,0.6252337309025411,1
22900,0.6251897752303462,1
4016,0.6250607497531039,1
1319,0.624867141488291,1
63244,0.6248044484849328,1
27825,0.6247406013264787,1
5589,0.6247088262225082,1
13528,0.6246999373920195,1
27252,0.6246962146514616,1
30268,0.6246810922329393,1
27201,0.6246525726028344,1
10402,0.624546730936145,1
33151,0.6245070699474145,1
56017,0.6244873657311472,1
6501,0.6244091020053061,1
29120,0.6242800066278068,1
38876,0.624275909306639,1
51579,0.6242489932352311,1
73162,0.6241863182092685,1
55541,0.6240450573275196,1
2220,0.6239591344313066,1
73232,0.6239007960838417,1
7225,0.6236915278971551,1
38088,0.6236040983000525,1
4726,0.6235911195124624,1
57268,0.623560327122851,1
41550,0.6235506924064371,1
1184,0.6235299911665007,1
36910,0.6235264996948919,1
58935,0.6234286570913514,1
18870,0.6233384042550817,1
23158,0.6232071947487686,1
5068,0.623141899683158,1
39433,0.6230481419432368,1
33770,0.6230216702287851,1
413,0.6229542511093831,1
31755,0.6229218933536,1
41718,0.6229173022037839,1
1297,0.6227753251774137,1
77013,0.622674119143393,1
768,0.6224755387316502,1
45434,0.6224614745889521,1
37002,0.6224477645301034,1
39795,0.6224144415699651,1
35550,0.6224115800411509,1
60736,0.6223871419884183,1
33771,0.6222752166318771,1
47880,0.622259193931199,1
57791,0.6222449804784626,1
9590,0.6222325792292501,1
42608,0.6220927538787722,1
17332,0.6220782054558042,1
37675,0.6220404848284603,1
20773,0.6220152499106942,1
37834,0.6219249674114584,1
41568,0.6218598293640122,1
14217,0.6218021311400028,1
46655,0.6217208845334637,1
22879,0.621556973341084,1
1144,0.6214131216085683,1
16069,0.6214000575116796,1
520,0.6213563113721954,1
23884,0.6211957520444594,1
12340,0.6211263093734966,1
43387,0.621086679207089,1
26030,0.6208790639276462,1
20078,0.6208173314939862,1
30848,0.6207501583387678,1
10924,0.6206793438832559,1
40903,0.620652153092394,1
11748,0.6206066727256152,1
34148,0.6204329906241434,1
21758,0.6203865559465941,1
54718,0.6203755905055163,1
79146,0.620266775705588,1
4658,0.6201676591554461,1
53684,0.6201435664853665,1
43066,0.6198951103701169,1
26403,0.6198671187259696,1
14635,0.6198081560762326,1
46581,0.619778336183742,1
19782,0.6197639065800292,1
17808,0.6195320303100958,1
16849,0.6195143319406573,1
62652,0.6194674590501008,1
86759,0.6193317620353417,1
9383,0.6192644117176463,1
32776,0.6192406631464907,1
16639,0.6191571523797609,1
92857,0.6191341894234668,1
36754,0.6191039741917996,1
11148,0.619037277838437,1
13685,0.6190274659052082,1
31961,0.6190093677449582,1
79197,0.6189578230502941,1
25098,0.6188295752801423,1
51569,0.6188224961704842,1
21250,0.6188084964104397,1
20459,0.6187850067587329,1
1427,0.6187567437035143,1
27060,0.6187000640739228,1
60969,0.6186059401023911,1
57380,0.618559361166168,1
24896,0.6184741072965027,1
28143,0.6184029090764285,1
29524,0.6183722834509606,1
46379,0.6182716383666245,1
11252,0.6182192811623074,1
6130,0.6181736160279138,1
11749,0.6181124940700117,1
5749,0.6181038624116558,1
47998,0.6181000641769662,1
4597,0.6180529227085861,1
8439,0.6180200406223173,1
64219,0.6179944219407484,1
66854,0.6178952766013436,1
20388,0.6178930819523322,1
70467,0.6178122478976941,1
4917,0.6178122259807644,1
2383,0.6177929851571086,1
44230,0.617754891802152,1
75354,0.6177485253406758,1
3893,0.6177316026465692,1
64859,0.6177147732586485,1
35656,0.6176737461411101,1
3806,0.6176720573062746,1
9597,0.6176687502443389,1
55124,0.6176312551773888,1
19449,0.6176241670477933,1
30130,0.6176214445266635,1
45992,0.6175969371290542,1
33939,0.6175852026835509,1
18918,0.6174804904672805,1
39778,0.6174111121013546,1
44636,0.6173944163182784,1
50994,0.6172697890122346,1
70338,0.6172689477183689,1
30267,0.6172228031146425,1
19920,0.6171613243215957,1
65526,0.6171066195711715,1
5041,0.6168863160900872,1
62095,0.616798968420042,1
16736,0.6166467492800675,1
11181,0.6165756046636498,1
87275,0.6164867500603511,1
13073,0.6164535382125372,1
9785,0.6163171037525199,1
15425,0.616225275750305,1
2565,0.6161784515442906,1
1840,0.6161620552952798,1
97822,0.6161428801984477,1
48445,0.6160894706298192,1
70461,0.6160891844910177,1
27543,0.6160884179327929,1
68830,0.616087045241035,1
7403,0.6160574180831783,1
75102,0.6160298580085121,1
53058,0.6160090050703756,1
51769,0.6159767246590517,1
64909,0.6157773838871959,1
47554,0.6156974467737415,1
34202,0.6156690224490158,1
62754,0.6156601320908679,1
73457,0.6156128917669572,1
64371,0.6155539487805272,1
48811,0.6155451250116659,1
52281,0.6155326254221408,1
8856,0.6155199976836997,1
28194,0.6154720915473322,1
16534,0.6154334199149865,1
25181,0.6153073203522842,1
20458,0.6152309030843882,1
17443,0.6151869584277252,1
41007,0.6151586017610801,1
21287,0.6150831031035496,1
31201,0.6150260703163672,1
73814,0.6149332132853218,1
24648,0.6148758533256895,1
94235,0.6148682958691175,1
40781,0.6147466312295462,1
72194,0.6147388470213645,1
42744,0.6146202540642253,1
12307,0.6145959133741349,1
38075,0.6145892637133386,1
30644,0.6143253932867604,1
34333,0.6142629947480391,1
24529,0.6142301029344104,1
59600,0.6142131300087731,1
10833,0.6141996648230905,1
4243,0.6141505118309466,1
82895,0.6140966756435527,1
9808,0.6140055533129452,1
18666,0.6139497452887164,1
17768,0.6139221020333777,1
30777,0.6138775305280162,1
46676,0.6138549040369164,1
59442,0.6138270605148025,1
45545,0.6137924340283911,1
10034,0.6137876778414022,1
56817,0.613682455580275,1
23005,0.6136811342691041,1
11097,0.6136715569449019,1
17809,0.6136162360156243,1
22403,0.6135409084634748,1
25394,0.6134413767411778,1
89786,0.6134061325997333,1
3128,0.6133689617078184,1
2233,0.61322516385559,1
11739,0.6131735430884497,1
1640,0.6131448687636738,1
86912,0.6131285885021573,1
1488,0.612941672918111,1
8663,0.6129207898033593,1
53395,0.6128973146883447,1
86172,0.6128851248350695,1
48882,0.612860761666228,1
46901,0.6128486845589673,1
38511,0.6127896117600935,1
82459,0.612784569941286,1
7410,0.6127510913451075,1
57411,0.6127107992112012,1
30616,0.6126677627058245,1
1342,0.6126624649014291,1
94425,0.6126567782555106,1
43248,0.6126125980059695,1
269,0.61259471896859,1
34717,0.612460943854604,1
66824,0.6123937259373601,1
23889,0.6123801057062556,1
56021,0.6123712824024311,1
86883,0.612338623501051,1
28932,0.6123172551052531,1
25986,0.6122900682569259,1
8072,0.6122681240233327,1
14306,0.6121997410269241,1
25369,0.6121571678907762,1
25414,0.6120001827372133,1
37,0.6119064678601853,1
16988,0.6118352035001472,1
38705,0.6118034851971489,1
7497,0.6117543442897764,1
84384,0.6116016838410652,1
43235,0.6115301219619753,1
79408,0.6113980815874959,1
25718,0.6113762024170826,1
6652,0.6113552474480303,1
25950,0.6113511941185138,1
30945,0.6112936081455087,1
91956,0.6112910090644378,1
46476,0.6112672910002181,1
7334,0.6112326869304365,1
11482,0.6111564801907803,1
23319,0.611135095327215,1
68791,0.6110753214763665,1
69102,0.6110615799463459,1
47436,0.6110591326215975,1
17497,0.611048079072974,1
9876,0.6110170235560779,1
37537,0.6110040056726074,1
76078,0.6109696531507987,1
89174,0.6108969099576373,1
49342,0.6108206882741373,1
11470,0.6108135781229924,1
4604,0.6108097715553567,1
10215,0.6107879230893695,1
21835,0.6106842801656132,1
62470,0.6105895511263786,1
40564,0.6105871091280533,1
8607,0.6105140633529399,1
20457,0.6104896883607165,1
62473,0.6104169381161988,1
45632,0.6103989857843373,1
36655,0.610298095748599,1
55874,0.6102939030006719,1
78007,0.6102766902963197,1
87902,0.6102130281383074,1
93946,0.6101690043240019,1
59324,0.6101306633376624,1
22874,0.6100422521723096,1
2889,0.6100264655925202,1
58426,0.6100169466299926,1
67979,0.6100021933468702,1
17265,0.6099937923978319,1
71935,0.6099241941807748,1
7254,0.6099173019956703,1
42427,0.6098751327685572,1
3312,0.6097767480357777,1
72240,0.6097467369591638,1
42332,0.6096080109002527,1
1653,0.6095021242868042,1
2140,0.6094983644020548,1
2761,0.6094783504755792,1
3375,0.6093592699953644,1
28215,0.6092942735479924,1
37569,0.609219121700329,1
30262,0.6091527211126211,1
18376,0.6091526928302229,1
24174,0.6091315461615389,1
44938,0.6089665648782513,1
20452,0.6089628400508268,1
52728,0.6088179829760914,1
44089,0.608770389624469,1
13544,0.6086769008099107,1
5807,0.6086264715480223,1
25656,0.6085285145652899,1
91530,0.6085075612363285,1
4550,0.6084747623167289,1
50682,0.6082753224042584,1
16227,0.6082620415655975,1
13760,0.6082021179500631,1
71422,0.6081246493183631,1
40973,0.6081120956683758,1
82164,0.6080735650202468,1
58557,0.6080719026236101,1
24989,0.6078339272777445,1
55627,0.6077949735760844,1
79445,0.6077207631636224,1
66794,0.6076427957062138,1
77131,0.6076139173043985,1
6367,0.6076037190012473,1
56163,0.6075600916292181,1
8007,0.6074254379940007,1
18244,0.6074233029313069,1
9227,0.6073858974971501,1
6205,0.6073804723250138,1
11536,0.6073735847383227,1
89077,0.607201469851302,1
76990,0.6071578294656352,1
85978,0.6071305640174998,1
74998,0.6069756996626718,1
88226,0.6068943134022056,1
4706,0.6066718466393431,1
5042,0.6066637601195585,1
80320,0.6066622620905969,1
38128,0.6066586239100507,1
17115,0.6065431185466629,1
15506,0.6063362760321737,1
23749,0.6063356337576753,1
80290,0.6061418031818798,1
9982,0.6060827145769555,1
26197,0.6059810263325758,1
97270,0.60596779673248,1
78468,0.6059457392643263,1
56679,0.6057682480224909,1
54795,0.605766408213672,1
68933,0.6057599618288699,1
10678,0.6057528238015596,1
16242,0.6057060481602767,1
45437,0.6056377800009846,1
2402,0.6056278389655065,1
50562,0.6055784966001674,1
95005,0.6055255983412086,1
22147,0.6055058589347152,1
23846,0.6054905051946373,1
6671,0.6054717090347821,1
66330,0.6053912291155549,1
63498,0.6053099571350351,1
24170,0.6053088459773548,1
86693,0.6052389055863594,1
1532,0.605229961367324,1
2444,0.6052054512152549,1
31501,0.604986176043803,1
79122,0.6049298156009122,1
77716,0.604924980291553,1
74278,0.6048803207191633,1
24508,0.6048727354746368,1
16394,0.6048116419980392,1
35766,0.6048045964735024,1
11231,0.6047941348381656,1
53078,0.6047828746762315,1
41573,0.604762344872865,1
11149,0.604705625740582,1
11160,0.6046974236346729,1
42284,0.604649853659767,1
3845,0.6046301177931125,1
19175,0.6046202057010933,1
8142,0.6045692223823904,1
76958,0.6045006967178225,1
37097,0.6044102837876604,1
19219,0.6044050581848673,1
21970,0.6043767658201225,1
15667,0.6043692498822701,1
36131,0.6043321786362331,1
8517,0.6043278185848061,1
36540,0.6043044922578483,1
26427,0.60430026181261,1
30050,0.6042556647551468,1
18342,0.6042533057323243,1
11068,0.6042256440264278,1
46222,0.6042142651308344,1
996,0.6041550082298903,1
78565,0.6040518925296373,1
21772,0.6040489551774951,1
69942,0.6040224703846047,1
34971,0.6040056271962979,1
34740,0.6038511449114614,1
42614,0.6037654317538211,1
9417,0.603753486581051,1
1002,0.603598821872852,1
19429,0.6034004072556854,1
18898,0.6033702302220548,1
25500,0.6033363216520705,1
91113,0.6032907902611454,1
40140,0.6032415339494693,1
7462,0.603172059668414,1
76963,0.6031564253925651,1
80079,0.6031308125705616,1
424,0.6031115006656953,1
11352,0.6030657182861158,1
54430,0.6030066781755955,1
72685,0.6029873207569518,1
10684,0.6029460795612147,1
45496,0.6028777975704533,1
23771,0.6027746488440037,1
25385,0.6027730972036731,1
58353,0.6027576519845331,1
55473,0.6026741317826463,1
53038,0.6026420321514292,1
61747,0.6026115505407998,1
67808,0.6025804798019193,1
69198,0.6025424135816586,1
8849,0.6024806058780215,1
35519,0.6024504227237003,1
47300,0.6024209350141929,1
19968,0.6023637786930414,1
86128,0.6022692062286435,1
17666,0.6022311542303792,1
57629,0.6022023240284128,1
53908,0.6022015307236148,1
8780,0.6020661121195194,1
77918,0.6020381184966659,1
19110,0.6019882814278015,1
26357,0.6019709972454879,1
83404,0.6019277058870194,1
34292,0.6019138620811558,1
57721,0.6017061696277778,1
29230,0.6016658884330738,1
22195,0.6016559665656062,1
33985,0.601638584408751,1
73217,0.6016209575878873,1
65859,0.6015838358638876,1
79844,0.6012434901312652,1
25856,0.6012309082970837,1
4077,0.6011856663599263,1
50704,0.6011552559887852,1
58069,0.6011330972437341,1
26050,0.6010470972383349,1
80226,0.600997924205138,1
54960,0.6009574652117243,1
66425,0.6009422229358204,1
15237,0.6009289083299757,1
54215,0.6009261254365481,1
8934,0.6008091297571855,1
28419,0.600695248520835,1
33808,0.6006467995087839,1
22434,0.6006426067956762,1
31679,0.6006327900988283,1
29028,0.6006050186363002,1
30725,0.6005024416364022,1
4089,0.6003151112606941,1
24663,0.6002918582690012,1
39759,0.6002433304566009,1
17582,0.6002319372997609,1
52995,0.6002125853425244,1
11018,0.6001468402501512,1
31539,0.600109604823606,1
25139,0.600046963486996,1
2426,0.6000295742014109,1
28254,0.600009024176925,1
33888,0.5998183061814779,1
77036,0.5998029298051547,1
38312,0.5997563684037371,1
536,0.5997191626036732,1
55100,0.5994961692643724,1
47414,0.599461778536551,1
33102,0.5993535327483857,1
56647,0.5992992226877709,1
49493,0.599235544880553,1
29024,0.5992271209193951,1
18886,0.5992164550173477,1
67065,0.5992022330749414,1
21920,0.5991582048388073,1
52216,0.5991534025502862,1
7993,0.5991445297232755,1
44762,0.5991398536472932,1
14436,0.5990737493349172,1
27129,0.5990588541456199,1
69881,0.5990512087444196,1
29796,0.5989556333061932,1
1257,0.5988611506949884,1
9072,0.5988378869540982,1
93916,0.5987523049219394,1
29106,0.5987368831740123,1
27357,0.5987224341053927,1
26159,0.5986002800403982,1
36090,0.5985964335082177,1
6152,0.5985574906445827,1
18007,0.5985306226670609,1
72884,0.5985137719975352,1
17765,0.5984680355858054,1
45710,0.5983798412856061,1
22558,0.5983704674459902,1
96503,0.5982855663960146,1
23200,0.5982569172343261,1
32672,0.5982285579172177,1
19750,0.5981989222950822,1
16298,0.5981933995593761,1
7672,0.5981254618686509,1
44356,0.5981093931337983,1
9020,0.5980663669443219,1
38689,0.5980183068488568,1
21118,0.5979891282134258,1
92535,0.5976885914207698,1
23234,0.5976795805144214,1
27571,0.5976740004542677,1
14133,0.5976413125110641,1
29285,0.5976352991249632,1
33157,0.5975630250252109,1
1809,0.5975226828675907,1
36297,0.5974991483968631,1
12141,0.597455586417201,1
24316,0.5974505052020648,1
24875,0.5974431389385201,1
33966,0.5974352144166922,1
26552,0.5972945409389785,1
40319,0.5972837445477501,1
9895,0.5972722201412408,1
41155,0.5970746839377372,1
76247,0.5970155369708755,1
83021,0.5970118477585097,1
61720,0.5969953712946161,1
67146,0.5969543740698016,1
17250,0.5969090677123612,1
94559,0.5969038313591385,1
49704,0.5968879595531843,1
13517,0.5967153209167673,1
96005,0.5966517428268466,1
60285,0.596599007357899,1
16365,0.596534635454183,1
24403,0.5965326029520672,1
27058,0.5964396214718338,1
62231,0.5964368439925528,1
58725,0.5963759835652276,1
36449,0.5963664517701808,1
29523,0.596358923941881,1
1764,0.5962793221363932,1
780,0.5962540797076473,1
53027,0.5962437519980814,1
16771,0.5962132121745484,1
84460,0.5962004471669619,1
8800,0.5961042222508253,1
18626,0.5960113273472029,1
89270,0.5958423276411482,1
7284,0.5957809884387688,1
29929,0.5955151475617874,1
35896,0.5953891044012666,1
4607,0.5953345418456243,1
52075,0.5952647051938232,1
15885,0.5952321069558264,1
13212,0.5951756466078688,1
37752,0.5951462756131337,1
48165,0.595140694878101,1
80661,0.5951101166360219,1
29,0.5950883025658718,1
50269,0.5950261707280975,1
74297,0.5950154206157721,1
17934,0.5948602636025431,1
10804,0.594813134270355,1
98163,0.5947510878237039,1
27951,0.5947169192643249,1
94352,0.594601288277649,1
20033,0.5945919917935713,1
51434,0.5945815645659706,1
68304,0.5945435156676483,1
28409,0.5944763851846294,1
60770,0.5944304462586065,1
27718,0.5943552931400616,1
19758,0.594290695637479,1
121,0.594219976416489,1
1560,0.594218746022652,1
13670,0.5941535934395786,1
4828,0.5941217376210266,1
18279,0.594087056931992,1
22377,0.594063773746149,1
1877,0.5940516020660406,1
21660,0.5940357799729701,1
10027,0.5940289382694878,1
33562,0.5939829243915756,1
62737,0.5939262906175805,1
4189,0.5939154811466744,1
12146,0.5939001608586328,1
94142,0.5938902558449856,1
53833,0.5937458034629307,1
47557,0.5937408993841726,1
882,0.5935793795768439,1
38818,0.5935734082910017,1
20989,0.5935639952214817,1
10272,0.5935335709379815,1
25949,0.5934986629752438,1
61148,0.5934366611977894,1
55240,0.5934215520231614,1
32433,0.5933684293246797,1
94388,0.593311893736772,1
30906,0.5932579199352183,1
23782,0.5932280451356593,1
10649,0.5931818000169694,1
8130,0.5931431794857112,1
94679,0.5931112340626504,1
48056,0.5930274044812648,1
4139,0.5929346441151846,1
7782,0.5928856793655736,1
32197,0.592875705714796,1
81272,0.5928395553025968,1
16247,0.5928166309517483,1
92200,0.592739209614364,1
28696,0.5927381282782208,1
18572,0.5926538043045276,1
11838,0.5926427096068108,1
51330,0.5924727378816447,1
8128,0.592450289240255,1
13898,0.5923400340067545,1
31174,0.5922345827829403,1
180,0.5922281009548221,1
37514,0.5922268071558556,1
33544,0.5922148166493246,1
16772,0.592151974611424,1
449,0.5921299348668501,1
3498,0.5920789975249379,1
26977,0.5920177061796932,1
1098,0.5919792569831981,1
2898,0.5918873409076445,1
40152,0.5918669883696539,1
78250,0.5917842082448519,1
7265,0.5917583544077186,1
41750,0.5917211041753812,1
3316,0.5916881792275812,1
12304,0.5916429336314446,1
32453,0.5916113087765471,1
39199,0.591591624093912,1
97805,0.5915352826092046,1
30188,0.5915132743220695,1
21458,0.591487443798631,1
82130,0.591472831033529,1
2468,0.5914425875068072,1
20711,0.5914286390658815,1
43594,0.5913004615930154,1
40528,0.591192722796776,1
6937,0.5911847185595097,1
78639,0.5911674270007401,1
58691,0.59108516446434,1
34071,0.5910702862041651,1
13672,0.5910590208720254,1
7929,0.5910507792721083,1
17739,0.5910474389900601,1
16379,0.5910277430234658,1
7018,0.5910013728880934,1
7039,0.5909770034103464,1
50013,0.590941665417978,1
63896,0.5908673031309305,1
62651,0.5908474852347696,1
84970,0.5908310497820598,1
17837,0.5907824858508668,1
44103,0.5907635188981302,1
45017,0.5906989616241516,1
54072,0.5906129020889924,1
50291,0.59056858147546,1
46586,0.5905348987229193,1
36342,0.5904958987022374,1
6906,0.5904572147612841,1
27,0.5904238469768627,1
6963,0.5903983537882127,1
19069,0.5903732903942576,1
74480,0.5902866325330761,1
56788,0.5902744826354629,1
44865,0.5902393702182519,1
65297,0.5901516518977207,1
7004,0.5900661760133441,1
38236,0.5898759079917393,1
46677,0.5898378516486539,1
80442,0.5897941832764299,1
82142,0.5897417822948349,1
28992,0.5897389818834942,1
54465,0.5897090328734722,1
70684,0.589668475090972,1
73782,0.5895682230896695,1
70032,0.5895214197605855,1
32147,0.5894310776850578,1
29684,0.5894018292842033,1
25116,0.5893372465666417,1
39990,0.589276057431729,1
23471,0.5891351027655327,1
39967,0.589052470345579,1
6911,0.589029613243549,1
20808,0.5889869802950183,1
50242,0.5889357779519847,1
5583,0.5889171277382872,1
68253,0.588853001913805,1
41494,0.5888316182352974,1
22486,0.5887852894596837,1
24955,0.5887688999722523,1
80795,0.5887636956737445,1
13854,0.5886353978534056,1
20392,0.5885360761320796,1
30614,0.5884400211499545,1
39945,0.5883446163843664,1
18696,0.5883340276637106,1
71484,0.5882769873063836,1
20440,0.5882398674798015,1
41015,0.588173269933607,1
64057,0.5881196673308576,1
94674,0.5880886790929952,1
12542,0.5880457341177536,1
4093,0.5880191931330648,1
22115,0.5880096900065147,1
37159,0.58797700042569,1
20121,0.5878783965208202,1
79007,0.5878659236771479,1
28140,0.5877880314261864,1
29256,0.5877133228424066,1
12506,0.5876143298465789,1
78545,0.5876113099962819,1
86616,0.5876027565210765,1
12313,0.5875923286845893,1
16725,0.5875259582065209,1
29110,0.5874985237293423,1
76087,0.587448115571876,1
15406,0.5874370841402624,1
7329,0.5873990846330664,1
17264,0.5873862938517718,1
6482,0.5873768451871293,1
34877,0.5873458446423,1
86368,0.5873452213359257,1
50296,0.5871532558546734,1
47176,0.5871420444004517,1
21248,0.5870450641091833,1
34218,0.5870314751454924,1
2973,0.5869975340379503,1
3690,0.5869709731954579,1
40053,0.5868678786010674,1
8632,0.5868632090347,1
86065,0.5868301286651887,1
49012,0.586810306758296,1
4303,0.5867658624016526,1
56204,0.5866760902973093,1
59247,0.5866706350252652,1
58542,0.5866600598314795,1
8096,0.5866578201167439,1
36766,0.5866255804102293,1
47621,0.5865560958710723,1
58067,0.58651230951851,1
13498,0.5864429998652185,1
11857,0.5863620182767009,1
89317,0.5863138076217941,1
13015,0.5862083387421512,1
11590,0.5862054383461768,1
41116,0.5861889469247116,1
12817,0.5861218438612373,1
10920,0.5861213705655363,1
9906,0.586005736526757,1
23247,0.5859973861869333,1
16727,0.5859636870427198,1
53223,0.5859266602727933,1
92576,0.5859200685840521,1
60904,0.5859147262175987,1
40166,0.5858782658090167,1
3444,0.5858291548485272,1
16140,0.585777202003091,1
17331,0.5857028126115977,1
6960,0.5856548688477546,1
46645,0.5855602826412304,1
57092,0.5854526097802744,1
7833,0.585450132961554,1
36272,0.5853657632762441,1
49780,0.5852996135372945,1
14448,0.5851812872999358,1
63503,0.5849935772220884,1
48465,0.5849709293264967,1
38950,0.5849207943472442,1
19858,0.5849112558393668,1
60277,0.5848823859267833,1
68864,0.584855790511847,1
13944,0.5848192926258521,1
66379,0.5848094905116794,1
36120,0.5848067640691609,1
47637,0.5847206783875583,1
90177,0.5846910644155989,1
21897,0.5846664008641359,1
25438,0.5846138074947419,1
94380,0.5845715757732222,1
66008,0.5845702645580105,1
11750,0.5844742867832969,1
19305,0.5844112226651665,1
17912,0.5843208784656901,1
39958,0.5843021007667119,1
35525,0.584241128815596,1
22395,0.5841926707445412,1
34163,0.5841684962129442,1
2371,0.5839764464611373,1
44536,0.583908574401201,1
34341,0.5838559430913588,1
42301,0.5837509173017335,1
96197,0.5837271025960107,1
38,0.5836698727507296,1
53434,0.5836384972016885,1
61041,0.5836041424779723,1
40144,0.5835951066072663,1
5670,0.5835730960689007,1
13623,0.5835603921229802,1
6123,0.5835514472256741,1
42832,0.5835119107524024,1
50416,0.5834387161606825,1
66545,0.5833290941190964,1
3741,0.583320819409162,1
48574,0.5833142786540317,1
22692,0.583307378076898,1
51299,0.583293906764917,1
87055,0.5832905673227196,1
56196,0.5831994818563839,1
1317,0.5831541791521979,1
10134,0.5831305279643929,1
15306,0.5831090656936486,1
68913,0.5831009384756753,1
41177,0.5830218543769731,1
36368,0.5829624942922145,1
69884,0.5828990078334758,1
10853,0.5828859068713208,1
50814,0.5828590018883515,1
87226,0.5828058098494657,1
78428,0.5827830886007254,1
64669,0.5826395532354542,1
11479,0.5826158037423573,1
43957,0.582597551920673,1
79643,0.582544894585212,1
17626,0.5825206486672916,1
3431,0.5824460243308399,1
18795,0.5824370493116808,1
2504,0.5824349055651561,1
38872,0.5823967671634124,1
45270,0.5823213309612427,1
64007,0.5823205680021644,1
31611,0.5822673075000161,1
70276,0.5820457102748278,1
29323,0.5819555870924429,1
5590,0.5819478621890499,1
30192,0.5817750686068757,1
66618,0.5816670387864652,1
74859,0.5815659992525145,1
21308,0.5815382653337093,1
52511,0.5815037921804509,1
90547,0.5813381733308814,1
35287,0.5813182132506776,1
61188,0.5812604806273116,1
57898,0.5812297440178004,1
3657,0.5811969676572057,1
36723,0.5810630901854089,1
20401,0.5810156257856967,1
1526,0.5810047572751568,1
88371,0.5809449790428601,1
11497,0.580938186629583,1
31891,0.5809329105294703,1
76301,0.580869579883271,1
59344,0.580833633021099,1
38727,0.5808281452398352,1
31443,0.5808005052235927,1
39961,0.5807631465805768,1
37349,0.5806727293565113,1
95601,0.5806273429699181,1
39039,0.5806068999288699,1
2887,0.5805911977272268,1
38064,0.5805889325019914,1
28890,0.5805418667384251,1
83403,0.5805387912190448,1
34675,0.5803493367960497,1
44319,0.5803127483892596,1
35394,0.5803089238751701,1
164,0.5803032051842315,1
2873,0.5802871360298082,1
24290,0.5802592222793801,1
36276,0.5802456164162023,1
32289,0.5801506959240805,1
1805,0.5800949168449371,1
2740,0.5800597239942284,1
15022,0.5800473872199902,1
22228,0.5798712413041835,1
15999,0.5798623523062484,1
8820,0.5798373621547933,1
7215,0.5798149102268111,1
8231,0.5797949646166506,1
15794,0.5797078152988355,1
4144,0.5795538398604587,1
28538,0.5795438611732209,1
57804,0.5795182547043811,1
51006,0.579420973417935,1
1725,0.5793601118901701,1
32095,0.5793194216785033,1
94011,0.5791884467365402,1
1645,0.579120959112171,1
12489,0.5791040509690131,1
34373,0.5790201446344021,1
72169,0.5789842355409859,1
87048,0.5788925754300754,1
56792,0.5788250379209047,1
37794,0.5788168408012706,1
67484,0.5787953025638184,1
9649,0.5787679958749166,1
35921,0.578704000640223,1
15872,0.5786917211436159,1
78298,0.5786683222156901,1
58601,0.5786655540164394,1
48208,0.5786403253419605,1
17031,0.5786016499465257,1
29694,0.5785379517024808,1
98747,0.5784661895814665,1
55407,0.578396642360587,1
16647,0.5782849502848115,1
20221,0.5782316554111865,1
43016,0.5782039861660238,1
26097,0.5781725454813035,1
73829,0.5780762958414546,1
7536,0.5780732218967569,1
20387,0.5779503488258525,1
16395,0.5779120148403771,1
67067,0.5778181334194714,1
92073,0.5777239169166173,1
59497,0.5777213456196973,1
15125,0.5777130199460632,1
55984,0.5777002928618222,1
44406,0.5776773009731925,1
39486,0.5776484170005759,1
13080,0.577641625323192,1
6756,0.5775830524433486,1
36638,0.57755982406674,1
17483,0.5774825361022894,1
91703,0.5774761492378978,1
20068,0.5774606701747688,1
31882,0.5774404425166532,1
3886,0.5774386537330897,1
83329,0.5774368049375666,1
7578,0.5774356938907497,1
63200,0.5773344769957394,1
27152,0.5772326609190005,1
28935,0.5772268238416881,1
55850,0.5771542300472468,1
80213,0.5771206006563085,1
32643,0.5771164066208404,1
19961,0.57697996233866,1
34001,0.5769762616001698,1
24362,0.5769624262397548,1
87663,0.5769185643605175,1
1083,0.5768417166198038,1
64481,0.5767945488032502,1
38144,0.5767832506425729,1
26916,0.5767796968531741,1
683,0.5767286904817712,1
6580,0.5767212997585964,1
23472,0.5767092355991952,1
97842,0.5766357128848517,1
11242,0.576512738886302,1
68089,0.5763889343194768,1
6378,0.5763490261370683,1
45839,0.5762910439806916,1
57200,0.5762002342880818,1
27727,0.5761885522110238,1
41189,0.5760810183629059,1
19860,0.5760681013859006,1
22473,0.5760415060483794,1
47628,0.5760391639027177,1
45439,0.5759835580225948,1
74994,0.5759571381563883,1
75450,0.575849482645742,1
5281,0.5755582848801322,1
35226,0.5755573574493875,1
72850,0.5755057853902255,1
98507,0.5754723597546364,1
31704,0.5754579703587112,1
20818,0.5753613993230136,1
28275,0.5752959629662662,1
37717,0.5752854596624061,1
4700,0.575237241101168,1
18253,0.5752033281224578,1
971,0.5751699202522134,1
16348,0.5749955436954168,1
14290,0.5749773163524814,1
27688,0.5749507628271526,1
15697,0.5749340353360568,1
14531,0.5748614199386314,1
21291,0.5748385908779616,1
40504,0.5747292692040317,1
7859,0.574680234665518,1
10817,0.5746504745185099,1
50332,0.5746050999937284,1
38203,0.574541845679831,1
41626,0.5745220240419792,1
70552,0.5744077302854149,1
45322,0.5743637864863471,1
26676,0.5742883594323529,1
6619,0.5742802294320232,1
21454,0.5742451288825063,1
9878,0.5742104241496963,1
4680,0.5742074882790514,1
53145,0.574189412700238,1
8050,0.5741758696450049,1
10898,0.574131786172621,1
45972,0.5741018172129265,1
35336,0.5740883971227402,1
11209,0.5740669652496571,1
75925,0.5740345437811692,1
7053,0.5739458821109308,1
31794,0.5738553116443246,1
29553,0.5738440457540078,1
71997,0.5738212155005648,1
21583,0.5738153349404177,1
31674,0.5738101582783934,1
26940,0.5737353053437202,1
3873,0.573658129779714,1
20048,0.573579382731289,1
23893,0.5735187591225261,1
7073,0.5734358966760988,1
31937,0.5734221586926034,1
811,0.5733783163377943,1
5991,0.5732975339490063,1
11408,0.573249939684854,1
81317,0.5732462527697482,1
3887,0.5732209171593157,1
6682,0.5731156776347546,1
8423,0.5731113804173921,1
44798,0.5731080804960584,1
4203,0.5730640274485337,1
37811,0.5730631298097133,1
25231,0.5729776194168577,1
43905,0.5729366706265688,1
1398,0.5729322906179881,1
28192,0.5729303184474372,1
6331,0.5728333950476935,1
98121,0.5727531427616025,1
9615,0.5727172616703244,1
38325,0.5726579020619722,1
19102,0.5726235800622848,1
17563,0.5726171523136797,1
87512,0.572615529001157,1
49950,0.5726143818060551,1
57352,0.5725894720216829,1
17592,0.572486826251353,1
15223,0.5724732424720202,1
62620,0.5724606490859772,1
17994,0.5723214094026255,1
7092,0.572306336932779,1
10177,0.5722017124486116,1
21113,0.5722010421928702,1
24019,0.5721799911314672,1
25410,0.5721508530010985,1
51537,0.5720726377300062,1
23270,0.5720670264418772,1
54871,0.5718514076605842,1
12479,0.5718486234119834,1
40134,0.5718313560620093,1
7756,0.5717843185934214,1
96831,0.571737839061895,1
80441,0.5716106165465759,1
17296,0.5715288451280275,1
3908,0.5715203635505098,1
13822,0.5714530771197921,1
16393,0.5714456342557885,1
22252,0.571425280902699,1
47397,0.5714252721856578,1
56147,0.5714037802022706,1
29632,0.5714035706919909,1
25213,0.5713843170382856,1
4555,0.571357567404168,1
21531,0.571262734147041,1
3952,0.5711319439020628,1
12388,0.5710294174755989,1
59264,0.5710117586817527,1
75932,0.5709974812427403,1
2919,0.5709755953057634,1
30621,0.5709188125714407,1
40371,0.5706845810902357,1
61530,0.5706449018135102,1
5334,0.5705858494042411,1
79191,0.5705548968980811,1
29875,0.570494820736279,1
7081,0.5704700998882175,1
69913,0.5702434245316294,1
41412,0.5702164782087941,1
4091,0.5701899862486576,1
34185,0.5701415117892551,1
6435,0.5700800497740589,1
25740,0.5700487433911584,1
37602,0.5700217955006806,1
31388,0.569944116820119,1
76988,0.5699375181423574,1
61713,0.5699366038149505,1
50480,0.569831991932688,1
31170,0.569765428371989,1
21786,0.5697467845729259,1
28182,0.5696529077318295,1
99033,0.5696526982134043,1
672,0.5696175515809304,1
35795,0.569593233323233,1
67532,0.5693394720358771,1
25435,0.5692473771284402,1
97986,0.5692406104443969,1
1150,0.5692107514803934,1
13923,0.5690858613384273,1
98792,0.5690668585258403,1
17072,0.568917593574284,1
12097,0.5688869818229401,1
56614,0.5688859624044798,1
21363,0.5688613225626064,1
143,0.5688525182026419,1
32823,0.5688415541820563,1
84692,0.5687872404164592,1
69205,0.5687637691938358,1
3864,0.5687457592590541,1
74604,0.5687235883916817,1
3822,0.5686202109303724,1
5612,0.5685607033933482,1
79505,0.5685219318133903,1
95079,0.5685121543520708,1
328,0.5685107131622392,1
62103,0.5684992512909741,1
81949,0.5684664878301185,1
3325,0.5684291068328202,1
25360,0.5683589580488897,1
90595,0.5683284216336919,1
14012,0.5683186982696801,1
11927,0.5682449393557278,1
41730,0.5682371885647004,1
60183,0.5682323561073777,1
3751,0.5682006226636233,1
52786,0.5680413416542118,1
77689,0.5680044735280608,1
12145,0.5679415910758385,1
30206,0.5679010940148171,1
5076,0.5678251249267924,1
6463,0.5677641701701024,1
36527,0.5677567330944506,1
1682,0.5675878825841032,1
76411,0.5675645991528169,1
23165,0.567486352968432,1
95175,0.5674547817311136,1
185,0.5673610617825344,1
66711,0.5672766915893814,1
33403,0.567275796745694,1
21064,0.5672124713717548,1
40654,0.5672100992500692,1
87638,0.5671682734627,1
94035,0.5671641666773259,1
50953,0.5671569206007192,1
6763,0.5671378200614673,1
30864,0.5670183386251992,1
32635,0.5670161898586473,1
22650,0.5670094223539882,1
17121,0.5670034270984136,1
14151,0.566974004953718,1
3290,0.5669341375008596,1
13324,0.5668981989192203,1
61327,0.5668872079428681,1
54440,0.5668169736256681,1
40222,0.5668067282725473,1
55810,0.5667529009475036,1
24195,0.56670835354847,1
51840,0.566690751568416,1
84903,0.5666426311588734,1
12235,0.5666242543510788,1
67946,0.5666079385005228,1
59914,0.5665327798639143,1
87936,0.5665238196519725,1
71691,0.5665199140774745,1
93610,0.5665107315898128,1
38675,0.5665046905430607,1
49395,0.5664386410244061,1
85260,0.5664240656647995,1
66400,0.5663496368949342,1
97429,0.5663144184955596,1
27282,0.5661728138896015,1
4619,0.5658836287635922,1
874,0.5658676761390685,1
97042,0.5658527363813026,1
23837,0.5658068538504737,1
62396,0.5658043130405551,1
83716,0.5657978977520666,1
57543,0.5657770440996885,1
74150,0.5657460966743915,1
60954,0.5657430354953987,1
39330,0.5656774708298538,1
62376,0.565652065187369,1
47303,0.5656167677510175,1
10459,0.565592009617658,1
3836,0.5655208370079775,1
62876,0.565483582121337,1
82437,0.5654478533626621,1
28701,0.5654391030591568,1
25487,0.5654386581341156,1
13904,0.5653202533593309,1
92592,0.5653086545521518,1
85406,0.56522124545609,1
55709,0.5652159525772711,1
21680,0.5651062291584308,1
52282,0.5650847128086438,1
26706,0.5649823547258089,1
57897,0.5649740501646291,1
70969,0.5649474204958119,1
28355,0.5649440986444014,1
34113,0.5648900517559182,1
28879,0.5648886213938542,1
56798,0.5648354314732071,1
92227,0.5647703091393814,1
50802,0.5646864508707178,1
42578,0.564666311789893,1
64139,0.5645691383288647,1
48216,0.5645029512837059,1
61786,0.5644845465270082,1
42492,0.5644069662397345,1
64184,0.5643940108270475,1
31901,0.5643738647181844,1
84612,0.5643363068944358,1
52644,0.564208602029483,1
95321,0.5641612871939056,1
30315,0.5641606140685292,1
9112,0.5641334934026824,1
43372,0.5641017133849312,1
48613,0.5640986515909178,1
60735,0.5640273787023053,1
15418,0.5639950820842012,1
75351,0.5639905242624539,1
47869,0.5639500528339348,1
81171,0.563943805228513,1
58011,0.563943252796312,1
45752,0.5639350380709933,1
89371,0.5639226818342359,1
311,0.5639083788107565,1
42854,0.5638850566276288,1
81403,0.5638709128127328,1
88055,0.5638702798730297,1
66329,0.5637800873266022,1
12563,0.5637598614053494,1
116,0.5636953794368983,1
4681,0.5636766864010431,1
37649,0.5636758367621567,1
48692,0.563649175024305,1
93211,0.563644434680887,1
56265,0.5636210270599906,1
30910,0.5635819210981834,1
24907,0.563572809600214,1
16422,0.5635596912897438,1
54084,0.5635111941540197,1
63364,0.563511094309673,1
17535,0.5634995128735795,1
82636,0.5634990045084938,1
86804,0.5634810273716281,1
6722,0.5634474986805316,1
11509,0.5634138959719072,1
23011,0.5633631357094124,1
3386,0.5633336998237872,1
5863,0.5633046606720117,1
1981,0.5632564605884764,1
59529,0.5632501829460914,1
49980,0.5632344364773162,1
58249,0.5630176354891162,1
67775,0.5629901030520817,1
21196,0.5629872617604468,1
5374,0.5629715727666564,1
43398,0.5629161701227714,1
33146,0.5629122720806223,1
3021,0.5628554331918518,1
61672,0.5628406205476396,1
51037,0.5628196404714458,1
37973,0.5627992855274683,1
30364,0.5627126389857352,1
28071,0.5627038034861032,1
12402,0.5626263205140893,1
26642,0.5626062693560193,1
81501,0.5625336070874845,1
56943,0.5625310244289703,1
8462,0.5624804615894065,1
6939,0.5623828101229942,1
65358,0.5623305760793935,1
55559,0.5623187693625935,1
20484,0.5623068823321635,1
97740,0.5622497565154619,1
1361,0.562191204436995,1
83779,0.5621858064140899,1
99012,0.5621572342480046,1
6908,0.5621512412088642,1
37468,0.5621290915774085,1
37072,0.5620873428040931,1
59960,0.5620439056728647,1
35357,0.5620396280886101,1
23502,0.5620133663997702,1
92878,0.5619304674655218,1
83464,0.5618429881738536,1
34238,0.5617787799097648,1
24299,0.5617777929053159,1
89628,0.5617772301854345,1
61436,0.5617627961036599,1
20460,0.5616860532738753,1
29652,0.5616834030473453,1
50169,0.5616217419327332,1
94593,0.561493521319151,1
18575,0.5613988668304046,1
30737,0.5613949947582082,1
71661,0.5613604012593814,1
26027,0.5613420470471383,1
17283,0.5613279969003757,1
26224,0.5613064536579173,1
13678,0.5613001850033078,1
23049,0.5612964607851006,1
79977,0.5612212434406484,1
27923,0.5612144011391235,1
88320,0.5611864894652845,1
56508,0.5611839191047835,1
27176,0.5611581858307232,1
24706,0.5611533880220685,1
5372,0.5611394656972075,1
3699,0.5610757271049823,1
7975,0.5610712996678643,1
42000,0.5610161067343468,1
13445,0.56086696710057,1
74951,0.5608188210153594,1
44192,0.5608174646808288,1
41163,0.5607997457599236,1
12357,0.5607768701829176,1
18132,0.5606773767817557,1
40832,0.5606755922291449,1
43952,0.5606174045398715,1
60132,0.5605425145883619,1
29725,0.5604714394664971,1
46298,0.5604538396558096,1
18415,0.560428683922833,1
24553,0.560403317969914,1
41929,0.5603528300442411,1
89888,0.5601960355059836,1
60413,0.5601385551027719,1
49636,0.5601331638481905,1
99122,0.5600590918106119,1
79948,0.5599470207613083,1
49218,0.5599396335745563,1
41642,0.5597145303463993,1
89417,0.55964182328399,1
45753,0.5596036451148312,1
59404,0.5595754579521568,1
18275,0.5595654134427333,1
49837,0.5595451265893019,1
18725,0.5595381813156741,1
94491,0.559532904811023,1
66827,0.5595201829405501,1
32244,0.559483645628505,1
39149,0.559448445832211,1
10246,0.5594313676542301,1
72585,0.5593637165662684,1
51192,0.559358398948452,1
67759,0.5593067596872543,1
56765,0.5592825676506344,1
52581,0.5592210593261785,1
78174,0.5592107619082077,1
51534,0.5591584388485809,1
12814,0.5590714938431448,1
60675,0.5590541443353874,1
10882,0.5590212208218454,1
17359,0.5588620142860863,1
56852,0.558811986392068,1
46550,0.5587534071671001,1
19386,0.5587207889036299,1
57630,0.5586975134615056,1
40386,0.5586140884450498,1
82649,0.55852912349894,1
3914,0.558526754868216,1
87869,0.5585247806003427,1
49036,0.5584998886875007,1
1523,0.5584510237277217,1
1637,0.5584301907609963,1
3159,0.5584184872153962,1
29539,0.5583722079733154,1
20652,0.558334860081706,1
17029,0.5583097657071625,1
21215,0.5583024943576447,1
35675,0.5582426518411658,1
54376,0.558227138267778,1
95196,0.5581933466545382,1
43202,0.5581874833589168,1
35560,0.5581664334526927,1
64412,0.5581637057235674,1
75705,0.5581585644380611,1
33875,0.5581427476228339,1
23393,0.5581082194707571,1
52023,0.5579821865806378,1
22636,0.5579190222197906,1
65280,0.5578985278265016,1
78484,0.5578753345010259,1
4712,0.5577764395587617,1
54416,0.5577315681553188,1
37965,0.557629888178949,1
79350,0.5575990906074464,1
10221,0.5575931669847739,1
67890,0.5575745239182028,1
42023,0.5574822149994383,1
77168,0.5574625335292548,1
16733,0.5574325310531076,1
65238,0.5574311611743297,1
27260,0.5574066451676876,1
17466,0.5573816197449237,1
77722,0.5573645306587828,1
55974,0.5573334718248285,1
36109,0.5572878684234244,1
16112,0.5572865495947017,1
41835,0.5572805409856062,1
1456,0.557259377262396,1
25058,0.5572435816961427,1
75036,0.5572127954303195,1
61215,0.5572103759945073,1
7992,0.5571604371159865,1
48149,0.55713967132445,1
2858,0.5570763289027449,1
39978,0.5570672366523785,1
27554,0.5570401447246829,1
78917,0.5570207524531363,1
13375,0.5570029941556174,1
15928,0.5569722606888047,1
58855,0.5569284744256867,1
22532,0.5569218291149896,1
60636,0.5569045165176162,1
29860,0.5568993186019555,1
32907,0.5568619150993802,1
14494,0.5567891331340205,1
7873,0.5567804464544404,1
77494,0.5567513726248507,1
99165,0.5567228402235714,1
22066,0.5566412875126556,1
75791,0.5565982954423849,1
36629,0.5565176293023849,1
99800,0.5564828841767961,1
96069,0.5564325607197363,1
28971,0.5563978375749968,1
11880,0.5563491479457241,1
73330,0.5563319997935529,1
8944,0.556312755393933,1
27793,0.5563039339576935,1
1338,0.556276839509039,1
33858,0.5561806424532509,1
16483,0.5561795667849384,1
6407,0.556173750795659,1
38468,0.556158259539169,1
29044,0.5561079311847844,1
79105,0.5560994866949558,1
14164,0.5560925100075607,1
8197,0.5560685123116385,1
85679,0.5560681598217638,1
97929,0.5560487748265833,1
1324,0.5560116118323098,1
47065,0.5559948553211365,1
22044,0.555964429573518,1
53020,0.5559572900865674,1
10730,0.555939934635099,1
1428,0.5559263491042057,1
9722,0.555900050913399,1
39030,0.5558586458573458,1
95972,0.5558390486251624,1
9296,0.555827822176298,1
37436,0.5556474386887245,1
45550,0.5555908845406906,1
8326,0.5555816317094893,1
14510,0.5555746149678049,1
41806,0.5555515483819163,1
10415,0.5555363474259958,1
20956,0.5554767621838023,1
21860,0.5553420346296978,1
15591,0.5553148822306765,1
67749,0.5552955502414649,1
12154,0.5552527120931156,1
88709,0.5552500456322866,1
31781,0.5552382723961202,1
25603,0.5552247978464553,1
33054,0.5552053789457145,1
15963,0.5551908832790802,1
24550,0.5551228382745558,1
64411,0.5550436830975336,1
20196,0.5550311575572536,1
15169,0.5548426334927536,1
12604,0.5548070168615664,1
11158,0.554753813445079,1
24450,0.5547000767387804,1
94198,0.554693812061989,1
6631,0.5546911057582892,1
5181,0.5546547359437355,1
56691,0.5545920306726824,1
79249,0.5545890825962102,1
63969,0.554581094072794,1
9761,0.5545764472079534,1
43364,0.5545637523349578,1
22435,0.5544379093499159,1
63488,0.5543670915580481,1
42146,0.5542878753618581,1
23086,0.5542373386930163,1
79167,0.5542150660073565,1
36796,0.5541997522804921,1
71603,0.5541859200594548,1
16559,0.5541408757284153,1
88292,0.5540841322299058,1
24303,0.5540779168594013,1
32566,0.5539387122034893,1
41083,0.5538426468045847,1
18142,0.5538292869311527,1
82635,0.5538254461400753,1
23438,0.5537893428222738,1
65062,0.5537784603844246,1
57646,0.5537263359245777,1
16873,0.5536884909904339,1
31533,0.5536881478058432,1
7326,0.5536149325898333,1
19034,0.5535614619419232,1
3634,0.5535576101804793,1
36805,0.5535566606497957,1
30674,0.5534707537009049,1
22098,0.5533715518056392,1
14713,0.5532323849169634,1
24621,0.553190618587748,1
50065,0.5531730733170699,1
71584,0.5531262549774184,1
28036,0.553076203662338,1
90350,0.5530360594989604,1
87157,0.5528902152095525,1
62551,0.5528420575530664,1
61696,0.552806240009204,1
53341,0.5526952692166973,1
4824,0.5526843147984508,1
22773,0.5526382944406216,1
86549,0.5524242630690802,1
34644,0.5523458213497668,1
9498,0.5523302410071934,1
39921,0.552300100706704,1
41095,0.5522953258064778,1
49718,0.5522633937899791,1
61332,0.552203426045719,1
55522,0.5521451223514577,1
13897,0.5521339185759105,1
13520,0.5520134370165475,1
2714,0.5520057521490759,1
65174,0.5519047668281292,1
40605,0.5518913969936166,1
13081,0.5518896265831212,1
71655,0.5518747768992404,1
31452,0.5518491910749582,1
47418,0.5517321531020067,1
27093,0.5517221152060633,1
39174,0.5516571861963696,1
5700,0.5516551675992808,1
18006,0.5516105167262674,1
20137,0.5515712534487036,1
33627,0.5515342341451137,1
20446,0.5514590750017389,1
82450,0.5513106978095365,1
24683,0.5512823194977893,1
66842,0.5511964346810834,1
47055,0.5511781803107226,1
26372,0.5510999641101542,1
48650,0.5510512187447083,1
9265,0.5509197676331258,1
18019,0.5508160839929996,1
71367,0.550789251976565,1
8984,0.5507222936815648,1
66284,0.5506433761603363,1
19365,0.5506101353339538,1
6493,0.5505736492984167,1
52318,0.5505621290179447,1
25514,0.5505606218891362,1
32501,0.5505294673594365,1
16013,0.5505173101645935,1
27939,0.5504849096502925,1
83735,0.5504670138718197,1
7411,0.5504581226863983,1
72072,0.550409000250932,1
23004,0.5502944617190567,1
52018,0.5502436665555327,1
9226,0.5502286688799449,1
25835,0.5501560867941253,1
28152,0.5501140344952063,1
14747,0.5501028793180017,1
18767,0.5500745647245945,1
17528,0.5500643809438118,1
35119,0.5500242149151322,1
6777,0.5499164366043611,1
74758,0.5498633846204937,1
25079,0.5497828160772975,1
5008,0.5497783407166384,1
28585,0.5497491820268873,1
22915,0.5497480443778736,1
28802,0.5497121440974131,1
28407,0.5496901699965323,1
67090,0.5496508460539687,1
17690,0.5496412100853717,1
31592,0.5496215774515295,1
23404,0.5496060316006363,1
74625,0.5494875430127831,1
59539,0.5494674581452961,1
68906,0.5494534841332145,1
78974,0.5493888457353455,1
14109,0.549360182703441,1
39050,0.5493497484647815,1
35524,0.5493309757446886,1
20469,0.549293652994847,1
22891,0.5492772339670464,1
63838,0.5492495720107357,1
19913,0.5491249792291283,1
32090,0.5491078096759866,1
61919,0.549055953930142,1
29807,0.5489957816411982,1
33647,0.5489930114895445,1
34810,0.5489444867147013,1
7110,0.5489143513178213,1
51378,0.548886539353578,1
26194,0.5488806329251087,1
16811,0.5488624483852943,1
6358,0.5488257904856341,1
69515,0.5488199756093384,1
57076,0.548819872459999,1
82157,0.5488176923627794,1
62491,0.5487809064383521,1
7348,0.5487488629843236,1
11937,0.5485594852415754,1
30990,0.5485094625755441,1
34511,0.5483971381927275,1
29372,0.5483456504661471,1
52951,0.5481814956171771,1
36380,0.5481591818853716,1
66729,0.5481546200968674,1
63956,0.5480793337089639,1
18770,0.5479994631039732,1
88933,0.5479851726418455,1
19032,0.547979837662953,1
14628,0.5476661443059332,1
35407,0.547558714867982,1
25363,0.5475073742473404,1
50974,0.5474966539782178,1
49762,0.5474758222921448,1
17670,0.5474383947206191,1
60217,0.547435572245266,1
27125,0.547424694572272,1
37721,0.5473785193514656,1
84975,0.5473598394873955,1
59739,0.5473557226548911,1
10515,0.5473391952464631,1
19585,0.5472988644961637,1
88764,0.5472411044312481,1
39404,0.5471833830398473,1
24530,0.5470960548985252,1
70960,0.5470953294346474,1
90040,0.5470032746765502,1
41931,0.5469771785899733,1
52377,0.5469350105075276,1
8771,0.5469256759256741,1
2082,0.5469156444828107,1
81468,0.5468609285347666,1
2231,0.5468537572656971,1
29298,0.5468512824943972,1
17726,0.5468498662554827,1
51597,0.5468267180354461,1
47417,0.5467982601526227,1
54365,0.5467778152536125,1
91879,0.5467424125915282,1
50912,0.5465366726595149,1
9459,0.5464530400952533,1
83407,0.5464327168170884,1
87747,0.5464293585581844,1
19506,0.5464150452589872,1
11746,0.5463752676253428,1
7583,0.54634414582724,1
71399,0.5463354316015652,1
16465,0.546301137071195,1
19534,0.5462770590398146,1
85526,0.5462632284241636,1
12392,0.5462562884974892,1
21142,0.5462364029349714,1
50452,0.5462341182558228,1
99190,0.5461696619474617,1
40097,0.5461496241439567,1
64364,0.546126938846941,1
45537,0.5460916233691302,1
31286,0.5460120442613335,1
92519,0.545994623611367,1
2507,0.5459254266253944,1
60836,0.5459089052740426,1
73455,0.5458910432630457,1
14513,0.5458284287436886,1
64405,0.5458155575608832,1
78920,0.5457892426038876,1
40289,0.5457884850356084,1
88645,0.5457561447348034,1
15489,0.5457236085258101,1
8574,0.5456915617835391,1
77717,0.5456526011261357,1
30108,0.5456239507117892,1
4614,0.5455725811695337,1
12518,0.5455724296114033,1
74076,0.545556579442348,1
43876,0.5455088066619149,1
95668,0.5454197009550403,1
93564,0.5453412584452699,1
50930,0.5453341419791546,1
917,0.5453300263785719,1
23650,0.5452875939934471,1
70433,0.5452786619305713,1
45660,0.5452257397171242,1
87176,0.5451753040512172,1
38494,0.5451224978924031,1
90113,0.544970959577571,1
37674,0.544931074931417,1
79578,0.5449301977632426,1
94004,0.5449221928563602,1
55084,0.5448768413160532,1
62341,0.5448165740717968,1
92693,0.5447713609842543,1
98728,0.5447070287140586,1
3327,0.544592167371644,1
13519,0.54458802943053,1
50829,0.54458637992783,1
35074,0.5445116347741131,1
8516,0.5445027563538921,1
46423,0.5444921238700434,1
4368,0.5444064602299621,1
12003,0.5443967809288004,1
17433,0.5443762731660379,1
90196,0.5443502166587063,1
27291,0.5442997482934355,1
21003,0.5442540765729796,1
54293,0.5442228777036934,1
26028,0.5440869643012903,1
57158,0.5440617273318891,1
15333,0.544057769648942,1
39044,0.5440512210907484,1
52742,0.5440246299653683,1
44015,0.5439635400737601,1
47304,0.5439610055464718,1
38059,0.5439349163393485,1
54278,0.5438854373168719,1
1496,0.5438433503075774,1
30766,0.5438363710215716,1
70332,0.5437386840232941,1
84201,0.5437357388918,1
16284,0.5436712985847454,1
11152,0.5436201179172185,1
61,0.5436030332880524,1
27374,0.5435890896558133,1
2726,0.5435299207136204,1
31003,0.5434442324281686,1
43898,0.5434240465279344,1
2475,0.5433394297929186,1
51918,0.5432924435211531,1
7549,0.543275104417897,1
74133,0.5432709378540292,1
45626,0.5432150502679338,1
26579,0.543174532392073,1
44897,0.5431567028182981,1
26733,0.5431074633806801,1
6256,0.5430726978475686,1
4566,0.543004771200787,1
14358,0.542988507889919,1
10825,0.5429852231958591,1
706,0.5429359156855972,1
41037,0.5429297613781305,1
46080,0.5429220147782828,1
58401,0.5428973805810802,1
29564,0.5428963484391742,1
79435,0.5428631735930549,1
89760,0.5428358960894488,1
27251,0.5428333069861124,1
99159,0.5428144795200719,1
28326,0.5427306390709243,1
66959,0.5427278912771946,1
32124,0.5427016237690695,1
29087,0.5426839589353988,1
34515,0.5426261489546137,1
22539,0.5426235523472699,1
15174,0.542621332223573,1
4838,0.5426136767350449,1
71963,0.542599146402169,1
29679,0.5425786415121097,1
36673,0.5425744490964709,1
38323,0.5425648403490971,1
69854,0.5423551460226451,1
42308,0.5422519076026548,1
78382,0.5422103800066171,1
43432,0.5421798074410866,1
42537,0.5421776016657002,1
7347,0.5421643171978089,1
6891,0.5421322845646686,1
19711,0.542003577418286,1
73855,0.5418290073070597,1
61111,0.5417265680135049,1
78905,0.5415807658764974,1
22817,0.5415103727911895,1
55152,0.5414088147720444,1
10460,0.5413838476887752,1
17351,0.5413835481488732,1
7515,0.5413821761397597,1
2621,0.541375476466361,1
10970,0.5412305427604136,1
27760,0.5411621938754334,1
2764,0.5411498914521644,1
53994,0.541097340171045,1
65585,0.5410040369255564,1
73924,0.5409973133903583,1
65665,0.5409851441053991,1
6696,0.540930023891813,1
56383,0.5408771555960484,1
32364,0.5408509917578265,1
17735,0.5408467858507998,1
90046,0.5408213939570244,1
9343,0.5407885033979554,1
50136,0.5407486227415884,1
91790,0.5406097241277266,1
90208,0.5405887254918553,1
26142,0.5405072867983531,1
22823,0.5404029762392396,1
43077,0.5403701853638617,1
17807,0.5403316791202509,1
38863,0.5403277378599328,1
16597,0.5402484510663039,1
22484,0.540199682848499,1
85233,0.5401757859727299,1
8724,0.5401736856893163,1
16330,0.5401628096045344,1
71842,0.5400778089501773,1
20787,0.5400149040111007,1
32319,0.5399846002810703,1
30851,0.5398929391619395,1
1583,0.5398554848425504,1
61395,0.5397739705164778,1
70905,0.5397517928735568,1
69543,0.5397156302827687,1
18260,0.5397038212206555,1
16420,0.5396931822645011,1
372,0.5396594334006183,1
22443,0.5396386774099997,1
650,0.5396348480421104,1
6719,0.5396323989508449,1
76768,0.5393595375178553,1
42863,0.5392121559331424,1
61880,0.5391349427325622,1
46478,0.5391080160404152,1
29004,0.5390646855486814,1
82357,0.5389764458038868,1
89212,0.5388740664690443,1
77312,0.5388656946310123,1
23422,0.5388329187336307,1
19549,0.5387883466043402,1
72793,0.5387316568277087,1
16869,0.5387186471320556,1
81285,0.5386659961268838,1
296,0.5385861666740412,1
43798,0.5385598495165325,1
55460,0.5384948459001987,1
27117,0.5384088299234014,1
15472,0.5384073825965301,1
62168,0.5383970010036591,1
38904,0.5383376772997697,1
43993,0.53832026893954,1
22800,0.5382848952725849,1
60099,0.5382272272746992,1
48264,0.538172458907189,1
11199,0.5381469192011448,1
55735,0.5381097234345333,1
84567,0.538102967846151,1
28444,0.5380452897857622,1
21126,0.5380015299458383,1
7083,0.5379717764170187,1
27486,0.537970312449191,1
92434,0.5379504466737067,1
54941,0.53793255093571,1
64972,0.5378643011189712,1
56552,0.5378459032312246,1
51289,0.5378248610976591,1
12968,0.5378058496993661,1
84317,0.5377878963501066,1
1558,0.5377606487200767,1
30825,0.5377410221537002,1
84986,0.5377179391319193,1
15967,0.5377170442966486,1
24949,0.5377097060357924,1
23116,0.5376114160683753,1
3521,0.537572097236069,1
74919,0.5375411335297564,1
72519,0.5375319034612546,1
15754,0.5375284078216133,1
71794,0.5374838086863052,1
23582,0.5373992184005179,1
73657,0.5373302088457829,1
57777,0.5372910145962551,1
4780,0.537284573416526,1
60232,0.5372377590115993,1
30033,0.5372166982442977,1
50551,0.5372070102593557,1
56779,0.5371840260903944,1
19621,0.5371833375075633,1
54509,0.5371723910596309,1
57920,0.5371564518044447,1
39142,0.5371538532140389,1
56022,0.5371307949997383,1
40207,0.5371035217917209,1
99823,0.5370816207635243,1
92949,0.537010826682079,1
3591,0.5370016806378957,1
14964,0.5369043404356154,1
7302,0.5368814231864538,1
69987,0.5368437501949527,1
11038,0.536838612384577,1
16803,0.5368321899682051,1
30385,0.5366241211699723,1
23808,0.5365922845135062,1
38022,0.5365462097474056,1
23851,0.5365335747269774,1
77367,0.5365079577525402,1
68787,0.5363398329346466,1
4527,0.5363397381375189,1
61637,0.5363337594359456,1
31322,0.5363070991837569,1
91371,0.536264699321785,1
22129,0.5362543831032092,1
6191,0.5361860200932183,1
14790,0.5361457182968314,1
47859,0.5361379023296643,1
2686,0.536027528241681,1
32509,0.5360037673664958,1
26527,0.5359894449883775,1
64124,0.5359822336120713,1
5994,0.5359435959224009,1
65906,0.5359061487203363,1
64156,0.5358804160066593,1
24214,0.535846911045352,1
11532,0.5357410454366448,1
48440,0.5357256206578259,1
61690,0.5356974191183854,1
88089,0.5356973759433322,1
7526,0.5356298723245241,1
53270,0.5356145001120208,1
56486,0.5356058866991256,1
82283,0.5355980306435378,1
20874,0.5355871259234922,1
52572,0.5355811671998327,1
1979,0.5355791800405562,1
47696,0.5355214178709978,1
47005,0.5355146284301254,1
12136,0.5355069585228275,1
29052,0.5355028929231623,1
16856,0.5355019120023823,1
74541,0.5354438481133496,1
42778,0.5354312004705103,1
11429,0.5354065631164884,1
14295,0.5353807128946529,1
58021,0.5353599048081649,1
52552,0.5353568666052851,1
2068,0.5353260600303001,1
6406,0.5353093572616494,1
23863,0.5352990012192372,1
90045,0.5352873036170496,1
8433,0.5352391295138497,1
88215,0.535221122040799,1
41068,0.5352081019433157,1
59652,0.5351508524332185,1
45046,0.5351491927348101,1
30281,0.5351100735134484,1
2418,0.5350283212357322,1
34261,0.5349726264611911,1
27739,0.5349722042329128,1
8962,0.5349652521361727,1
57203,0.5349567891049745,1
90492,0.5349449857878378,1
84096,0.5349395489607374,1
28866,0.5348437918588427,1
27190,0.5347727732007841,1
56676,0.534742387008518,1
74803,0.53473999587346,1
129,0.5347236800729741,1
23674,0.5346744315523365,1
75001,0.534581471481925,1
80979,0.534554737784016,1
47770,0.5345377089402976,1
90654,0.5345332520813167,1
91999,0.5345058255503455,1
73143,0.534443866873614,1
62303,0.5344437163599718,1
62134,0.5344354226577839,1
12864,0.5344301452156508,1
18010,0.534365801369462,1
73377,0.5343546561109472,1
51989,0.5342761278626641,1
59511,0.5342693876884443,1
65454,0.5342557893084472,1
32859,0.5342067257027454,1
16640,0.5341497535778008,1
54183,0.5340991850099893,1
7569,0.5340958318672425,1
96388,0.5340266980240507,1
6972,0.5339842614192565,1
59639,0.5339362802932978,1
30693,0.5339121048373345,1
12738,0.5338974256466528,1
91274,0.5338833412404876,1
31939,0.5337725352229794,1
577,0.5337550745014509,1
76598,0.5337458290728351,1
49250,0.5336867073839144,1
10747,0.5336832552676697,1
49826,0.5336395818245172,1
91898,0.5335764111829159,1
69628,0.5335701132865307,1
71290,0.5335538503058298,1
84140,0.5335366775678473,1
41383,0.5335007576111003,1
64236,0.5334545532783587,1
79561,0.5333937758887601,1
79048,0.5333867331776311,1
63355,0.5333820030579303,1
24334,0.5333527304046168,1
20386,0.5333210501943351,1
56108,0.5333008920337321,1
60315,0.5332910708446036,1
3094,0.5332745191046531,1
73984,0.5332710252423494,1
30257,0.5332268131215415,1
34497,0.533198555684173,1
19738,0.5331339327998453,1
37726,0.5331331976476237,1
82916,0.5329633540977383,1
31345,0.5329398693512956,1
83685,0.5328987308096599,1
5509,0.5328670701409984,1
25785,0.5328276967940488,1
24906,0.5328055833459453,1
13025,0.5328032807338324,1
50743,0.5327745054353362,1
68960,0.5327612518342618,1
97771,0.532686996825524,1
99775,0.5326407193182747,1
90867,0.5326318859394987,1
17888,0.5325939900126367,1
47794,0.5325813104153502,1
65021,0.5325787573906595,1
17363,0.5325659004715607,1
73731,0.5325229435823635,1
10940,0.5324259267108735,1
62369,0.5323850524268222,1
98877,0.5323788087961185,1
58153,0.5323064507019023,1
3770,0.5322736781732933,1
96499,0.532259078704345,1
15645,0.5321677001838514,1
49674,0.5321376082125027,1
85141,0.5321324875690744,1
92680,0.5320353301536502,1
15682,0.5320128424662557,1
31291,0.5319112446453824,1
49561,0.5318483084458216,1
20447,0.5318209362184363,1
45482,0.5317505056781577,1
44889,0.5317065011600992,1
23444,0.5316687889278676,1
50547,0.5315863622387783,1
29610,0.5315806198184704,1
55882,0.5315428179293953,1
2294,0.531494868506473,1
25203,0.5314322063048641,1
8166,0.531414213486646,1
16721,0.5314092216986354,1
12373,0.5314076714526996,1
59915,0.5313962438098394,1
64175,0.5313571879863129,1
25709,0.5313479126403914,1
6090,0.531318191016946,1
201,0.5313011707018078,1
71437,0.5312487117400371,1
33810,0.5312348898236613,1
462,0.5311976845365854,1
42210,0.5311866721906486,1
8912,0.5310922976438223,1
89535,0.5309493261650994,1
18247,0.5309429809993995,1
62840,0.5309424432826348,1
8036,0.5308796812122538,1
7273,0.5308667076876382,1
27585,0.5308636981203897,1
99649,0.5308604973016379,1
63823,0.5308179150685931,1
35351,0.5307882119625476,1
7682,0.5306695185860171,1
28824,0.5306650271152202,1
23548,0.5306014476777788,1
18699,0.530576726270367,1
3941,0.5305752817127166,1
63319,0.530534868568929,1
4756,0.5305291510204557,1
90368,0.5305250871535334,1
90408,0.5304824875410924,1
94050,0.5304787950815961,1
53527,0.530420012571394,1
1530,0.5303704391088055,1
93264,0.5303647177691028,1
8277,0.5303524174032411,1
89900,0.5303419282315986,1
63434,0.5303130772334392,1
35112,0.5302313835248804,1
67465,0.5301966170188057,1
2191,0.5301610066950672,1
16786,0.5301467528956567,1
50886,0.5301161908989319,1
17506,0.5300664696024809,1
48160,0.5299608029911396,1
43628,0.5299150209635417,1
3393,0.5299041056832665,1
54856,0.5298956505737659,1
19239,0.5298788962046627,1
57344,0.5298519214245773,1
5109,0.5298067507551051,1
18264,0.5298066088265349,1
71583,0.5297677661792177,1
64733,0.5297565075338296,1
9177,0.5297483604165881,1
72852,0.5296924365001789,1
14906,0.5296894694568348,1
88033,0.5296733673832563,1
31446,0.5295541558568523,1
22040,0.5295360126610212,1
44137,0.529505069786338,1
1961,0.5294928625801049,1
59176,0.5293931442875263,1
83317,0.5293846552216089,1
34595,0.5293752089812155,1
15508,0.52934671230313,1
37575,0.529300506417961,1
37119,0.5290542499493066,1
11171,0.5290493850678926,1
48742,0.5290171430102252,1
67683,0.5289824831886809,1
59096,0.5289247995988087,1
18807,0.5287921715693172,1
90066,0.5287458225192095,1
82092,0.5287204852221518,1
91666,0.5287071860905068,1
30866,0.5286798534977174,1
17145,0.5286721280334749,1
47509,0.5286550857878886,1
18983,0.5286032213742246,1
99204,0.5285896975202617,1
16040,0.5285705647969983,1
2111,0.5285572793339584,1
26865,0.5285353273277171,1
47002,0.5285043968794353,1
93004,0.5284510365861393,1
90576,0.5284068127942114,1
12529,0.5284020815870628,1
8838,0.5283851519984447,1
83140,0.5282762788413057,1
44497,0.5282057306839884,1
74202,0.5282036064913244,1
72112,0.5281951652915318,1
25834,0.5281623890857041,1
21230,0.5281578059181323,1
21715,0.5281490698540557,1
62915,0.5280953871889738,1
42325,0.5280503322881,1
51343,0.5280408680479428,1
11775,0.5280363087042579,1
99827,0.5278722427581226,1
65122,0.527841437754081,1
38483,0.5278362962687952,1
4324,0.5278202254574533,1
22011,0.5278058156027392,1
23962,0.527790974255699,1
79522,0.5277601128279064,1
99980,0.5277476294627576,1
60689,0.5276744657201758,1
41419,0.5276399068893612,1
37108,0.5276033390664615,1
44785,0.5275875885323672,1
14137,0.5275372897447542,1
74800,0.5275318315431028,1
9524,0.5274795403142257,1
84007,0.5274607821056222,1
12422,0.5273502466437022,1
63453,0.5272580703342887,1
44145,0.5272443220799821,1
14087,0.527241343371252,1
33442,0.5272311355403762,1
62735,0.5271905996188088,1
96583,0.527178587673506,1
89248,0.5271342597667662,1
21899,0.5270201338622186,1
42035,0.5270199357520194,1
23120,0.5270115549591026,1
91949,0.5270057207960503,1
38139,0.5269855908958028,1
15866,0.5269793935015914,1
49408,0.5269372281343385,1
8305,0.5268534434017639,1
34866,0.5268303139750076,1
51786,0.5268146249416608,1
47366,0.5268000328500964,1
45467,0.5267987039023609,1
29751,0.526776433460641,1
35854,0.5265883792130791,1
24569,0.5265665411298851,1
50216,0.5265125720254614,1
86202,0.5264812117996558,1
55257,0.5264711801288785,1
6471,0.5263472944014005,1
34031,0.5263401785954485,1
71032,0.5262781781038748,1
57498,0.5262441001037806,1
33432,0.5262398342243524,1
56429,0.5262341699555965,1
33840,0.526177995996032,1
69980,0.5261690353954511,1
48219,0.5261465369237147,1
98965,0.5261397406632207,1
24722,0.5260746714787481,1
10872,0.526052646253873,1
44620,0.5260310635969796,1
87279,0.5260304136279182,1
15611,0.5260129059238818,1
26608,0.5260029380185677,1
52067,0.5259515969166626,1
1806,0.5259398513552768,1
190,0.5259151403314861,1
29158,0.5258891546962687,1
37781,0.5258332510848713,1
90485,0.5258240199476538,1
97812,0.5258171051885585,1
21117,0.5258114314293326,1
4388,0.525792450941838,1
43539,0.52577932057986,1
28626,0.5257637320995049,1
93374,0.5256758761471287,1
44352,0.5256373933951288,1
18356,0.5256167705199432,1
53389,0.5256119892400585,1
13676,0.5256026515073684,1
3700,0.5255884500346233,1
14480,0.5255809911773888,1
22328,0.5255452979294687,1
87105,0.5254348347920642,1
10493,0.5253681261870253,1
87652,0.5253491228131765,1
1378,0.5253063750404287,1
3932,0.5253056698944314,1
24412,0.5252370172441511,1
21882,0.5252178950581232,1
3385,0.5251063774748301,1
79802,0.5250576888235298,1
41424,0.5250558459296499,1
81587,0.5250410557136296,1
86999,0.5250372363663209,1
71418,0.5250333852108716,1
15910,0.52500501070785,1
44133,0.5249592332563411,1
49572,0.524873743583134,1
55268,0.5248175032089982,1
31871,0.5247916119235917,1
21588,0.5247794454733814,1
69532,0.5247598570459754,1
78337,0.524750932949025,1
36024,0.524739688747739,1
23599,0.5247141031202724,1
44908,0.5247133394879855,1
60364,0.5246992494874773,1
9613,0.5245350650547499,1
60773,0.5244397820117493,1
58957,0.5243123860748369,1
68556,0.5242959702205918,1
60649,0.524224508342411,1
82183,0.5242072054342309,1
43742,0.5241308752123229,1
2155,0.5241238053965157,1
58883,0.5240680620195318,1
3140,0.5240493542460543,1
88298,0.5240259493636018,1
35242,0.5240112720424512,1
8452,0.5239874427880432,1
3034,0.5239686522987448,1
30059,0.5239114581900254,1
47623,0.5238707726756996,1
9399,0.5238069333946287,1
39229,0.523767700620453,1
4428,0.5237040179635538,1
52831,0.5236077745415034,1
24531,0.523542887726062,1
43317,0.5235306630889384,1
9350,0.5235222008930189,1
4259,0.5234998172347629,1
34577,0.5234712996608396,1
24127,0.5234027025244027,1
37836,0.5233946854815946,1
92069,0.5233933476627968,1
59,0.5233564824423532,1
22201,0.5233328608967397,1
14833,0.5232846815499558,1
20514,0.523245767084764,1
79150,0.5232163083975155,1
50634,0.5231827326373418,1
6422,0.5231730748340496,1
569,0.5231413794603417,1
16204,0.5231038778462495,1
53922,0.5231029852461816,1
57729,0.5230499428667869,1
62628,0.523031299955719,1
50349,0.5230035083299206,1
63581,0.5229480167525495,1
41290,0.5229180442312916,1
67266,0.5229060148938506,1
32417,0.522882225147085,1
29932,0.5228778631934144,1
52191,0.5228745285198081,1
8250,0.5228614868663353,1
62517,0.522851850659467,1
10641,0.5228422610502959,1
31253,0.522801891513661,1
11294,0.5226168181181073,1
71378,0.5226153168495041,1
54189,0.5226102017248568,1
13487,0.5225972367035185,1
28159,0.5225598166989884,1
53941,0.5224741146421986,1
18335,0.5224565629372903,1
60545,0.5224157385211475,1
8304,0.5223510756728902,1
44499,0.5223082829980853,1
78230,0.5222951944314248,1
17318,0.5222143100809441,1
67491,0.5221664919432497,1
3664,0.5221514289610355,1
48091,0.5221341123107868,1
56600,0.5220810492986971,1
91325,0.5220651272632267,1
18539,0.5219126858155976,1
51985,0.5218994839638161,1
91907,0.5218390871474069,1
34830,0.5218128102855427,1
28663,0.5217686620139058,1
36126,0.5217139938036244,1
74514,0.5217074364307595,1
6752,0.5216482876600781,1
27512,0.521583925560628,1
96359,0.5215736952526195,1
11109,0.5215725731771783,1
11201,0.5215630954894994,1
17407,0.5215374914519184,1
22582,0.5215254595083623,1
59655,0.5214780717372091,1
56723,0.5214348971322942,1
99731,0.521427477854164,1
35784,0.5214187341675734,1
43688,0.5213931846053599,1
45245,0.5213752849088219,1
23176,0.521354995792396,1
71159,0.5213370965100222,1
93390,0.5213361839754108,1
9146,0.5212786610315985,1
35408,0.5212513249993622,1
15305,0.5212208612123885,1
62299,0.5212173110984266,1
89370,0.5211505584836534,1
25641,0.5210886020004558,1
15026,0.5210546906974628,1
41330,0.5210431098053153,1
80158,0.5210067482479821,1
61681,0.5210060138184395,1
70003,0.5209920473572879,1
96811,0.5208742534715555,1
31857,0.5208740542244138,1
167,0.5208267434931027,1
29993,0.5208159380695355,1
56632,0.5206474511325128,1
41727,0.5206162674834605,1
26338,0.5205251868473859,1
40082,0.5205058975475991,1
10089,0.5204946131556353,1
97043,0.520402836702522,1
57933,0.5203588667732703,1
50099,0.5203503621950762,1
76631,0.5203448922014234,1
44170,0.5203223201867546,1
87622,0.520307696251911,1
43940,0.520220332875205,1
92217,0.5202139242311765,1
69788,0.5201812229978368,1
31793,0.5201540946638186,1
46045,0.5201395595380629,1
10471,0.5201237227135261,1
95263,0.52012094889517,1
79718,0.5201128849052812,1
38120,0.5200974945751907,1
31217,0.5200804360112703,1
99928,0.5200377506770105,1
45370,0.5200238558108542,1
17300,0.5200125161494474,1
27746,0.5199971035553951,1
38214,0.5199875005613644,1
43142,0.5199867950615485,1
36747,0.5199785421450841,1
4162,0.519973319386193,1
29186,0.5199503939281526,1
49389,0.5199417278193189,1
23729,0.5198783699620647,1
6008,0.5198663315869508,1
79050,0.5198117279938069,1
21614,0.5198101100061536,1
46336,0.5196893748888233,1
42886,0.5196818169704701,1
29237,0.5196599026972415,1
5012,0.5196447132069748,1
2670,0.5195864135153524,1
10945,0.5194538476704571,1
19054,0.5194369030789248,1
77938,0.5193675672055458,1
69389,0.5193500171523928,1
29985,0.5193269113784006,1
68407,0.5193146263759345,1
14573,0.5192889125885495,1
6069,0.5192714684602371,1
58205,0.5192555491073447,1
76425,0.5192417606238018,1
4083,0.5192376704919011,1
8929,0.5191676959235041,1
24685,0.5190920552827702,1
52712,0.5190662783946699,1
36083,0.5189734392869714,1
63598,0.5188996856356738,1
91378,0.5188819371635575,1
81220,0.5188710935317332,1
61508,0.5188486007688203,1
63213,0.5187517114964287,1
14123,0.5186777771351003,1
6964,0.5186717149262495,1
63464,0.5186270407491783,1
76048,0.5185667068533039,1
19616,0.5185609412443579,1
1096,0.5184893693029393,1
7198,0.5184200597496985,1
35347,0.5184057418187402,1
98662,0.5183827706288612,1
32880,0.5183341693407855,1
37449,0.518317712523547,1
20138,0.5182716705998718,1
79270,0.5181936728438647,1
53242,0.5181924024652826,1
81122,0.5181643930898672,1
3309,0.5181000252198871,1
1399,0.5180833800093594,1
70514,0.5180317163584582,1
49445,0.5180098307014098,1
20796,0.5179874545610482,1
20949,0.5179843690661032,1
33894,0.5178807403591695,1
45083,0.5178431450047667,1
84444,0.517815703806108,1
34294,0.5177707802579342,1
73935,0.5177567130656372,1
53337,0.5177533745533647,1
51538,0.5176867201485381,1
12345,0.5176671944178798,1
17877,0.5176528575308801,1
14122,0.5175095806264197,1
43395,0.5174605665112461,1
11321,0.5174595761201695,1
739,0.5174191957937501,1
62388,0.5174022833007792,1
79949,0.5173504274826737,1
60327,0.5173223676221522,1
79728,0.517312144140786,1
7052,0.5172901777356481,1
36907,0.5171595840724337,1
1486,0.5171205630135252,1
34591,0.5170770428210368,1
38547,0.5170743588397918,1
39152,0.5170498647538385,1
77274,0.5170176328058774,1
21323,0.5170007229646375,1
11389,0.5169977154544528,1
14006,0.5169729152703675,1
11785,0.5168828131914183,1
25424,0.5168579460938612,1
29631,0.5168078043190543,1
88236,0.5167803493661225,1
29031,0.5166517842802903,1
10477,0.5166412765963112,1
70294,0.516595996485909,1
10646,0.5165792514171829,1
82797,0.5165753744181062,1
58237,0.5165348658457989,1
10697,0.5164960558265539,1
48649,0.5163982406392102,1
30487,0.5163742747419237,1
95843,0.516366014688321,1
54655,0.5163242866831357,1
6188,0.51631746888286,1
42733,0.5163107879888921,1
75225,0.5163040628794312,1
22446,0.5162558556020485,1
83683,0.516230982719811,1
509,0.5162028398238927,1
88963,0.5162003448545327,1
13914,0.5161197880389155,1
68414,0.5161187159353324,1
39901,0.516111556972812,1
67787,0.516064685264556,1
20211,0.5159991435043704,1
87778,0.5159982654785069,1
90964,0.515994048512595,1
67190,0.5159644723637888,1
39393,0.5159638760475336,1
16636,0.5158589055025508,1
63206,0.5158259531425377,1
1411,0.5158053500469617,1
48515,0.5157925844120114,1
8440,0.5157874566955,1
78063,0.5157785301326949,1
10952,0.5157729673945026,1
69302,0.5157678368478852,1
32884,0.5157389386711877,1
3632,0.5157361080756372,1
99038,0.5156068242366559,1
74636,0.5155827799544996,1
92571,0.5155576800006758,1
5811,0.5155147079147594,1
18448,0.5154401324985304,1
39903,0.5153918289252817,1
8235,0.515391142668454,1
24806,0.5153547827751598,1
1156,0.515334360435853,1
91145,0.5153022850932379,1
31149,0.5152710244145243,1
52038,0.5152100746557746,1
83041,0.5152023330916076,1
71234,0.5151792123293999,1
60907,0.515142915078254,1
85733,0.5151174329760524,1
88591,0.5150980638199867,1
42622,0.5150924371800069,1
17313,0.5150875648242345,1
82405,0.5150704340895541,1
72013,0.5150627211259138,1
90301,0.5150549838767331,1
4080,0.51504551736119,1
50250,0.5150452751570614,1
21973,0.5150354827630723,1
87964,0.5150134234519649,1
37303,0.5150051147523941,1
29243,0.5149476862338086,1
84543,0.5149401127938772,1
64227,0.5149380959557851,1
19852,0.5149237382436155,1
41767,0.5149164017960032,1
47278,0.5148806094340198,1
9996,0.5148702935807458,1
9541,0.5148664381259438,1
52165,0.5148581178063514,1
33111,0.5148101069749587,1
13374,0.5147341905987128,1
10128,0.5147089332163464,1
14022,0.5146790424732641,1
86316,0.5146787995328387,1
11528,0.5146377578217136,1
69311,0.5146198358270965,1
7719,0.5145516176053315,1
2392,0.5145406069997397,1
6118,0.5145398537569943,1
47177,0.5145216647154767,1
6155,0.5145043707712597,1
63393,0.5145023167007506,1
55692,0.5144698384386707,1
41506,0.5144580022065537,1
53322,0.5144415601642724,1
2578,0.5143980358160062,1
16579,0.5143944932840846,1
32952,0.514389937599484,1
38262,0.5143396750592041,1
23780,0.5143154458152985,1
53192,0.5142841971803989,1
31473,0.5142282344143884,1
13499,0.5142174341984173,1
9503,0.5141792101081022,1
66262,0.51415285431797,1
56842,0.5141414110362132,1
98766,0.5140556965523942,1
45602,0.5140533726057266,1
11313,0.5140194548562782,1
98346,0.5139857071531456,1
24517,0.5139713338004863,1
55229,0.5139409059400043,1
4684,0.5139186803142634,1
28844,0.5138678048999692,1
1481,0.51385887966009,1
3627,0.5138503483087997,1
69278,0.5138440370137862,1
67330,0.5137940766926592,1
72419,0.5137728567783506,1
14564,0.513710831480927,1
82382,0.5135548294481976,1
27676,0.5135392671474778,1
35314,0.5135335796614038,1
86630,0.513493598371868,1
4204,0.5134751686025438,1
36790,0.5134580931924589,1
20437,0.5134254219969151,1
67347,0.5134096050110093,1
19018,0.5133925928548453,1
33356,0.5133805324668567,1
17052,0.5133403474363968,1
34817,0.513337621543567,1
54060,0.5132829181984475,1
30306,0.5132510859436492,1
35272,0.513171565362131,1
84492,0.5131588641865726,1
42538,0.5130978322796624,1
535,0.5130958275356224,1
51744,0.5130835605357066,1
50944,0.5130206059082049,1
64494,0.513001416749174,1
99345,0.5129996618905559,1
53702,0.512918523688636,1
48550,0.5129157513406755,1
38239,0.5128484635223378,1
38710,0.5127473921622402,1
648,0.512692461805961,1
97577,0.5126918721984286,1
43577,0.5126883023712633,1
59526,0.5126775730489453,1
27773,0.5126508135738449,1
14876,0.5126325673663671,1
23079,0.5126162581895904,1
1325,0.512580354159597,1
90541,0.5125790810759344,1
32097,0.5125568754847805,1
45381,0.5125364572973206,1
55758,0.5125219666208927,1
49460,0.5125181691084091,1
74891,0.5124974160518146,1
91207,0.5124946300981671,1
29100,0.5124518568350733,1
45215,0.5124391279211318,1
85219,0.5124193541366461,1
69523,0.5123899396633581,1
44622,0.5123538693916911,1
43451,0.5123197530673324,1
67711,0.512313460179533,1
17454,0.5122597041998498,1
49065,0.5122339050911948,1
349,0.5121728087529016,1
25541,0.5120367145817528,1
17464,0.5120227196789358,1
37308,0.5120052461703843,1
49328,0.5120026868868218,1
70298,0.5119621557168483,1
4049,0.5119487332199995,1
18384,0.5118969567043803,1
44108,0.5118585033999137,1
64103,0.5118104748316177,1
59004,0.511780584615533,1
86668,0.511772726816546,1
37038,0.5117676621280391,1
81306,0.5117429616331153,1
78278,0.5116773217564888,1
17727,0.5116713658906108,1
22330,0.5115717749148866,1
27533,0.5114439333737636,1
13193,0.5114027319620759,1
66282,0.5113099723808897,1
68371,0.5113069949845959,1
16563,0.5112274228669899,1
93819,0.5111880264079599,1
10168,0.5111657513882241,1
4207,0.5110618375813321,1
2405,0.5110393542362224,1
73914,0.5110369340873031,1
4708,0.5110011155029448,1
63304,0.5109872431346497,1
10757,0.5109571364911021,1
10921,0.5109418155470979,1
29823,0.510836707707732,1
34851,0.5107935767732622,1
38446,0.5107626585112168,1
47390,0.5107033797043082,1
2212,0.5106851436000235,1
82391,0.5106718424640164,1
25352,0.5106652361891248,1
53677,0.5106359907853766,1
16105,0.5106221230661172,1
30885,0.5105745097614637,1
81757,0.5104805450973817,1
37622,0.5104431181483118,1
15837,0.5104393426474477,1
35549,0.5104293004753873,1
83085,0.5103833896922583,1
42549,0.5103037924388135,1
75140,0.5102859273081538,1
75870,0.5102735207190161,1
53791,0.5102645170220643,1
68145,0.5102591823744993,1
16813,0.5101997995425603,1
877,0.5101801923702504,1
6830,0.5101709665445561,1
72118,0.5101596704555835,1
15175,0.5101446983644627,1
5187,0.5101353497403305,1
46312,0.510130362653055,1
57761,0.5100798921151536,1
14808,0.5100783932882476,1
16839,0.5100444144470081,1
10340,0.5100230234279973,1
9925,0.5100011121661089,1
1287,0.5099968507697606,1
57113,0.5099904873339908,1
377,0.5099899646325788,1
57482,0.5099381073321513,1
24961,0.5098734757869055,1
70009,0.509841482272417,1
10450,0.5098277390604461,1
64842,0.5097929798938532,1
25569,0.5097347475200836,1
27886,0.5097166299006198,1
6208,0.5096665724115934,1
97003,0.5094895633321688,1
5082,0.5094624143055159,1
47651,0.509454578971841,1
28396,0.5093414698063538,1
64614,0.5093224431299315,1
19629,0.5092785048132474,1
61609,0.5092523391109214,1
30538,0.5092489480737695,1
15841,0.5092445192951653,1
28432,0.5092413105617304,1
42206,0.5092406821013643,1
27935,0.5092331366540133,1
32370,0.5092110899752403,1
88563,0.5091663469845711,1
13965,0.5091516328070963,1
25920,0.509141133318921,1
41553,0.5089893227053678,1
25358,0.50897859832252,1
19657,0.5089297979251554,1
5768,0.5088707312032861,1
13811,0.5088458498224988,1
8749,0.5088159994257647,1
33292,0.5086981897255561,1
9631,0.5086843108797225,1
26083,0.5086725416720053,1
8894,0.5086552671850633,1
30259,0.508653061340774,1
73617,0.5086347479765018,1
18301,0.5086323195673103,1
59294,0.5086066619020599,1
46451,0.5085079511588431,1
26355,0.5085056449562273,1
46281,0.5084464047485701,1
17405,0.508428717726092,1
19142,0.5084114152352016,1
17617,0.508370630992734,1
19889,0.5083026308339402,1
72936,0.5082821444369046,1
36593,0.50819464563221,1
45015,0.5081817885891038,1
35409,0.5081734591774034,1
43026,0.5081595530129399,1
10930,0.508134050798171,1
27458,0.5081076399499543,1
8385,0.5080867022241237,1
16266,0.5080156943840819,1
8580,0.5079733807761663,1
7501,0.5078709910891189,1
91107,0.5078643224125438,1
31265,0.507849555576794,1
86328,0.5078340940862306,1
13117,0.5078113554466177,1
71843,0.5077936706940271,1
6251,0.5077867753373495,1
41971,0.5077709285146544,1
62761,0.5077421828461456,1
6787,0.5077261173859843,1
12841,0.5077200581904872,1
35797,0.5076946399131025,1
89150,0.5076525069145101,1
18212,0.5076114041774967,1
60550,0.5075822566656878,1
82963,0.5075756099140364,1
29499,0.5075367555071144,1
29008,0.5075243152811482,1
20962,0.5074566855166484,1
10306,0.5073457507475491,1
11131,0.5073266726134965,1
91935,0.5073034554660807,1
51271,0.507266657174758,1
43985,0.5072645025793802,1
11781,0.5072584393090228,1
78694,0.5072397966086416,1
85763,0.507238860451519,1
29551,0.5072116356881424,1
16178,0.5071511801106622,1
63751,0.5071298286049788,1
62295,0.5070625313300979,1
29873,0.5070161406308861,1
67691,0.5069995903188074,1
35214,0.5069644148573283,1
38882,0.506934345760327,1
18961,0.5069326934468895,1
72894,0.506856592609635,1
7651,0.5068559252447842,1
20317,0.5068232366704304,1
78184,0.5068065349982152,1
53674,0.5066964772480953,1
26559,0.5065426237958218,1
39636,0.5065092767453094,1
22859,0.5064670514411722,1
47526,0.5064292936961662,1
50278,0.5063580743068551,1
39582,0.5063511879232939,1
14147,0.5063236509081713,1
28776,0.5063021097563216,1
15283,0.5062502947827322,1
1785,0.5062239361149099,1
56129,0.5061758094194252,1
93922,0.5061654030636777,1
59227,0.5060978949851692,1
29879,0.5060756830698525,1
44813,0.5060603252366486,1
73056,0.5060444773496914,1
42503,0.5060363984635781,1
33702,0.5060145777163567,1
11395,0.5059302335270839,1
56188,0.5059146087964994,1
6858,0.5059007675830514,1
30999,0.5058682214317116,1
4020,0.5058400046326226,1
52510,0.5058178883687007,1
84301,0.505811822445629,1
4198,0.5057551148974365,1
55635,0.5056826369688302,1
91410,0.5056594470015214,1
18614,0.5056050594932079,1
31499,0.5055898359404155,1
9678,0.5055542115612992,1
32155,0.5055117506429497,1
66556,0.5055063855618375,1
54721,0.5054839144269684,1
11029,0.5054414037729191,1
578,0.5052805762658995,1
83174,0.5052737450413209,1
65026,0.5052698765620753,1
57009,0.5052084958026251,1
12383,0.5051785870603573,1
37111,0.5050429209109106,1
38057,0.5050128905716337,1
60273,0.5048751305150034,1
67463,0.5048477518213548,1
16416,0.5048402186521813,1
15617,0.5048096505925013,1
7201,0.5048020942101243,1
24692,0.5047429602517421,1
56156,0.5047413219952618,1
79975,0.5047383829781688,1
35963,0.5047256739098153,1
40435,0.504616882079389,1
44628,0.504566696170395,1
80659,0.5045604873051197,1
43455,0.5045575138670158,1
78464,0.5045564162521361,1
3470,0.5045428929421035,1
93749,0.5045367407774809,1
40483,0.5044874740756687,1
50573,0.5044654124292027,1
60214,0.5044113216273389,1
1717,0.5043775949649275,1
35197,0.5043683813566979,1
4439,0.5043657397009561,1
72031,0.5043390870576338,1
14937,0.5043351627728215,1
56919,0.5043085088375193,1
60686,0.5043040200691716,1
44853,0.5042986566550166,1
95047,0.504298321506178,1
5410,0.5042142975319608,1
45132,0.5041900453202269,1
43671,0.5041646124016735,1
57288,0.5040687925037085,1
8203,0.5040560637442164,1
48472,0.5038562316807786,1
29547,0.5038067820114364,1
21832,0.5037498134404016,1
59018,0.503730515142636,1
81012,0.5037207000639033,1
59765,0.5037141063983073,1
58127,0.5037101839999649,1
9956,0.5036712117441923,1
16088,0.5036461168052813,1
58458,0.5035914774745872,1
56876,0.5035552579878811,1
25793,0.5035440227465476,1
35741,0.5035170700646345,1
35378,0.5034887614261032,1
75353,0.5034810161488769,1
56227,0.503472569028282,1
12316,0.5034491994385295,1
43693,0.5034416496308493,1
59276,0.5033963419318327,1
24406,0.5033843316877712,1
62434,0.5033723027924277,1
59910,0.5033563252397996,1
81016,0.5033092703915945,1
23434,0.5033043324375712,1
38974,0.503272901394529,1
33350,0.5032583355325657,1
56690,0.503243352213106,1
37172,0.5031304790458726,1
23768,0.5030609120272825,1
22562,0.5030556159470565,1
57937,0.5029641891101574,1
30171,0.5029611944756716,1
38237,0.5028121689191168,1
3543,0.5028042355080651,1
17901,0.5026751879832697,1
52610,0.5026091310866473,1
48170,0.5026005657653676,1
36835,0.5025153361526675,1
19694,0.5025012486443095,1
36562,0.5024771642535264,1
45168,0.5024369747022589,1
55594,0.5024200437328934,1
9038,0.5022880231159559,1
90413,0.5022522365360175,1
75978,0.5022257608387871,1
93451,0.5021921399512108,1
54950,0.5021668275329089,1
70588,0.502150663185173,1
55790,0.5021488221901813,1
73128,0.5021041477005467,1
73130,0.5020783454185472,1
1401,0.5020437564718678,1
80426,0.5020248319845589,1
21164,0.5020006081381158,1
22806,0.5019899052529391,1
65172,0.5019712708415129,1
22556,0.5019704209528113,1
61754,0.5019324113779096,1
37559,0.5019287352302393,1
21718,0.5019246931811148,1
14148,0.5019108477843647,1
56122,0.5019081761459862,1
15097,0.5019070679906892,1
20443,0.5018922813361025,1
21007,0.5018140271590888,1
83604,0.5018078231602962,1
63195,0.501800548122272,1
3679,0.5017462084817067,1
13979,0.5017120263767788,1
48258,0.5016740859889628,1
33345,0.5016563376413693,1
67111,0.5016356843081171,1
51524,0.50162166826546,1
35776,0.5015437682374552,1
31296,0.5014411569594782,1
37670,0.5014231665189371,1
14953,0.5014040122645839,1
34488,0.5013950219171297,1
16353,0.5013875866628363,1
25005,0.5013743154261665,1
12441,0.5013255695417012,1
69395,0.5013251866159395,1
50919,0.5013219655165354,1
40666,0.5013117125118469,1
39202,0.5012934178106245,1
75963,0.5012846916123955,1
13182,0.5012823965059294,1
50294,0.5012557032952205,1
65022,0.5012421561983113,1
71858,0.5012348956759776,1
19389,0.5012068825923602,1
54965,0.5011986838747523,1
82235,0.5011674139089108,1
6145,0.5011499264635052,1
85333,0.5010957819862221,1
74873,0.5010490577447266,1
11598,0.5010387499498038,1
20689,0.50096307379748,1
22003,0.5007435761937767,1
61386,0.5007200794497215,1
44264,0.5006979975946613,1
61526,0.5006709023178361,1
3150,0.5006565622272656,1
9256,0.5006358943993477,1
48750,0.5006310006876509,1
83056,0.5005829783211728,1
45976,0.5005790911969041,1
21239,0.500577240182482,1
39007,0.500508337531067,1
37753,0.5004951761576211,1
28400,0.5004473198496139,1
77236,0.5002542572982355,1
46002,0.5002519957732223,1
80930,0.5002195358629273,1
9317,0.500155030961731,1
38601,0.5001268695819605,1
57459,0.5000725691022664,1
77648,0.5000723936887104,1
76969,0.5000163550805028,1
21649,0.4999565078970479,0
56609,0.4999520417902819,0
60313,0.4999463841540742,0
2524,0.49993840575224063,0
27958,0.49993332819970976,0
29436,0.4999241917124273,0
5900,0.49988997855063705,0
69928,0.4998767722085423,0
22172,0.49987582505479494,0
66035,0.49986002805401053,0
18311,0.49985871698917245,0
49737,0.4998530564570721,0
23868,0.4997374001965971,0
21876,0.4996748711244628,0
92569,0.4996475287782229,0
33573,0.49961964358137645,0
88037,0.49959421847423324,0
87903,0.4995478399683287,0
91384,0.49949438165174986,0
45166,0.4994156961115361,0
7793,0.4993180778871143,0
51914,0.49931327326876435,0
66246,0.4992840550594339,0
16520,0.4992403555295522,0
79985,0.49923818007668985,0
29254,0.4992176643818383,0
28657,0.49921011184390135,0
3294,0.49916613630524514,0
42383,0.4991646075047409,0
11339,0.4991413769613013,0
91776,0.49908379171656625,0
25269,0.49902105119507406,0
15248,0.49900550059393356,0
25443,0.49899578654095617,0
97677,0.49894706559922136,0
31506,0.49893016064291235,0
49266,0.4989261166817285,0
77198,0.49888414834354106,0
76820,0.4988569207426636,0
41409,0.49882041650449904,0
22929,0.4987520243806801,0
24435,0.49872738955646395,0
58932,0.49871568009201794,0
49124,0.4987049184736514,0
22398,0.4985875837772255,0
51161,0.4985473625417334,0
2917,0.4985027287234438,0
27235,0.4984390407694015,0
82258,0.4982773217128344,0
76458,0.49822858426977523,0
13566,0.49822260671175705,0
53235,0.49817751250767106,0
5477,0.4980967324646054,0
75542,0.49807865805100515,0
95487,0.49800208703415655,0
17285,0.4978583169777046,0
14627,0.4978159738281759,0
83221,0.49779200445411237,0
60192,0.4977646851444523,0
42699,0.4977038815583796,0
97957,0.4976757063436929,0
6379,0.4975686737916816,0
8392,0.49748875597888514,0
9411,0.4974717782168203,0
40830,0.497428878205602,0
2606,0.4974121270237739,0
19566,0.49730746550260896,0
6583,0.49729204252740833,0
20429,0.49727130982826984,0
69411,0.49724751911514603,0
44255,0.4971712290201858,0
33021,0.49711896980849013,0
43785,0.49710865042035546,0
51383,0.4970980957097904,0
18746,0.4970753183922785,0
43179,0.4969786618004345,0
35063,0.4969420401195583,0
97156,0.49688253082211487,0
17293,0.4968557906253521,0
33633,0.4967788379076233,0
9969,0.4967691511411532,0
46934,0.49676330542872754,0
39801,0.4967515092182337,0
22983,0.4966974210276374,0
51221,0.4966624649954359,0
49179,0.49665960789650504,0
82863,0.4966164582933778,0
80291,0.4966114870346864,0
48038,0.4966067467811373,0
94000,0.4966027437606563,0
85503,0.4965799461756308,0
21218,0.49656648563587774,0
11185,0.49651893777848827,0
25540,0.4965055921981148,0
15727,0.49647755327676885,0
24851,0.4964624545512604,0
7822,0.4964614382054419,0
43031,0.49644064402006466,0
66273,0.49636486459969137,0
50699,0.4963503002195949,0
27063,0.49632895881081585,0
48304,0.4963232859830454,0
78116,0.49629289097940155,0
55399,0.4962770361893843,0
11178,0.49625355953252087,0
11222,0.49625316047631174,0
68924,0.4962471675336092,0
2179,0.49623934603749226,0
15103,0.49621974287362697,0
9192,0.4962187166861937,0
74715,0.49619854215381637,0
13547,0.4961895670556501,0
8394,0.4961847778113379,0
61283,0.4961784159041525,0
64946,0.49617623169096836,0
66768,0.49614876416138265,0
451,0.4961382994643065,0
95873,0.49612084412159485,0
1232,0.49609410239999197,0
44701,0.4960883755502613,0
740,0.496084960431243,0
64890,0.49608481471176336,0
16096,0.49605940744639765,0
43177,0.4960056241032623,0
26254,0.49599115549658185,0
1718,0.49598766319454485,0
12854,0.4959303762359567,0
14501,0.49592058926088434,0
62420,0.4959111684213244,0
81149,0.495910153606842,0
57296,0.4958963346772473,0
38219,0.4958747579502227,0
9369,0.49586290988108916,0
35184,0.4958477591929737,0
77056,0.49578934137355735,0
14111,0.4957157268387867,0
46,0.49570193837717197,0
72114,0.4956950255999545,0
38567,0.4956666946801988,0
70677,0.4956474333037068,0
1825,0.49563293659313273,0
61050,0.49560755268744794,0
27983,0.4955394802329469,0
35168,0.495534477976454,0
16724,0.49550140327990855,0
78,0.49549956794076716,0
83350,0.49541011405044133,0
28120,0.4953630702236907,0
56439,0.49533543876924335,0
70853,0.49525863148970883,0
98752,0.4951975129288671,0
78503,0.4951855081230717,0
49485,0.49517809412918556,0
26080,0.4951702958407558,0
36497,0.49516252479064155,0
80651,0.49508991288967963,0
17938,0.4950736059180671,0
94038,0.4950581798323836,0
290,0.4950349102299492,0
42551,0.49500506526675125,0
17647,0.4950037778339237,0
44579,0.4949666514439544,0
82691,0.4947987435238037,0
26373,0.4947840305612697,0
836,0.4947264821623698,0
33290,0.4946620297725533,0
40674,0.49465923473552287,0
70607,0.49462668066555754,0
87496,0.49460190583788155,0
17701,0.4945950665349944,0
37144,0.49451940172385833,0
48757,0.4945061050970152,0
4919,0.49449736998460636,0
95818,0.49449245623169086,0
55782,0.49442183813023616,0
42016,0.49438793960468863,0
499,0.49438793378212254,0
70640,0.49437874957201844,0
23824,0.4943696011135426,0
44671,0.4943632831561796,0
27888,0.49424902346837113,0
6754,0.4942446024527523,0
213,0.49424133598769787,0
30318,0.4942249349468109,0
56510,0.4942094665399221,0
54835,0.49412104741602436,0
98431,0.4940794717121198,0
48815,0.493971674090101,0
9855,0.4939273812923876,0
8940,0.49390567059485313,0
73347,0.4938933205240859,0
22062,0.4938718894849944,0
37363,0.49386447293396357,0
84866,0.49384147184051214,0
87712,0.4937908796106517,0
34337,0.4937687007454894,0
81930,0.49374822051369804,0
39523,0.49371491402915596,0
9710,0.49366618839090526,0
5940,0.49362756061521434,0
73298,0.49356035749816957,0
11081,0.493552005307559,0
40673,0.49347466228769,0
19420,0.49343262685575967,0
905,0.4933528679736492,0
45548,0.49332680649435445,0
10360,0.49332108849628464,0
11399,0.4932671718675339,0
33928,0.493212397447674,0
26681,0.49319654722833156,0
28094,0.49316794845256723,0
6678,0.4931666183219581,0
79110,0.49308429584792324,0
39370,0.4930609624490301,0
16835,0.49303155659704606,0
33261,0.4929976932429074,0
90230,0.49296846758658824,0
22909,0.49293587430521413,0
56231,0.49289609193239553,0
76782,0.49285999647361217,0
58354,0.4928578617951278,0
67123,0.49283389605967154,0
7342,0.49278218059122364,0
26401,0.49267386369498334,0
20970,0.4926339951539666,0
56258,0.492597771681922,0
219,0.4925768021098044,0
2825,0.4925721335571231,0
40886,0.492530639199002,0
7977,0.4924824557415044,0
77661,0.49242580933009866,0
37578,0.49242358134679837,0
94761,0.49239954585914414,0
65941,0.49236006056598286,0
87394,0.49234847282491967,0
11617,0.4923344073309938,0
75144,0.4923304363866031,0
66740,0.492321526882215,0
60164,0.4923092703641131,0
76984,0.4922968303780942,0
4905,0.49215734901551583,0
24432,0.4921354324326817,0
42992,0.4920760352993695,0
28144,0.49198911669386003,0
18127,0.49195693610603186,0
28616,0.49190574637916573,0
36773,0.49188239043136306,0
24558,0.49187819897450114,0
4844,0.4918656486556231,0
37370,0.49183784632671307,0
60383,0.4918315826090657,0
71023,0.49182752129811064,0
30454,0.491796005765482,0
92616,0.49176415297379633,0
70377,0.4917623995393584,0
57724,0.491666747629493,0
68381,0.4916193456955168,0
23216,0.49159434154004833,0
2296,0.4915834957628858,0
12344,0.4915799826458666,0
78458,0.49157883520096535,0
7509,0.49152688628607677,0
57592,0.49150701488990406,0
26857,0.4914713964959536,0
94971,0.49134318069424443,0
28553,0.491341005089598,0
94010,0.4913373182158465,0
39554,0.49132234913243794,0
18022,0.4913103077712935,0
37640,0.49122664162685364,0
42764,0.49121533850321825,0
44174,0.491207332598311,0
60104,0.491179671980996,0
27083,0.4911390603129036,0
5210,0.4911350940149471,0
48787,0.4911081753007771,0
23217,0.4910997906174145,0
17671,0.49109484680566334,0
33584,0.4910114074541204,0
57126,0.49091369406507973,0
14611,0.4908668240209377,0
96834,0.4908632425901237,0
74570,0.4908105302202077,0
17432,0.4907912545490838,0
49749,0.49077705617779266,0
27710,0.49072346716161547,0
70455,0.49069770987558453,0
91211,0.49065910631204673,0
9879,0.49062952529925613,0
2609,0.4905488235402825,0
39066,0.49054815943760727,0
83310,0.49051600003754736,0
50057,0.49047736893183574,0
34838,0.49047447298057395,0
66462,0.49045871745665787,0
52305,0.49041296032958753,0
83406,0.490404826752117,0
35317,0.4903412526631605,0
76328,0.49031315820146126,0
93208,0.4903045580579394,0
49613,0.4902224536238935,0
12668,0.4902222391654151,0
1118,0.4901363332424381,0
23766,0.490082038230322,0
45576,0.4900647892472687,0
24633,0.49004867345584985,0
16528,0.490012831433965,0
91969,0.48997507154856224,0
39761,0.4899734222535479,0
49060,0.48995010245320864,0
56421,0.4898653249912076,0
79330,0.48969652804588243,0
89499,0.4896897555035264,0
14629,0.4896515288521483,0
15764,0.48964868173651904,0
22139,0.48964027863079745,0
49885,0.4896389123620791,0
23992,0.48963859244728253,0
21252,0.4896379415797675,0
10790,0.4896281722287329,0
12463,0.4895921419370444,0
74943,0.48959137278791404,0
11424,0.4895465286297545,0
30337,0.4895372259779314,0
4543,0.48951430115541306,0
59627,0.4894922085046564,0
18136,0.4894679506335172,0
5002,0.4894463251069473,0
14357,0.4893884603437663,0
65575,0.48938434405078174,0
24105,0.48935000330551964,0
20878,0.4892958565943577,0
68037,0.4892908479606305,0
58972,0.4892684674739274,0
42307,0.48926781697181015,0
95432,0.4892479868574218,0
61374,0.4892419219083419,0
82444,0.4892076081423261,0
52021,0.4891640517960581,0
6926,0.4891633387557122,0
87324,0.4891432896029738,0
75230,0.48910187617167317,0
6189,0.48907669775093354,0
30472,0.4890620662370607,0
95311,0.4890456858605507,0
11472,0.4889377831169821,0
83312,0.4889203906269801,0
11316,0.48890901490177124,0
40705,0.48890231822008023,0
37048,0.48886748741792985,0
71082,0.4888528458175142,0
44180,0.4888520530524955,0
62598,0.4887945879684366,0
76726,0.4887475925266821,0
9495,0.48870201194600965,0
25964,0.48868065512537656,0
43857,0.4886371089069016,0
42002,0.4886073506028906,0
51340,0.4886014764196004,0
19600,0.4886007448123374,0
19427,0.48858294998516083,0
43573,0.4885768045550423,0
62185,0.4885705738341826,0
63509,0.48855745906685855,0
45347,0.488538482206704,0
87795,0.48852787684734966,0
13928,0.4884567625458239,0
32442,0.48844480926329203,0
38020,0.4884304941444698,0
46358,0.4884232747625345,0
27438,0.488409258825162,0
27302,0.48829280691943255,0
15669,0.488248596740054,0
93295,0.48820905686900573,0
52944,0.48815077525722106,0
72828,0.4881477706043583,0
44280,0.48814666358408076,0
80877,0.4881376239059803,0
4505,0.488118909565551,0
72817,0.48809997163023244,0
99575,0.4880649790858703,0
92926,0.4880638575015644,0
93246,0.4880490614057231,0
29795,0.48802877218177887,0
75124,0.48800681195650214,0
67369,0.4879627427900609,0
20736,0.4879360992645964,0
95987,0.48793348019046023,0
52827,0.4878054011654622,0
74656,0.4877788569043163,0
59135,0.48775863342501613,0
33520,0.48774743625349776,0
6044,0.4877448120214782,0
78471,0.4877276777455137,0
99009,0.48771500782879823,0
26540,0.48771155352662954,0
84512,0.4876697880677989,0
31311,0.48766027411519325,0
5215,0.4875720442260982,0
14149,0.48756773737172066,0
78272,0.4875527787674864,0
23046,0.4875474055505009,0
79611,0.487459366928942,0
12215,0.48736568050433415,0
25612,0.48733586511980875,0
12249,0.4873288851108318,0
9846,0.4873274794486473,0
38658,0.4873232687963166,0
79541,0.48730875941468355,0
86221,0.4872811242227357,0
76560,0.48725920704649345,0
41422,0.4872509710510339,0
58247,0.4872383236822915,0
83958,0.48722447173752653,0
22936,0.48715241931190617,0
7249,0.4871151638906855,0
10969,0.4871124861845209,0
98143,0.48708618214287136,0
41533,0.48707088835678797,0
69297,0.4870572692498901,0
35097,0.4869928037246571,0
48503,0.4869316108400482,0
15890,0.4869101538634978,0
9499,0.48684981438591424,0
22017,0.48683386486213964,0
10602,0.4868146999283964,0
40308,0.4867494759267956,0
70392,0.4867217219124348,0
78210,0.48672087272493647,0
31061,0.4866855095913008,0
10525,0.4866240006663878,0
99359,0.48654375951043494,0
54005,0.4865215469241011,0
87897,0.48649639725990207,0
10539,0.48648131947600565,0
52843,0.4864560264693743,0
36861,0.4863987279766698,0
57356,0.48637577805072424,0
19757,0.48637118606641616,0
6210,0.4863472935098246,0
84316,0.486346160288872,0
75419,0.4863048506567871,0
14094,0.48629661959134235,0
53006,0.48627429136740874,0
1141,0.4862475653805992,0
10616,0.4862359269919474,0
78257,0.48618850449249573,0
53903,0.4861549803939345,0
12505,0.48612084849953624,0
40485,0.48606350504114043,0
58808,0.48600048712920607,0
47356,0.48594129924729457,0
87439,0.4859207215201192,0
74035,0.4858568899461557,0
27768,0.4858413756041625,0
36802,0.48583893769362263,0
2832,0.4858053733320787,0
73400,0.4857027151554297,0
24233,0.4856620601361059,0
42647,0.4856553837583407,0
8328,0.4856056941354262,0
69847,0.4855637011381251,0
83388,0.4855373657017636,0
5274,0.4855165196383212,0
47781,0.4855077285874498,0
98866,0.4855026919965819,0
46388,0.4854695943370848,0
66005,0.4854637487949667,0
81072,0.4854566219611671,0
85717,0.48534121206107467,0
41076,0.4852929320048929,0
40167,0.4852119091164142,0
16551,0.48504332527674676,0
39357,0.4850199866092172,0
43801,0.48496860623683974,0
27893,0.48496117620027585,0
21684,0.4849587217676104,0
59304,0.48495599521235044,0
4902,0.4849515446944182,0
48405,0.48491823651445093,0
43448,0.4849007272041122,0
3241,0.48488179917928437,0
71960,0.4848816670812193,0
33089,0.4848594861011147,0
9184,0.48482221875122256,0
30784,0.48482075308613576,0
11717,0.48480968989168266,0
27242,0.48477517963235656,0
34404,0.4847658480929727,0
581,0.48475661522867675,0
18686,0.48474757866496493,0
37014,0.4847014811658463,0
60834,0.4846979370920591,0
50532,0.4846609092619315,0
88836,0.4846048816256588,0
10146,0.4845879806241715,0
57446,0.48450149940817666,0
60902,0.4843288495771209,0
44618,0.4842771602829292,0
34116,0.48426780730792784,0
34642,0.4842003571204624,0
81519,0.4841856346947714,0
99998,0.4841851086489858,0
62951,0.4841490474564026,0
54244,0.48412471682278907,0
4626,0.48410851260141025,0
39421,0.4840145334027935,0
59151,0.4839259044603281,0
48957,0.48384586378275046,0
13657,0.4838377373059422,0
15512,0.48380383075744976,0
57023,0.4837888995088374,0
46790,0.4837251704306874,0
67832,0.48370540056774475,0
44777,0.4836739097146524,0
22039,0.48362929858370596,0
47155,0.48358362646984676,0
27867,0.4835334675398554,0
43568,0.4833834600605413,0
32748,0.48334239152581293,0
65813,0.4832837062783696,0
55359,0.4832822756590833,0
98927,0.483271817531904,0
69995,0.48327118968844085,0
16060,0.4832434252249397,0
69850,0.4831073428343378,0
345,0.48306871674165774,0
12176,0.4830653840254862,0
79944,0.4830370056991294,0
20894,0.48303221504255306,0
80408,0.48298310664026156,0
40467,0.48293282633848816,0
2597,0.482877193980304,0
55162,0.4828092906781057,0
28815,0.48277369576654533,0
35642,0.48271089545283247,0
90371,0.4825896594182817,0
10232,0.48257643102813325,0
37758,0.48248848122583954,0
48935,0.4824821790981873,0
23014,0.48247153755711103,0
17601,0.4824628463822489,0
14427,0.48241916056322703,0
47144,0.4824166656712483,0
14997,0.482415808539871,0
11409,0.48237957536062775,0
34965,0.48234239428857006,0
33003,0.4822659244388672,0
51474,0.4821272102355132,0
33341,0.4821199768631925,0
2048,0.48211828191744666,0
29744,0.48209558522525225,0
55010,0.48207930551645733,0
66000,0.48207706547217555,0
21477,0.48206930570058465,0
21769,0.4820664604543873,0
74726,0.482025109900721,0
27497,0.4819725395652155,0
3286,0.48191186552765936,0
88377,0.48182601917161677,0
30041,0.4818116754768212,0
25697,0.48180655347084134,0
93678,0.4817570588389491,0
71688,0.48163386772127914,0
42131,0.4816124971633677,0
33473,0.481595545043919,0
68750,0.4815942296563759,0
48588,0.4815275650805062,0
99538,0.481443636730529,0
27008,0.48143206712823117,0
40711,0.4813774183944685,0
9050,0.481371147024489,0
77821,0.4813289202042256,0
8404,0.4812993101144203,0
83719,0.48127941215409364,0
19819,0.48126910918829763,0
50559,0.4812599044670323,0
18378,0.48123327799769144,0
15646,0.48122151019228415,0
73381,0.4812208991981027,0
86631,0.4811711806408259,0
18510,0.48110136178831936,0
45796,0.4810425705675247,0
29394,0.48103021332353174,0
63303,0.48102039219151316,0
47342,0.48100861941273043,0
29867,0.48094315708435154,0
18322,0.48087822417985215,0
22122,0.48084138866977594,0
71615,0.4808216302405223,0
73038,0.48080834388517585,0
27196,0.4807678741965427,0
34652,0.48073570635633905,0
14504,0.4807002435519639,0
24770,0.48068520491358524,0
35523,0.48064752308552067,0
2388,0.48059272632277367,0
47508,0.48046440984340677,0
80885,0.4804429293463454,0
9490,0.4804373323647257,0
70066,0.48040839890377196,0
75161,0.4804082809852752,0
3704,0.48040694953634294,0
19665,0.4804024705095186,0
23959,0.48035679546500387,0
18379,0.48033832340523297,0
32514,0.4802997627404708,0
21217,0.4801613781340896,0
84930,0.4801469513735035,0
33980,0.4801327791757268,0
25511,0.48012740310608376,0
31057,0.4800954200911556,0
28622,0.4800783842147926,0
26024,0.48005531406844304,0
20012,0.4800503696797836,0
38283,0.4800153174156647,0
15241,0.47999641371440094,0
32714,0.4799671452647746,0
53900,0.47995119386893886,0
3791,0.4798903072998819,0
35266,0.47984517222545825,0
55462,0.47978407855935157,0
63536,0.4797317838714915,0
27750,0.47970559519164346,0
66679,0.47968080163443866,0
3058,0.4796538180932451,0
42953,0.4795728124974821,0
55712,0.47948563502633623,0
65416,0.47943645573044,0
59755,0.4794303161932198,0
65842,0.479416835105607,0
62632,0.4794091795422952,0
18074,0.47940713890647413,0
86491,0.47940110786720386,0
75396,0.4793802298674557,0
20333,0.47928189332300714,0
12886,0.47927128066732755,0
13640,0.4791963828487419,0
19532,0.47911773979400385,0
3929,0.47908889703260377,0
76993,0.47906384887935716,0
42188,0.4790550431421926,0
37265,0.4790516756413012,0
39322,0.47904319791996736,0
56951,0.4790214480377507,0
40042,0.47900685228818385,0
8376,0.47899755900027147,0
72553,0.4789487726444838,0
19490,0.4789062020181522,0
31124,0.47888432867413394,0
17844,0.4788772322288192,0
36456,0.47886999872759045,0
20297,0.4788648512408481,0
10517,0.4787789861204546,0
6892,0.47876519519794725,0
9941,0.4787097883526498,0
24002,0.47870882774480294,0
49,0.4786490663556302,0
23164,0.47863993116235903,0
92583,0.47863028080081893,0
2752,0.4786249124492341,0
59804,0.47860744670260047,0
8501,0.4785561298870951,0
85419,0.4785550939878688,0
39327,0.4785507693651685,0
22687,0.47852570250913773,0
97281,0.4785100232336798,0
10056,0.4785005835098645,0
61064,0.4784289250777881,0
45142,0.47841549904146596,0
87149,0.4784115300947326,0
43727,0.47840913460302076,0
50561,0.47840438191332524,0
63625,0.4784001682308612,0
95027,0.47839458864255724,0
31880,0.4783598198628284,0
37664,0.4783164849738596,0
84591,0.4781684057053894,0
48696,0.47809823250682787,0
37623,0.4780802242361248,0
69486,0.4780548297070386,0
31078,0.47804229058572123,0
50537,0.4780268716739421,0
7304,0.4780262590459384,0
64348,0.4780015081430087,0
42458,0.47796814133678533,0
35100,0.4779292175827463,0
3134,0.47792919163629827,0
34798,0.47791053298232966,0
58147,0.4778673642286996,0
1211,0.4778486739593729,0
18097,0.47773726119801235,0
34283,0.47771773913423604,0
46965,0.4777123894967778,0
6768,0.477699424279919,0
66468,0.4776641990676047,0
43176,0.47762444273123406,0
30817,0.47762093441895576,0
37155,0.47758114317073586,0
66342,0.477527836105544,0
51155,0.47749423240880806,0
65783,0.4774877924139291,0
63895,0.47744305051808555,0
62389,0.4774203114791599,0
52590,0.47731146196057034,0
27882,0.4773076202778693,0
443,0.47728947027041263,0
38532,0.47727787446918585,0
72536,0.47726484459125057,0
10462,0.4772487203092643,0
5525,0.4772459867244547,0
12580,0.47724050753858366,0
19983,0.4771745544050993,0
28368,0.47716438231245256,0
72533,0.47713496922004967,0
902,0.4771004540895411,0
77151,0.47707854361144775,0
42553,0.4769311679340712,0
92801,0.4769170243665317,0
24463,0.4768750157919923,0
26457,0.47684152940272584,0
27729,0.47682999423508193,0
2009,0.4768254040099258,0
22238,0.4767603224420439,0
30671,0.4767595936026122,0
43509,0.47675391114750937,0
65149,0.47674885139010464,0
79527,0.47671268973371606,0
37204,0.47667310400275403,0
49994,0.47664109482073513,0
3904,0.47661731755979736,0
94332,0.4766048884323878,0
48655,0.476597932162336,0
39403,0.4765254518432466,0
90655,0.47650680835909526,0
58417,0.4764741159636928,0
63009,0.4764498306675806,0
12206,0.4764484156101259,0
39212,0.47641283820663205,0
67895,0.47635293875941964,0
30463,0.47631103123865837,0
97912,0.4762983673367839,0
81471,0.4762677428432066,0
25135,0.47615424446464716,0
78625,0.4761496721645804,0
54276,0.4761047126984824,0
26312,0.4760888755748715,0
23293,0.47600292614908735,0
49726,0.47597209487668757,0
9554,0.4758546664075223,0
25248,0.4758534017929481,0
80672,0.47582548411188125,0
29271,0.47580523710975353,0
39546,0.4757982970205959,0
28379,0.4757947392146709,0
66427,0.4757946129201938,0
28426,0.475679791723006,0
22623,0.4756769247981837,0
40510,0.4756698617336811,0
95887,0.475669150516513,0
80194,0.4756447187925387,0
8011,0.47563174400511693,0
32663,0.47559559354357855,0
22161,0.4755572426821508,0
42392,0.4755481343030388,0
11648,0.47553315276407954,0
62818,0.47552237467391056,0
291,0.4754922345591455,0
91291,0.47545749789447356,0
21868,0.4754565325057473,0
55797,0.4753602566814382,0
16910,0.47531979017142273,0
5572,0.4752825285218963,0
95560,0.47527897605835706,0
90501,0.47525210659692385,0
86992,0.4752505456283004,0
19877,0.47521283265189845,0
28185,0.47520210703084603,0
23818,0.47519088266788173,0
71111,0.47517576260613414,0
12161,0.47516456637140425,0
8786,0.47514667378207814,0
24067,0.4751259425673631,0
37351,0.4750776440716036,0
55487,0.47506220031777124,0
7274,0.47505650596438903,0
57888,0.47505069980537334,0
1649,0.47500424312089407,0
78796,0.4749531620066667,0
41883,0.4748638130155558,0
90752,0.47484157427110757,0
31197,0.47483651944701893,0
1501,0.4748231618013821,0
84855,0.4747933051103988,0
13793,0.4747780843783626,0
46209,0.4747697169985074,0
39724,0.47474496886039624,0
15187,0.4745941830625997,0
71382,0.4745284467661639,0
718,0.4744881528346635,0
63668,0.47446289529274693,0
2940,0.47444286109356504,0
17270,0.47443619318747066,0
47727,0.4744274579119805,0
2010,0.47441707361094193,0
29003,0.4743707449533467,0
80261,0.4743111643911043,0
31060,0.47428586122479527,0
22940,0.47428300077605645,0
78620,0.47419924661044427,0
20782,0.47417103950627143,0
28646,0.47414690801177,0
62808,0.4741447156024447,0
9824,0.47407403083278066,0
21611,0.4740615665751977,0
79130,0.47403747461335327,0
78723,0.4740297877648575,0
81752,0.4739645020988699,0
7350,0.4739496116153925,0
20516,0.47387970110248046,0
3245,0.47387489893157503,0
37626,0.47384608533012784,0
69613,0.4738069102763956,0
95757,0.4737486108669113,0
55859,0.4737435512991561,0
89447,0.47369130393915715,0
47949,0.47349630079684274,0
42642,0.47348873937560293,0
99532,0.473483066387948,0
80178,0.4734731451557872,0
5298,0.4734730585424034,0
21407,0.47344502140110795,0
27365,0.4734431883786087,0
3428,0.47342242481156344,0
75394,0.4734144710207039,0
24690,0.4733748977867182,0
15149,0.47336691338010156,0
80921,0.47335807535097196,0
28761,0.47332875793251566,0
40885,0.4733209159477863,0
68529,0.47328931361750376,0
2375,0.473268085328298,0
92777,0.47323426419696135,0
50625,0.47323332864926626,0
81420,0.4732215128619148,0
33129,0.4731713220980668,0
43667,0.4731453837872747,0
23118,0.4731362915401443,0
53679,0.4731342450941547,0
37948,0.4730876096473358,0
4587,0.47306795319748507,0
43589,0.4730649241165464,0
50467,0.47304325604233743,0
15343,0.47296407085004316,0
12556,0.4729449971299166,0
26908,0.4729324497129145,0
72172,0.47287479711657765,0
52094,0.4728746779808471,0
49624,0.4728476341337461,0
6970,0.47283735246039593,0
82153,0.4728182357321831,0
37015,0.4727805916572513,0
5687,0.47273204241740374,0
2325,0.47267143202993267,0
88663,0.4726702465937398,0
51585,0.4726678643285342,0
53675,0.47264730075829975,0
30520,0.4726379068029987,0
62368,0.4725241037170479,0
49163,0.47243399121041946,0
34896,0.47241104778049603,0
17823,0.4724049242477245,0
26906,0.4724003424881173,0
21669,0.4723882091709427,0
21210,0.472355363022283,0
66205,0.472348012406493,0
45456,0.47227854710510453,0
73780,0.4721891389220286,0
44790,0.4721672791079218,0
21571,0.4721532827426358,0
5157,0.47209602651530985,0
12906,0.47206354733126393,0
49548,0.47205330846210813,0
8021,0.47199966636932505,0
93701,0.4719986648989649,0
27845,0.47199477737509277,0
29177,0.47194248074411105,0
27499,0.4718947096414547,0
11265,0.47185558683456164,0
33649,0.47180502951966946,0
19520,0.47177178033140754,0
54732,0.4717578772056722,0
18731,0.47169309262044584,0
69478,0.47161609616813127,0
46693,0.4715941423212893,0
57133,0.4715746340057376,0
56032,0.4715450488615669,0
68790,0.4715293924426829,0
40133,0.4715198969267535,0
8177,0.47148946699144934,0
3139,0.471484518131555,0
1148,0.4714739488734516,0
72426,0.47146680803587276,0
17182,0.4714642484140561,0
3249,0.47143833354999154,0
56197,0.4714269318436298,0
36302,0.4714118799623309,0
99917,0.4714003970032595,0
73243,0.47136928024075603,0
141,0.47136402314982223,0
81335,0.4712908859022672,0
53115,0.4712673376409861,0
3509,0.4712581258841645,0
50605,0.4712550495972256,0
68655,0.47124537736220734,0
50876,0.4712206217913384,0
88900,0.4712029429820261,0
13975,0.47118137433429735,0
13071,0.4711600647780878,0
79745,0.4711078638052784,0
87824,0.47107983651329866,0
72774,0.4710765543500247,0
31529,0.47100174732093397,0
70004,0.470989876607664,0
11825,0.47097582386985176,0
7786,0.470966611338447,0
24719,0.4708954254313454,0
44887,0.4708808138924138,0
47815,0.4707930295145232,0
55485,0.47068336740353234,0
25524,0.47064967570959687,0
21435,0.47060674696263405,0
48379,0.47058868169733103,0
10978,0.47057008149574786,0
23906,0.470513646866507,0
74404,0.4705027811898856,0
75625,0.4704944433708781,0
20066,0.4704540497085493,0
3105,0.47043450511496804,0
20569,0.470414469607427,0
527,0.47036772043173575,0
4183,0.47036678631814943,0
12394,0.47030390303335057,0
13891,0.4702472514457898,0
5402,0.47023998530747485,0
61961,0.4702334215165763,0
32762,0.47021525690123156,0
53737,0.47020402236266523,0
20538,0.4701518897722023,0
98758,0.4701502903412042,0
24672,0.47013882672107243,0
89880,0.47010948245805456,0
75389,0.4700936020860419,0
67912,0.47004717506389126,0
73528,0.47004337212548625,0
26581,0.4700396767128246,0
54239,0.47003913312973034,0
4121,0.47003896518253757,0
84961,0.46999976826303913,0
99183,0.46999051326528046,0
29291,0.4698714708408533,0
45683,0.46987075758620755,0
27437,0.46986898631253704,0
9865,0.46975739540350764,0
58452,0.46972546118151665,0
64253,0.4696713697262093,0
28220,0.4696360575864806,0
29719,0.46960953178037723,0
15069,0.4695023104099243,0
34787,0.4694738191109994,0
32343,0.469430493683245,0
61546,0.46939573847844834,0
38352,0.4693842051815587,0
60965,0.4693812832258572,0
6852,0.4693746602387378,0
38336,0.46934109440349986,0
71822,0.4692920884766855,0
76011,0.4692708983949139,0
30576,0.4692550665089567,0
33825,0.46914025954048894,0
7482,0.46911637230076086,0
92229,0.4690952656828482,0
14882,0.4690886226473606,0
71748,0.4690809411209881,0
28653,0.46907471547607865,0
58374,0.4690630105382924,0
3569,0.4690485244474435,0
11531,0.4690423124828977,0
96635,0.4690405107493726,0
7354,0.46903244546631834,0
21681,0.4690190912907861,0
11396,0.4689922005903534,0
7640,0.468973530530007,0
84780,0.46896414003188364,0
91518,0.4689503139136011,0
8839,0.46894696706905614,0
3520,0.46885389561741825,0
41114,0.4688398416904474,0
8044,0.4688153590995293,0
85510,0.46880591280528056,0
64662,0.4687468503244177,0
58515,0.46867607424024565,0
13395,0.46867079214653046,0
39031,0.4686153035993896,0
64676,0.4686087668572877,0
6467,0.46855337281769566,0
72054,0.4685317143681757,0
32192,0.468521977219176,0
19071,0.4685167969684332,0
61318,0.4685141821281357,0
73796,0.4685051463248227,0
17830,0.4684918450558388,0
37272,0.46848670597781417,0
90215,0.4684544722374618,0
91303,0.46845143353535923,0
73112,0.46844226341765466,0
3198,0.4684321619115669,0
45614,0.4684069292171126,0
4827,0.468358274355091,0
71780,0.468343301183467,0
19314,0.4683265669351803,0
2196,0.46830576341566343,0
61295,0.46826460767957795,0
570,0.4682467766683555,0
43563,0.46822955324854376,0
43560,0.46821657966065233,0
68841,0.46820531726640474,0
2279,0.4681782667693904,0
3227,0.4681388396358356,0
5621,0.468111289076355,0
82937,0.4680608609177599,0
57483,0.46796627367416516,0
76763,0.46796405313915174,0
244,0.4679554538050924,0
27027,0.46791885522506366,0
75078,0.4678969589201825,0
42691,0.467874588228685,0
45998,0.4678631615692323,0
12438,0.4678510147795733,0
6885,0.4678323000634635,0
83154,0.46781841418383385,0
5552,0.4678087507151425,0
14894,0.46778542688936053,0
78029,0.46777958851524276,0
66910,0.4677502839954384,0
24577,0.4677409480028901,0
31131,0.4677345209998773,0
46021,0.4677300810534,0
63270,0.46771062075631625,0
18255,0.4676714646827762,0
17681,0.46762041846324004,0
4197,0.46755721489775337,0
71819,0.46755467168616827,0
96521,0.46755345456131264,0
9773,0.4675372004795261,0
35299,0.4675202669765415,0
63407,0.467498379264727,0
85262,0.4674463535119458,0
2096,0.46744236401888106,0
58040,0.46740690792998113,0
65530,0.4673891865544343,0
45281,0.4673208199093792,0
28313,0.467310100247772,0
9641,0.4672750375811542,0
23788,0.4672716940707573,0
28484,0.46724971476295263,0
5142,0.4672490265864221,0
1263,0.46714567288537373,0
16812,0.46713721927187457,0
22595,0.46713507586504555,0
38338,0.4671046353449543,0
74862,0.46708546163108455,0
59657,0.4670776601511381,0
60865,0.46706875057882424,0
6039,0.46705565666731597,0
58163,0.4670549211795161,0
2630,0.46704752783914044,0
1311,0.46701162316729355,0
17058,0.46699491482035604,0
42040,0.466928872053028,0
14928,0.46692476012088296,0
12111,0.4669070619636896,0
26426,0.46690440658107407,0
21658,0.4668879669081,0
33538,0.4668665033533866,0
98127,0.4668557649885971,0
41696,0.46684172294597626,0
15679,0.4668251768222527,0
56628,0.46675073877533185,0
47111,0.4667486402397168,0
8204,0.4667101811142621,0
19300,0.46666345231048934,0
10997,0.4666399029094206,0
64667,0.4666238364128147,0
7235,0.4666199040962159,0
69772,0.466589471786319,0
31126,0.4665017600601,0
74400,0.46649651699110045,0
46101,0.4664796388403695,0
94756,0.4664634400295384,0
14457,0.4664249229454634,0
1193,0.4664013047537717,0
63024,0.46638885346101755,0
60284,0.4663884616419073,0
77438,0.46635077710833617,0
35627,0.466350268664202,0
76848,0.4663430132189586,0
92157,0.46633429594629605,0
44973,0.4663181349410533,0
28698,0.4662895070970781,0
16996,0.466287131264623,0
42448,0.4662687282052842,0
31377,0.46626256620984574,0
25849,0.46625831245039834,0
57138,0.46622179112869544,0
6944,0.4661460654634171,0
86527,0.4661393346507543,0
23436,0.46613331849477047,0
2908,0.4661068734018105,0
30237,0.4660975227531982,0
51735,0.46607020085145806,0
22078,0.46601987877018,0
74626,0.4659813845970633,0
4674,0.46593459420725875,0
30529,0.4658954909131106,0
20067,0.46583855367948207,0
4440,0.4658274183358885,0
54363,0.46581330651057634,0
75615,0.4658099033573714,0
4454,0.4657865108244077,0
43409,0.4657496618017568,0
89385,0.46565582932378535,0
47088,0.46564176496015586,0
20382,0.46563841459685057,0
5047,0.4656247846601171,0
23105,0.465590627464285,0
50477,0.46555739795327683,0
69095,0.465479941921441,0
38995,0.46543893322054425,0
55932,0.4653942647114238,0
45619,0.4653876010927184,0
76357,0.46536875906851466,0
91961,0.46534935257936433,0
64019,0.4653456316445314,0
49902,0.465328250144441,0
15519,0.46532678946696315,0
17151,0.46530371040949325,0
29205,0.46526110269304266,0
75945,0.46521325972265465,0
48368,0.46520098477413996,0
10856,0.46517506113735635,0
82997,0.4651324923240459,0
43470,0.4651268061631745,0
56613,0.46506032161120403,0
24100,0.4650254880609529,0
16956,0.46498372924079084,0
9491,0.4649769609956296,0
43116,0.46496302025224084,0
42426,0.4649611754873531,0
34335,0.4649319589799734,0
42519,0.4648669101924677,0
94356,0.464832042600366,0
11451,0.46478502589798343,0
51233,0.4647596956232331,0
69120,0.46475504821509067,0
8291,0.4647487384187493,0
48281,0.4647305530386355,0
80285,0.4647144251669735,0
69122,0.46469965323487544,0
22318,0.46459244654420817,0
90809,0.46458224216586824,0
42848,0.4645752924435991,0
95251,0.46455181350195596,0
63229,0.46452014370332934,0
34132,0.46449460495138023,0
58169,0.46446324326741184,0
5086,0.4643324901462314,0
58268,0.4643100878859233,0
79372,0.46430389817475404,0
13495,0.4642922314341525,0
15640,0.4642810368779279,0
46819,0.4642787524889144,0
46420,0.46422924279090877,0
87660,0.4641987844438023,0
62137,0.4641619086724897,0
71264,0.464154538715881,0
24915,0.4641175195488488,0
87492,0.4640981937386624,0
36174,0.46406610132283393,0
49988,0.4639763608383123,0
71651,0.46392223969498914,0
39215,0.46391544530578716,0
20055,0.46390609305913494,0
6656,0.46390454135474535,0
68934,0.46386881688441145,0
1937,0.46386644003470345,0
52287,0.4638488031678458,0
80462,0.46382272216588005,0
32628,0.46381135013364444,0
12220,0.4637286975514808,0
17197,0.4636501403910588,0
9917,0.4635938432618088,0
33494,0.46356224058843715,0
85360,0.4635327477662288,0
9354,0.4634924709851989,0
77225,0.46337989429804644,0
50592,0.46330769048954185,0
50460,0.4632949448126579,0
4735,0.4632897047118337,0
1947,0.46328841223604744,0
14646,0.46328601337130926,0
68303,0.4632855789329249,0
57595,0.46323888454111994,0
24568,0.46323063896688405,0
24357,0.46321480580074853,0
3958,0.46320314706233895,0
60784,0.4631168546716573,0
20397,0.4630262095130241,0
31653,0.4630253557021707,0
68641,0.46300308280303604,0
48889,0.46298862612765623,0
22995,0.46294968202040354,0
17870,0.4629477362952762,0
23956,0.46292724707715427,0
1095,0.4629086864119308,0
27167,0.46287954312421714,0
3809,0.46287879368138435,0
34526,0.46287280353268934,0
11286,0.46285699170637823,0
65461,0.46284705134662013,0
99606,0.4628333086270029,0
13144,0.46280281646614435,0
398,0.4628007010830831,0
45802,0.46279319837451,0
26931,0.46275146632945097,0
12902,0.46274056671341646,0
69469,0.46269059659878947,0
47216,0.46268222806481235,0
17926,0.4626778275191631,0
65818,0.4626350957451127,0
57764,0.46262761269764635,0
89517,0.4626139486371793,0
86031,0.46260256213805,0
31954,0.4625841488586768,0
43316,0.4625812646915912,0
64947,0.4625342075016851,0
16296,0.4624663423260271,0
46839,0.4624264235524271,0
5714,0.4624051713273092,0
68194,0.46233014268104783,0
51137,0.46232328405385276,0
50325,0.46232307230548997,0
27228,0.46232127085466107,0
19679,0.4623147205478369,0
65487,0.4623073680450147,0
10434,0.4622914575162886,0
32475,0.4622599760017642,0
896,0.46220580121097515,0
24024,0.46219618849739025,0
46184,0.4621386015143544,0
43266,0.4621342822976434,0
21941,0.46209934648480133,0
57869,0.46209652726822203,0
18440,0.46207473951030925,0
38992,0.46206468395010664,0
75755,0.4620606297195316,0
12129,0.4620275838396969,0
83268,0.46198946184505435,0
12072,0.46197810706639514,0
7151,0.46195374893925056,0
98705,0.46193210197988505,0
18225,0.4619288761308774,0
55686,0.46186832597513505,0
80585,0.46186262725137467,0
82438,0.46182326623930225,0
38935,0.46179211783895624,0
75994,0.46177518934177075,0
96124,0.4617711157527225,0
1459,0.4617489806248255,0
74557,0.46172848348752477,0
6292,0.4617114346118446,0
23180,0.4616958250081071,0
10569,0.46167814045949923,0
22788,0.461676324475816,0
83508,0.4616647284506346,0
32836,0.46164594074314214,0
60674,0.46157309808258934,0
56942,0.4615216711518827,0
44059,0.46149944301457385,0
51362,0.46134145563586443,0
80198,0.4613172047784928,0
1871,0.46130192586518903,0
39757,0.4612757946380108,0
18363,0.46123411883076776,0
65900,0.46120847097050505,0
44789,0.4612024165413573,0
62542,0.4612022502991892,0
2709,0.46115549004160294,0
3816,0.4611534555864688,0
14980,0.4611502358758304,0
12408,0.46114220516412197,0
13986,0.46111942429685815,0
5139,0.46110121802099696,0
1281,0.4611001357050748,0
24807,0.46108526552131834,0
16532,0.461056337948183,0
25259,0.46103597236049765,0
53228,0.46102367610656675,0
1260,0.4610175101808478,0
86088,0.4610138334259477,0
15410,0.4609803149487614,0
46546,0.4609683387770919,0
94400,0.46091198198751593,0
93364,0.46090327317645063,0
54937,0.46089949251449225,0
70859,0.4608600283656815,0
31081,0.4608590923526015,0
10237,0.46084926759106914,0
38752,0.4608121641378573,0
18681,0.4607882420558018,0
77720,0.46077688849342663,0
41558,0.46075348714866166,0
94687,0.4607256111510181,0
45276,0.4606972508159194,0
25253,0.46067302330574456,0
17420,0.46066705462693097,0
34908,0.46061511321746745,0
1126,0.46052774228551996,0
61429,0.46044866014200164,0
23585,0.4604049307049021,0
91871,0.46038924562868727,0
38750,0.4603771778260179,0
84243,0.46036553377406586,0
34447,0.4603331893735261,0
8770,0.46032407450862023,0
11803,0.46031179497558566,0
26963,0.46031076841610274,0
29877,0.4602999301004209,0
30218,0.4602363266244223,0
3606,0.46022174527538307,0
83886,0.4602109855669492,0
71585,0.46020173819374965,0
4839,0.4601322680075048,0
29001,0.46013068392490547,0
52144,0.4601293799405407,0
91993,0.4601284143901148,0
38326,0.46010743004786864,0
60505,0.4601029772201951,0
12597,0.4600836902031741,0
37357,0.4600232681533689,0
83787,0.46000130710100934,0
82851,0.4599718502115531,0
22315,0.45996343742657486,0
4039,0.4599434901546777,0
86540,0.4599427930691253,0
50968,0.4599217533899263,0
17841,0.4598730045011327,0
5934,0.45987275797302263,0
9268,0.4598711381469824,0
65268,0.45984908589705736,0
82478,0.4597965943596898,0
51594,0.45975219260145256,0
11492,0.4597333240027976,0
8527,0.45972180760528,0
54265,0.459710105417053,0
3540,0.45970615721565533,0
62419,0.45967864181268125,0
79786,0.4596597269610548,0
22743,0.4596531938681659,0
49392,0.4596385054797973,0
40841,0.45958684901047053,0
18035,0.45957118760583804,0
62646,0.45955327866778667,0
41062,0.45951377671189475,0
34916,0.4594804732635524,0
96175,0.4594050976134078,0
91095,0.4593724729170464,0
7560,0.45931910462553704,0
79918,0.4592954715412598,0
94365,0.45929347163536405,0
85128,0.4592743908418858,0
705,0.45925595730668833,0
48766,0.4592059985947648,0
84126,0.45913214199030883,0
70173,0.459130084130668,0
42747,0.4591243233637862,0
23568,0.4591021830656356,0
868,0.4590549614403989,0
91412,0.4590534197922408,0
30587,0.45902268747779124,0
28475,0.4590120814438226,0
46314,0.45899145182441187,0
52,0.45897242040429487,0
47671,0.4589572338124043,0
38746,0.4589261484335941,0
32997,0.4589255840034074,0
50444,0.45891422123760955,0
11884,0.4588859009548849,0
33391,0.45877375888573124,0
75617,0.45876657939235743,0
61737,0.4587251107897972,0
84067,0.4586947114066632,0
49467,0.4586043674771695,0
8873,0.45859693498943377,0
25589,0.4585316277901058,0
15554,0.458505872752175,0
21014,0.45849097850229165,0
50188,0.4584825053190117,0
17007,0.4584202148565224,0
60065,0.45838197700530986,0
14730,0.4583786085336702,0
7012,0.45831820846420124,0
95894,0.45830014335974634,0
29917,0.4582802177958747,0
25477,0.458245694064288,0
71396,0.45812603571299354,0
1243,0.45812435400684204,0
20271,0.45809389778408677,0
33197,0.45806725213448674,0
60441,0.4580580906950654,0
16044,0.45803861568075016,0
30626,0.45795193847875404,0
78760,0.45793086642566394,0
13879,0.4578821556421476,0
79365,0.45782018596720603,0
65016,0.45768541232025944,0
87435,0.4576352985693245,0
61091,0.4575821422573299,0
18709,0.45756222230097143,0
18636,0.45755218627321476,0
28901,0.4575195658618364,0
12760,0.4574905993001086,0
47800,0.4574712519975051,0
29584,0.4574601971753447,0
87761,0.45740538749959603,0
53918,0.4573982182131001,0
11380,0.4573819527536411,0
73728,0.45735537031805884,0
25980,0.4573485189026004,0
58082,0.45722684144427117,0
15213,0.45721778785890127,0
84394,0.45720522695465143,0
18932,0.45719423179972196,0
23113,0.4571643200396604,0
97126,0.45713038269713907,0
67301,0.4570754204632367,0
9685,0.45706018769027923,0
53450,0.45700810732757696,0
56766,0.45700655622904646,0
60128,0.45699786302227036,0
25821,0.45696299432001036,0
17874,0.4569571842983856,0
46269,0.45691384414539044,0
76561,0.45691324482439205,0
75891,0.4569098794245382,0
11771,0.45686778545912077,0
50047,0.4568643417403149,0
75049,0.45681606493502097,0
49178,0.4567845234797269,0
25072,0.4567798345229802,0
58244,0.45677484146645797,0
82830,0.45675207677983565,0
99522,0.45671958930859385,0
805,0.4567169973863243,0
9091,0.4567152029708502,0
65387,0.4566882162673364,0
91592,0.45668718145594095,0
57546,0.45668108311140326,0
78065,0.45663893491556873,0
91739,0.45662593896351994,0
3475,0.456621359419186,0
64681,0.4565725774959558,0
89695,0.4565407488343068,0
55164,0.45653553042284334,0
81731,0.456526431344911,0
21389,0.4564905790782654,0
2237,0.4564724559256748,0
52789,0.45645619208419713,0
40529,0.4564545053194393,0
13915,0.4564317852967519,0
35366,0.4564261332057196,0
22968,0.45642329722786623,0
28681,0.4564055474402207,0
33495,0.4563911815793934,0
80270,0.4563561246114695,0
39982,0.45631198493497593,0
86895,0.45624604429353544,0
85205,0.4562456453451421,0
22029,0.4561850600195476,0
46440,0.45617455286759556,0
18161,0.4561662067755857,0
75548,0.45608161001796166,0
1632,0.4560459438346415,0
6356,0.45602874222680795,0
50217,0.4560096094721523,0
40758,0.4559031126550972,0
32677,0.45589906325679413,0
27660,0.4558632169040373,0
98979,0.4558217563697088,0
39551,0.45580851240262754,0
38126,0.4556931653484658,0
34259,0.4556367040692187,0
23873,0.45562851018542805,0
65485,0.45562667496602915,0
30162,0.4556114510797449,0
49289,0.45555522178820707,0
26910,0.45552263629247736,0
52518,0.4554755708820266,0
24090,0.4554736552683331,0
93818,0.45546454977585193,0
69310,0.45545250143394034,0
35117,0.4554421723152084,0
19531,0.4554010899939508,0
95797,0.45536706363294366,0
18948,0.455364072976415,0
15027,0.45536216538859964,0
95126,0.4552933891462163,0
87895,0.45528942040854414,0
84197,0.4551968985560245,0
32539,0.45517639014729977,0
65478,0.45515929633904995,0
7734,0.4551518531330666,0
8837,0.45511814333832845,0
930,0.4550199721640817,0
39045,0.45501509028687803,0
18730,0.45501493071269145,0
8151,0.45498927744062273,0
45525,0.4549313100884972,0
68227,0.45492301665720575,0
12098,0.4549112394010041,0
41488,0.4549016007079675,0
92956,0.4548997030562408,0
89267,0.4548599088718235,0
25896,0.4548369504118172,0
48587,0.4548316888208684,0
44051,0.4548075223808387,0
68619,0.4547981471332949,0
46709,0.454795205712255,0
68357,0.4546698022903331,0
16480,0.4546652540558676,0
20113,0.454654994967613,0
99628,0.45465234774618263,0
89658,0.4546404039618812,0
45398,0.4546244807830742,0
17864,0.45455847641064473,0
24013,0.45454004039306234,0
3582,0.4545328114851954,0
6,0.4545301845788732,0
71545,0.4544643477740371,0
61749,0.4543726265394308,0
9128,0.4543589213530368,0
4863,0.45431738242131275,0
20091,0.45427853658888445,0
88011,0.45423468845614234,0
19907,0.45421913986496654,0
31818,0.4542067442558479,0
65795,0.4541808366140153,0
55073,0.454173195795233,0
94837,0.4541476463341841,0
47013,0.4541194659644387,0
64071,0.45402874599910026,0
7138,0.4540070932787772,0
35109,0.45396951840953337,0
9278,0.45396212677451336,0
30371,0.45394063455465966,0
32285,0.4539399956340862,0
79753,0.45392489896827676,0
87455,0.4538817189385354,0
37976,0.45388063472141216,0
27787,0.4538776712255093,0
49145,0.4538615283096536,0
81267,0.4538370645149618,0
13502,0.4538232939523449,0
41947,0.45378239478909543,0
31454,0.45374389235168455,0
60189,0.4537412446197731,0
39445,0.4537219348073474,0
36744,0.45370930221229283,0
35005,0.4537046637817535,0
27981,0.4537040731253486,0
95359,0.45363534995486027,0
62381,0.45361247137336086,0
59825,0.45356835911338406,0
38645,0.4535600514248841,0
33413,0.4535514727392967,0
99231,0.45353590578416914,0
8958,0.45353477287844807,0
18829,0.4534466592159369,0
4438,0.45342830261065786,0
68491,0.45342345974655673,0
7322,0.4534102790432408,0
51814,0.45334327375684524,0
87089,0.453250016540474,0
11742,0.4532491809814564,0
12015,0.45320842588097004,0
45219,0.4531937774563124,0
4225,0.4531731357398153,0
36558,0.4531455093295318,0
43181,0.4531279779181543,0
42091,0.4530777804277239,0
9743,0.4530759618007677,0
93796,0.4530406261540339,0
29695,0.4529494958114934,0
87733,0.4528949573879701,0
40295,0.4528693339927276,0
24667,0.45281202528647146,0
8842,0.4527722913347039,0
42497,0.45276057958604854,0
50733,0.4527505588784118,0
18318,0.45273305970005656,0
21670,0.45272813688659386,0
68937,0.45262288195263967,0
48738,0.45261962011286405,0
38102,0.4525203080482361,0
20501,0.45248520395740266,0
18934,0.45244822817633945,0
92390,0.4523827872314519,0
53032,0.45235918582886614,0
55390,0.45235885289574373,0
41650,0.4523289198356366,0
41741,0.45232392559689194,0
46959,0.4522866319389187,0
68721,0.4522189422640981,0
98314,0.45221234911886177,0
12295,0.4522047037332671,0
30493,0.4521769766031726,0
37255,0.4521642512241716,0
9134,0.4521268627934596,0
88385,0.4521103285381353,0
97401,0.4520732294035149,0
70049,0.4520436672160658,0
25390,0.45202155105805425,0
62752,0.45200573176880504,0
85494,0.45197348958113026,0
94945,0.4519441318216077,0
10077,0.45188071711045574,0
57347,0.45187517407496497,0
74417,0.4518750582538319,0
37898,0.4518590068498206,0
99415,0.4518306210740981,0
2051,0.4518244348828298,0
91379,0.45181945777630683,0
43063,0.45173414621002794,0
74311,0.45171958539919055,0
1262,0.45169567133137367,0
18778,0.4516447580751367,0
5798,0.4516292567493651,0
18553,0.45162895182894885,0
29375,0.45157891648548226,0
28515,0.4515706044976812,0
23218,0.45153678977638395,0
15699,0.4514587640553158,0
16515,0.4514568150251174,0
31601,0.4513969862536602,0
73623,0.4513074374313161,0
9257,0.45130057164311993,0
61337,0.4512949297284217,0
23668,0.4512689600476329,0
70362,0.4512671328532504,0
48529,0.4512564201201059,0
67669,0.4512457764646237,0
58977,0.4511891597795879,0
31902,0.45115324216133296,0
25518,0.4511338642715071,0
22632,0.45112702240134034,0
94956,0.4511227656863248,0
88326,0.45109116466251864,0
97671,0.45108586981127324,0
25744,0.45108315961164086,0
88384,0.45105789392917583,0
9549,0.45102966030109387,0
32094,0.4510285722711384,0
7956,0.45100621131141405,0
95677,0.4509782611735549,0
25147,0.4509327366400463,0
75314,0.45087651102520526,0
41832,0.4508764128587113,0
7623,0.4508747603522772,0
44952,0.45086450589255506,0
12523,0.4508528996225806,0
13277,0.450797179535336,0
62946,0.45079483670042,0
63347,0.45075030550391193,0
87673,0.4506853301067799,0
63567,0.45067878642397335,0
13415,0.45065067567611866,0
46290,0.45064795217214587,0
5535,0.4506058119372005,0
5937,0.4505734527742872,0
34233,0.4505419996597207,0
95258,0.4505125646598504,0
64721,0.45047167478227124,0
55802,0.45044931835083407,0
4920,0.4504489743720176,0
47612,0.45041156804407595,0
24688,0.45038765514984996,0
22544,0.45036364003967444,0
54135,0.4503538574860873,0
6749,0.4503511720602452,0
69835,0.45034540427052755,0
76438,0.45032938602862277,0
95602,0.45031177209806145,0
53620,0.45030234951221815,0
67537,0.4502978917458909,0
17277,0.45029269898697144,0
97037,0.4502203833695804,0
22601,0.4501931530445455,0
72994,0.45015015803759,0
12647,0.450143282551515,0
9142,0.45012082342902004,0
81725,0.4501150452287401,0
68049,0.4500809709653243,0
20213,0.4500497635049399,0
63353,0.45001420817357435,0
53553,0.44997895127826903,0
62814,0.449973464883921,0
7485,0.4499281091356172,0
89487,0.4499177350155879,0
99588,0.4498939064945306,0
70249,0.44988643404839324,0
9332,0.44988522907516304,0
9753,0.44981855656316744,0
37034,0.4497768154756623,0
37028,0.4497420352347127,0
1948,0.44972399195754065,0
41112,0.4497000285145386,0
93853,0.44968267454901567,0
2047,0.4496172160865433,0
63316,0.44961674965437254,0
43853,0.44961655951531276,0
97858,0.44961313354877874,0
83969,0.44960959678196394,0
35335,0.4496077374882028,0
11813,0.4495959623516887,0
94132,0.44957629497936497,0
81049,0.44957328596402557,0
1772,0.4495510930270902,0
86588,0.44954981753732637,0
9224,0.4495236076301124,0
34280,0.44951816250952303,0
12446,0.4495065383520067,0
28203,0.4494995634631761,0
18302,0.4494907198114804,0
77262,0.4494491807151845,0
57281,0.4494172019682605,0
44474,0.4493883632836414,0
69007,0.44937288598066477,0
7040,0.4493669501508388,0
43880,0.449356648857799,0
30779,0.44935241164198036,0
30797,0.44930562766584087,0
87381,0.44930065621863097,0
46210,0.4492617497020376,0
20558,0.44924847833936754,0
4981,0.4492307526201163,0
92688,0.4492085702236111,0
66728,0.44917653962538584,0
78319,0.44912821045562024,0
18919,0.44912753818859363,0
34637,0.44911608818235965,0
57324,0.4490408480469392,0
33758,0.44902672555996276,0
49501,0.4490128621182939,0
68437,0.44899049692731074,0
95877,0.44895654181525896,0
89008,0.4489461254007023,0
24163,0.44893546063291984,0
28623,0.44892728423882355,0
13479,0.44892684953574225,0
27011,0.4489030357624734,0
26555,0.4489023865752271,0
40103,0.44883248810299453,0
25262,0.44882314107642174,0
18580,0.44881430934396893,0
20932,0.4487925059205013,0
52209,0.448767888636458,0
31953,0.4487446441167166,0
92758,0.44870925324539823,0
34945,0.44869199791872905,0
65186,0.44866031301984705,0
7378,0.448646531440499,0
38809,0.44862980810861086,0
17603,0.44862015022345,0
15587,0.4486174334110259,0
14178,0.44860759815943346,0
63853,0.44857548667355285,0
56603,0.4485744115813827,0
25983,0.4485387030467173,0
19800,0.4485339812644611,0
65152,0.44849551647726155,0
11103,0.44847556045865555,0
53836,0.44847317554265603,0
88729,0.44838971729601335,0
43271,0.4483688261576394,0
66524,0.44834993799286343,0
16313,0.44833243941377915,0
53112,0.44829214515623506,0
96232,0.44828381527573335,0
16062,0.44815091100268484,0
1620,0.4481152706357903,0
46007,0.448109994910821,0
69695,0.4480921370057932,0
22754,0.4479990598909338,0
55658,0.4479956523338315,0
16854,0.44799447070865833,0
26223,0.4479779740188012,0
25655,0.4479662596630774,0
72983,0.4479560120273584,0
18593,0.44790451377936896,0
85894,0.4479038639792506,0
78994,0.44785149086110393,0
44879,0.44784762987529675,0
84450,0.44780228084913476,0
21540,0.4477939030985161,0
45014,0.44773889215827245,0
98166,0.4477198236472347,0
82868,0.44770418647346705,0
57453,0.44762739095421356,0
8775,0.4475911000805136,0
22401,0.44755387784297407,0
54850,0.4474785114129078,0
70341,0.4474776396748493,0
21931,0.44741761749922015,0
23072,0.44739994567616975,0
26452,0.4473930598463226,0
9612,0.4473684772866815,0
37283,0.4472761667480452,0
48412,0.4472492671675918,0
24476,0.447216180732042,0
33273,0.44718382622972436,0
9779,0.44710168977682735,0
55365,0.44701731397412925,0
25937,0.4470062377756669,0
38779,0.44697440291296686,0
98476,0.4469657993977412,0
19928,0.4469566037486767,0
29579,0.4469487143463674,0
55434,0.4469324805455817,0
79260,0.44689026561839934,0
2290,0.4467984675311173,0
13400,0.44675008923894177,0
59994,0.4467238509244424,0
76296,0.44666301716379875,0
37360,0.446658744319401,0
77578,0.4466545816967558,0
12592,0.4466526824422534,0
51957,0.4466387787458258,0
66965,0.4466210835940499,0
34057,0.4466060501158811,0
44903,0.44659080395220746,0
83300,0.44656597244507423,0
68639,0.4465006886781239,0
37849,0.44649173222980537,0
51319,0.4464638455256337,0
59578,0.44645796725327863,0
7068,0.4464416032112161,0
95141,0.4464145083205075,0
71254,0.44639444019115443,0
63133,0.44629092963302736,0
68125,0.4462878262219067,0
84368,0.4462474300820382,0
53786,0.44622972401543326,0
26255,0.4461833630751622,0
43637,0.44617202228481867,0
1839,0.44616089305851553,0
56977,0.44611800829709486,0
21103,0.44610813322057574,0
97057,0.44610091787077605,0
4803,0.4460956141851308,0
9445,0.44609260014766,0
18412,0.44607329119203726,0
61802,0.4460577359004201,0
54539,0.44605269854028534,0
10696,0.4460500080906414,0
4023,0.4460494422286899,0
2088,0.44599211863646193,0
93104,0.4459469140192148,0
61723,0.4459381966402034,0
6889,0.4459381172759502,0
40288,0.445931941520123,0
66538,0.44589693872987113,0
48948,0.44587569364174984,0
38889,0.44585426867330474,0
86361,0.4458509868710548,0
16913,0.4458184029408683,0
35302,0.44579010292191307,0
14267,0.44575869050835704,0
84921,0.4457304117544322,0
90242,0.44567767833819577,0
54601,0.4456573221794179,0
40059,0.44563389915102336,0
59500,0.44562041469928093,0
97854,0.4455861383351016,0
55200,0.44558440603540334,0
10120,0.4455358174572693,0
44515,0.4455237126939743,0
25413,0.4455100537711615,0
33128,0.44549327834605007,0
98164,0.4454718594639251,0
25781,0.44545352400334487,0
5326,0.44541711261045813,0
82751,0.44537317649538866,0
29471,0.44533921223522777,0
54173,0.44529111673173966,0
87799,0.44523215218457357,0
9571,0.44522910029391755,0
6009,0.4452058120001685,0
48400,0.44517604063288396,0
3966,0.44515001506466106,0
67211,0.44506595749121697,0
42276,0.44505961306113667,0
81435,0.4450223838291628,0
65303,0.44501500815238376,0
44864,0.4449998683603048,0
46119,0.44498785071869673,0
68526,0.444963619359377,0
61285,0.44496246840506953,0
61741,0.4449255779603614,0
81804,0.4448497502715275,0
65697,0.4448452352850909,0
16168,0.4447969356683552,0
45917,0.444745829152421,0
11342,0.4447396090335275,0
4340,0.4447231615671753,0
75324,0.444623998112508,0
27281,0.4445695645948676,0
76486,0.4445520055761464,0
73186,0.44454341636190153,0
34010,0.44453804202073466,0
3111,0.44453142294493725,0
6002,0.4445006518699759,0
42644,0.44449701732248115,0
71976,0.44445305505390703,0
21553,0.4444345131067304,0
74648,0.44437169682241034,0
28791,0.444343121937197,0
67192,0.4442696991749325,0
4074,0.4442620052728425,0
91507,0.44421183605617776,0
19609,0.44420696219570094,0
46680,0.4442036292681025,0
25727,0.4441974001300616,0
38542,0.44405437150609917,0
70010,0.4440420626480497,0
87693,0.4440392234301754,0
34535,0.44401886265596474,0
66550,0.4439647208453234,0
23785,0.44395259750358873,0
53637,0.44394959074439394,0
729,0.4439218376988322,0
2466,0.44391881262781674,0
98506,0.4439053005334807,0
40229,0.4438441226664232,0
70500,0.44383857108360975,0
40811,0.44383022637432673,0
9572,0.4438271119793179,0
81065,0.44382040982547594,0
21606,0.44378084710564036,0
57267,0.44373246641666714,0
1686,0.4436783670237151,0
72753,0.4436750713376847,0
20201,0.4436490176842813,0
13022,0.4436332874351888,0
41227,0.4436256060645771,0
80782,0.443612470415223,0
33516,0.44357271390635206,0
3460,0.4435623563136926,0
78302,0.44356074953835484,0
89368,0.4435554180792096,0
61788,0.4435326282358885,0
56366,0.44350063407299445,0
24884,0.4434959103727468,0
12278,0.44345652336929375,0
70633,0.44343912932980395,0
65128,0.44343678398847175,0
6510,0.44341709377889704,0
40236,0.44340297618496666,0
69226,0.4434018336892108,0
24234,0.4434004555821662,0
21013,0.4433736302097458,0
80380,0.44335314537355563,0
52811,0.4433512185628973,0
99394,0.4433510555434811,0
74564,0.4433176491626416,0
38118,0.44330087923785794,0
8434,0.4432972817353832,0
74167,0.4432870931793354,0
53610,0.44325992443184686,0
23051,0.443255340205665,0
24918,0.44322769707255,0
983,0.44320487986827084,0
20136,0.4431992832868188,0
12764,0.44314920979967254,0
53604,0.4431441226216767,0
38960,0.44310363479153336,0
4033,0.44304451385033244,0
60959,0.44304185059634626,0
57962,0.44299398827211167,0
17229,0.44298659052779193,0
56282,0.44298637014652786,0
84196,0.4429454399739834,0
7563,0.4428725142648258,0
87574,0.44285269149013257,0
7714,0.442809844890804,0
11239,0.4427426591785343,0
95870,0.44270891729507156,0
84734,0.4426841157522023,0
61078,0.4426805848240379,0
88692,0.442667133141024,0
58208,0.44265829655413386,0
86705,0.44264070981917064,0
43439,0.44254784704225614,0
26838,0.4425241199289417,0
65883,0.442421198556371,0
1379,0.44240742477869216,0
50783,0.4423925480096982,0
71473,0.44238539365949886,0
60893,0.44236678694187526,0
94657,0.44234794467915606,0
89272,0.4423165412712067,0
74418,0.44231013246880807,0
6638,0.4422423302031819,0
73619,0.4422412966557164,0
89785,0.4422334175777418,0
1926,0.44221489192318086,0
70993,0.4421694795580717,0
51824,0.4421601078562893,0
77884,0.4421416123295691,0
9620,0.4421403436157018,0
26785,0.44208123080664996,0
27819,0.44204319041975243,0
75493,0.44203983167505356,0
52405,0.44188761087563844,0
20700,0.4418745218384663,0
5514,0.4418562205577276,0
48232,0.44181206935659995,0
13448,0.4418080188093637,0
40562,0.44179792035983934,0
86043,0.4417497408991295,0
79443,0.44174803036624544,0
80273,0.44173737480321107,0
83484,0.4417308013275828,0
53548,0.44169896215094817,0
57541,0.44168039448921326,0
79919,0.44166021795084426,0
94417,0.44163944522528187,0
25938,0.44162908538096723,0
13727,0.44161692025687177,0
77505,0.44160984168063505,0
17393,0.4415973133541581,0
76465,0.4415564258282652,0
47376,0.4415533140813509,0
57378,0.4415287475432921,0
59471,0.4415264041615422,0
30639,0.44150897155631125,0
98532,0.44149327325860743,0
42682,0.4414864119586717,0
69955,0.44144439962690657,0
50843,0.4414235691110186,0
10502,0.44140842128272567,0
76695,0.44140790974336924,0
25604,0.4413410746003364,0
88882,0.4413046142406212,0
9680,0.4412141785204248,0
41313,0.4411909489806,0
44549,0.44116315245257276,0
28507,0.4411117720298508,0
50496,0.4410780421825776,0
7200,0.4410526260995697,0
17164,0.44102394700905967,0
393,0.4407941545547927,0
86236,0.4407567462775403,0
50101,0.44072230744453944,0
88864,0.4407123643167517,0
2968,0.4406815287042084,0
26822,0.44066373655758384,0
33214,0.4406166166271365,0
38782,0.44059795364861143,0
88382,0.4405358706222319,0
59594,0.44052556914444674,0
34274,0.4405151001368924,0
64252,0.44049558681054557,0
71310,0.4404854281046404,0
49479,0.4404018638682786,0
57537,0.44034934466785836,0
25271,0.44032535621312663,0
2480,0.44028823790448657,0
60781,0.44027924236898186,0
43632,0.44020526355238554,0
24139,0.4401633434166177,0
5667,0.4401581896156206,0
40440,0.4401218016335717,0
77417,0.4401140255779731,0
9463,0.44007025876568673,0
7911,0.44004533500637627,0
22186,0.4400378803727498,0
61685,0.4400166982317982,0
51065,0.43996677817383295,0
74763,0.4399116257087064,0
91436,0.43989532518979585,0
62442,0.4398734650935319,0
13790,0.4398732417225699,0
19220,0.4398102566002743,0
44367,0.43979395399958077,0
41565,0.4397410747805839,0
72761,0.43972692870071883,0
52745,0.4397047888762417,0
88979,0.4396966255059509,0
47294,0.4396927611243231,0
57197,0.4396562992376363,0
77088,0.4396350568042003,0
25990,0.4396179157712968,0
38367,0.4395938980160458,0
32750,0.43957684738117714,0
12417,0.43956115396881534,0
85474,0.43949032022058143,0
22717,0.4394889136386436,0
60194,0.4394799720043491,0
61549,0.4394709099881818,0
88758,0.4394018061715791,0
51111,0.4393204867743264,0
40179,0.43930184306385356,0
39812,0.4392829157791314,0
39685,0.4392536749563955,0
13068,0.43923694372911326,0
3838,0.43922615962959194,0
52231,0.4392058422822426,0
59596,0.439194668124277,0
85601,0.43918868311972453,0
20890,0.4391886333499514,0
82843,0.4391807193618384,0
29244,0.4391551842644949,0
43441,0.43912966745632215,0
73850,0.4391252946283226,0
10702,0.4391249532168327,0
94214,0.43911538791412086,0
23306,0.4390970875379224,0
51912,0.4390471799057237,0
13483,0.4390341473858153,0
52418,0.43899416983014267,0
53716,0.43898622319801406,0
33566,0.4389762768178558,0
72171,0.4389654895263148,0
55614,0.43896297529662137,0
91519,0.43891017339524147,0
58802,0.43886209784770586,0
20214,0.438833579143866,0
34084,0.4388066150648344,0
80916,0.43878458063283554,0
6138,0.43874686542028263,0
37260,0.43874431741767095,0
45048,0.4387124509451521,0
32243,0.4387099666685928,0
4001,0.4386594181579615,0
74851,0.43864520033532944,0
10705,0.4386178870357743,0
74348,0.4386172012317786,0
93779,0.43859951636305106,0
87490,0.43858392240779825,0
27563,0.438580608555545,0
13604,0.438572821992684,0
91100,0.43853997407295997,0
41357,0.43852152204700395,0
3380,0.4384917849045146,0
6930,0.43848961076028964,0
29481,0.4383982980236177,0
19669,0.4382799137289907,0
34596,0.4382676312853297,0
39979,0.4382508022883029,0
25103,0.4382362402257843,0
30484,0.43820302638385744,0
50897,0.4381966927133317,0
13082,0.4381803248349076,0
25671,0.43817545747976777,0
32724,0.4381676949629349,0
3490,0.4381541515754233,0
18792,0.4381330656852216,0
62966,0.4381208607691053,0
91021,0.4380943696464652,0
95024,0.43808444112449546,0
33917,0.43807455689395214,0
41456,0.43802644602886476,0
67232,0.43802632144222275,0
14939,0.4379946551922924,0
20778,0.4379908076630804,0
85207,0.4379773891101593,0
95149,0.43796994033024544,0
98062,0.4379516108147506,0
63857,0.4379065860753088,0
10129,0.4378979830610511,0
84154,0.43786659346792733,0
77188,0.4378586481944894,0
98126,0.43783732897437205,0
81630,0.4377856902364541,0
99766,0.43775743883306073,0
73670,0.43770312671061523,0
5839,0.43768347494074683,0
1782,0.43767049867356816,0
97811,0.43766809984466876,0
85946,0.43765506628387607,0
22028,0.43763115268096797,0
69662,0.43761705314970145,0
83223,0.4376019315773509,0
37140,0.4375611090167674,0
17800,0.4375066286979554,0
12722,0.4373567259660863,0
32492,0.43735304846071504,0
878,0.4373510682060012,0
28577,0.43734887743115586,0
67079,0.43734009773868704,0
29745,0.4373329909375201,0
48099,0.4372878108106566,0
95920,0.437268909855011,0
97379,0.43725418830064633,0
59595,0.43724409808256165,0
18172,0.437204239821978,0
62760,0.4371987223194359,0
43888,0.4371549666775377,0
65276,0.43712907149279656,0
34649,0.43712130610121896,0
75660,0.43711363257852265,0
23080,0.43710254157526784,0
23912,0.4370938865689632,0
47697,0.4370878613749989,0
18537,0.43703488861952144,0
89668,0.4370219471615536,0
75297,0.437007260606422,0
19798,0.4369515009773983,0
39465,0.4369388288723164,0
96536,0.4369223091478184,0
54553,0.4369147474340209,0
6901,0.4369015819593033,0
2959,0.4368917267755047,0
31988,0.43688492185896255,0
3115,0.43681013000629193,0
70536,0.43678037690938953,0
35199,0.4367778120201122,0
16260,0.43677594757055593,0
35174,0.4367711663368593,0
99252,0.4367561228648254,0
9542,0.4367161427027121,0
45983,0.4367105784147537,0
13578,0.43667101275754494,0
18760,0.4366640551420639,0
62853,0.43664479027540026,0
93621,0.4366415068195024,0
39930,0.4366397004272546,0
29191,0.43662522376926777,0
45638,0.4366158997218917,0
16128,0.43655593783997904,0
15658,0.43653253500072486,0
66681,0.4364452464466074,0
43453,0.4364415982384996,0
24941,0.436417996008409,0
18193,0.436417311587673,0
54548,0.43641644469940544,0
97549,0.43635949711292965,0
42434,0.43632856644121143,0
89420,0.4361812909861577,0
90281,0.43616705805133377,0
82284,0.43610866836981715,0
6243,0.4361057109782683,0
524,0.43608765636737407,0
63171,0.43605216457909146,0
3179,0.4360514048399436,0
4862,0.43604964623685327,0
39459,0.4360359946921298,0
56687,0.43600661002067315,0
96369,0.4359920545205804,0
35167,0.43588715974434156,0
59040,0.43588233448186386,0
35405,0.4358336850976436,0
86431,0.4357949025740442,0
36309,0.43579120687631556,0
35649,0.4357467110076314,0
23264,0.4357243941005679,0
79989,0.4357242995980551,0
33190,0.4356101875506764,0
67477,0.43557548109844035,0
32394,0.43555012763599044,0
73896,0.43553384059373246,0
91818,0.4355321555474167,0
25155,0.4354859576748585,0
62237,0.4354760440542287,0
42478,0.4354719661807124,0
46245,0.4354673285537284,0
97259,0.43545907734918177,0
27690,0.4354182311478786,0
41602,0.4353538093022893,0
52332,0.435325330510067,0
72298,0.4352941686825643,0
73346,0.43528181041604963,0
43751,0.435276906562605,0
67925,0.435230246054743,0
21378,0.43517948368673526,0
5636,0.4351744041789569,0
58694,0.4351664862871687,0
69484,0.4351573777897836,0
36402,0.4351573418439368,0
45328,0.435056686470071,0
61921,0.43502718571625565,0
34558,0.43501846270985833,0
92461,0.43500609593483136,0
82384,0.4350006823844075,0
13605,0.434990162871143,0
16485,0.43498950508019046,0
36092,0.4349600180827425,0
58505,0.4349452295600016,0
48675,0.43492731096170045,0
48171,0.4349183429387982,0
29790,0.4349041687458814,0
92998,0.43489231991136323,0
49654,0.43486207790776343,0
2415,0.43485743339829636,0
82920,0.4346573278520078,0
32227,0.4346478301556523,0
89067,0.43463916464974306,0
605,0.43462509577351677,0
15626,0.4346192534914755,0
60406,0.4346189139638956,0
2846,0.4345772314287999,0
883,0.43455974979617956,0
77988,0.4345455998716096,0
22578,0.4344854650670385,0
41219,0.4344621759974487,0
66481,0.43443632262624704,0
10895,0.43440779848973715,0
50369,0.4343639993440439,0
36173,0.43436335649235025,0
32363,0.4343544855060798,0
27993,0.4343539760952533,0
38745,0.4343527683177134,0
20614,0.434349686505993,0
4142,0.43427666881605054,0
93650,0.43422853277894574,0
79025,0.43418244861012856,0
81806,0.4341655808352641,0
50321,0.4341466955933169,0
9501,0.4341012466698269,0
36998,0.4340994499402086,0
29576,0.4340873579301089,0
49819,0.43406860173942396,0
92899,0.43406363779161977,0
75205,0.43405180875927135,0
82285,0.4340505590630599,0
87650,0.43403268690279845,0
43555,0.4340285118240242,0
21650,0.43400672161902776,0
32844,0.4339961710053285,0
33485,0.43398800526229103,0
30597,0.43396832944084673,0
78888,0.4339559827129151,0
96011,0.4339435324902677,0
87311,0.4339156967726288,0
98245,0.43391097778922744,0
69183,0.43390513549612153,0
1176,0.4339013868192139,0
75227,0.43385011805255175,0
59875,0.43383039123813083,0
23781,0.4338047976349083,0
84719,0.4337961512364397,0
16950,0.43379587934561703,0
26464,0.4337913835402653,0
97477,0.43378737584893,0
6059,0.4337741287620945,0
23635,0.4337682285646239,0
64924,0.43375051653383506,0
29364,0.4337504006455603,0
46773,0.43372658613878884,0
8637,0.43372353313548834,0
82252,0.43371485297379236,0
92879,0.43368992289197444,0
79318,0.4336742194623894,0
27657,0.4336630203347711,0
95097,0.43363686678092134,0
40559,0.43362600104420146,0
14960,0.43358840985485875,0
15025,0.4335729710575131,0
19528,0.4335667130324121,0
1909,0.4335561663451404,0
27811,0.4335393142183338,0
22425,0.4335109745214904,0
1972,0.4334807716938911,0
10267,0.4334434295731643,0
88715,0.4334138259173248,0
501,0.4333939678315914,0
66411,0.43339244843834146,0
82637,0.43336908375049216,0
76443,0.4333666144369428,0
43251,0.43333237906405414,0
56121,0.4333164020964675,0
14477,0.43325984131227024,0
19572,0.4332432285830532,0
27449,0.4332319487336372,0
18473,0.4332205194241822,0
8207,0.4331956691488069,0
65716,0.4331463300400862,0
66668,0.43314622167855715,0
25588,0.43313564007288674,0
43665,0.43312684109852834,0
45405,0.4330479529157985,0
76244,0.4330407939199218,0
9243,0.4329963841836253,0
16927,0.4329794868351176,0
11805,0.43296808077699006,0
14101,0.43296405210570643,0
70814,0.43292298464836454,0
13235,0.4328907309276683,0
923,0.43288750643211565,0
36671,0.43288288442533945,0
67070,0.4328011356129291,0
24549,0.43278369825510854,0
89688,0.43276613782591483,0
66900,0.4327623860986207,0
44737,0.4327424165766493,0
50899,0.43272690923122653,0
57838,0.4327116519200653,0
34165,0.4326510841592383,0
52639,0.4326407563547893,0
32279,0.43262330368909263,0
1766,0.43260456746265297,0
51253,0.4325976694481158,0
42484,0.4325748192311654,0
87060,0.4325690426479018,0
89704,0.43256474819802704,0
45239,0.4325631207757453,0
45007,0.432478191620673,0
87789,0.43245175202683717,0
22487,0.43243866003092857,0
64811,0.4324268722293977,0
32951,0.43236840217674466,0
87486,0.4323479289697444,0
26470,0.43234024475482835,0
79377,0.4322673421128695,0
71458,0.432229790760855,0
13403,0.4322117513930135,0
51717,0.43218742623711404,0
86098,0.432160125320387,0
45005,0.4321553293756178,0
1668,0.4321058760572359,0
42926,0.432079392998194,0
44047,0.432064222959442,0
92938,0.43200660663270446,0
60064,0.4319943793260791,0
25761,0.4319679590843387,0
82876,0.43194605486449067,0
77775,0.4319366723923592,0
52800,0.43187447979786886,0
80067,0.43187422410064996,0
43654,0.4318724831142151,0
2499,0.4318645434765773,0
83330,0.4318004200434904,0
67545,0.4317409513809401,0
72104,0.4316820083787844,0
99711,0.43165772845238515,0
30790,0.4316482334113122,0
43536,0.43163490530204524,0
46052,0.4316211518255035,0
98684,0.4315914895474162,0
48103,0.43156638999134117,0
68590,0.4315513405116628,0
32387,0.4315357268136143,0
37827,0.43147845551691444,0
26339,0.43147312610662203,0
75310,0.43146501312400165,0
65246,0.431454694622042,0
5995,0.4313732080803116,0
68806,0.43136935861926334,0
58110,0.4313624240867609,0
11511,0.43135817585171776,0
92257,0.43135133504813145,0
64419,0.4312972216725728,0
53289,0.43125880959367924,0
66131,0.43125523517968534,0
80012,0.4312499035313139,0
26521,0.4312103267567037,0
94815,0.43119202770918424,0
46383,0.43118939453656135,0
35791,0.4311782999975798,0
13739,0.43114673838481044,0
12120,0.43113035652590875,0
2562,0.4311279231233901,0
57936,0.4310960238179169,0
26281,0.4310681896264845,0
45194,0.4310676472545541,0
31401,0.43106039187871875,0
64379,0.43105949484623857,0
25790,0.4310420498455994,0
47478,0.4310157466261512,0
62787,0.43101433417882773,0
39297,0.430983927762489,0
69327,0.4309755025701439,0
60484,0.4309726676288136,0
79390,0.430857079199237,0
58606,0.4308322905741953,0
68224,0.4308184427235405,0
56923,0.43080898081117924,0
78433,0.4307367669214728,0
28762,0.4307205801261794,0
73099,0.43071620393451593,0
38492,0.4307141545721934,0
83414,0.4306924561078963,0
26861,0.4306705081333232,0
17642,0.4305791289383108,0
11433,0.4305427594319824,0
44537,0.4305078875911304,0
42412,0.4305078233880289,0
6112,0.43049385483119235,0
78170,0.4304677772754085,0
53287,0.430466031694195,0
31858,0.43045729794568177,0
26927,0.4304053382950497,0
73199,0.4304037613642758,0
61693,0.43037929183499046,0
63617,0.4303479569797574,0
7132,0.43029979961659626,0
10655,0.4302436992975935,0
21018,0.4302321088995554,0
26389,0.430168075536769,0
29283,0.4301507106469725,0
60268,0.43010730447327633,0
27816,0.43009249061306,0
80398,0.4300762133830443,0
38397,0.4300357891714419,0
73461,0.4300249789867115,0
27916,0.4299912418850732,0
93340,0.42998119334796125,0
32195,0.42996384973521484,0
54357,0.4299399465388147,0
22072,0.4299204904117429,0
63926,0.4298945476891254,0
48838,0.4298307321538451,0
54326,0.4298235068647131,0
87041,0.4297841833940579,0
11298,0.42977149454248714,0
21011,0.4297656140031353,0
12424,0.42973066680690525,0
44501,0.42972998935073015,0
8027,0.4297032237982518,0
70765,0.4296740549197117,0
36459,0.42965599137432553,0
76962,0.42964379212938114,0
36194,0.42963325929644547,0
56311,0.4296302761699012,0
55106,0.4295826938782204,0
84701,0.4295736019936332,0
74320,0.4295632533865932,0
43397,0.4295125880768435,0
95817,0.4294876915212512,0
71214,0.429476466634333,0
86788,0.42946605499540447,0
51463,0.4294527481764619,0
50883,0.4294339306720958,0
13147,0.42943004750861796,0
29778,0.429426652967935,0
24914,0.42942022662020235,0
98626,0.4294119745663897,0
65952,0.42940976095610556,0
27789,0.429396284849816,0
88696,0.4293546076128693,0
37408,0.4293261927636374,0
48753,0.42922187128934336,0
14869,0.4292122529463418,0
33154,0.42920162341108803,0
61976,0.4292010037628517,0
95314,0.42915292652731174,0
41473,0.42913385938468696,0
68728,0.4291113137804807,0
48740,0.42908520027781766,0
54156,0.42907740725074783,0
65973,0.42905274763458495,0
31613,0.42904033344961073,0
94702,0.42902310142194244,0
66631,0.42900062496045965,0
4384,0.42896505560534026,0
33220,0.42895275441374736,0
54999,0.42886657392025646,0
21229,0.428860751275989,0
22506,0.42878741837950013,0
92864,0.42878413381308533,0
4450,0.42873574068282416,0
33769,0.42872807834941873,0
48466,0.42863401935059836,0
6973,0.4285633687312295,0
38431,0.42854546672942756,0
49305,0.4285446268387601,0
81330,0.42851489795847636,0
59658,0.42850899449381324,0
70524,0.4284941363286495,0
10400,0.4284268320401001,0
66346,0.4284177941840681,0
29039,0.42838433626076683,0
2856,0.42836542600705657,0
3102,0.42833657657100654,0
80316,0.4282840736881853,0
4783,0.4282637033173631,0
6516,0.4282588666090458,0
76853,0.4282276076678677,0
27945,0.4282239277107363,0
71517,0.4282128875631784,0
76735,0.4281166820717482,0
78244,0.4281063073401537,0
14089,0.4280871798013839,0
14206,0.42807629420430265,0
77145,0.42807001037487596,0
45170,0.4280612403860046,0
79617,0.4280411636351183,0
53700,0.42803450095390894,0
48095,0.42802324535669517,0
60193,0.42801378964190717,0
1330,0.42800656233070233,0
58785,0.4279990817800405,0
34933,0.4279724802974039,0
57456,0.42797133686136263,0
80824,0.4279655396076913,0
68646,0.4279588444137713,0
61235,0.4279388629648205,0
21909,0.42792046246530374,0
16302,0.4278215297125843,0
13351,0.42781598778820634,0
56389,0.4278042934229357,0
31052,0.4277695409232595,0
48469,0.4277637618732443,0
13368,0.4277597653655899,0
30537,0.42775001526566947,0
73831,0.42770859414307294,0
24533,0.4276787226627468,0
4755,0.4276692131526659,0
7359,0.4276227345035839,0
8991,0.4275817304950426,0
37403,0.4275450661563049,0
5844,0.4275288354016079,0
21704,0.42749840970349956,0
18406,0.4274417619713034,0
89684,0.42743831122053244,0
48040,0.4273849657804169,0
47722,0.42738465803617376,0
76413,0.4273760561347453,0
39135,0.42736055783551347,0
82310,0.4273007705146274,0
53778,0.4272810906362764,0
2018,0.4272668543807479,0
37866,0.42713662040051015,0
87662,0.4271075987387352,0
92781,0.42710257315073635,0
61492,0.42705594493191146,0
74149,0.42700194217038745,0
8737,0.4269687419294071,0
29095,0.426934544562896,0
7834,0.4269265833041414,0
26461,0.42683682861865524,0
27540,0.42681301461796495,0
22786,0.42679724494648835,0
45368,0.42678878753491784,0
44303,0.42676058308476544,0
75706,0.42674244899351893,0
70663,0.42670351097032017,0
13846,0.42667800784352433,0
21036,0.42663195263022763,0
51114,0.4266281309287498,0
82957,0.4265888683462354,0
28416,0.42656187210824553,0
22380,0.42655259158601977,0
8053,0.42655226040225236,0
64214,0.426544844769946,0
92961,0.42654444656368384,0
97179,0.4265364411381001,0
38584,0.4265070504060526,0
23823,0.4264791621717669,0
34316,0.4264758785229577,0
70047,0.42646083651300865,0
22006,0.426439144973313,0
28656,0.42643109403303764,0
7061,0.4264239254495672,0
29347,0.42639268288919785,0
44699,0.4263179510030585,0
19012,0.42631465025841925,0
72324,0.4262951399344463,0
57808,0.4262156242422443,0
26053,0.42621227543563034,0
33934,0.4261763783526042,0
8809,0.42616405619837533,0
65,0.4261429317209237,0
43275,0.4261403776269465,0
26504,0.426104683113607,0
38814,0.42606413804393434,0
73357,0.4260196566417279,0
61602,0.42599333533233696,0
19703,0.4259737159544102,0
42686,0.4259496114383507,0
7962,0.42592409052868324,0
66187,0.4259067976278747,0
14725,0.4258777249828985,0
32117,0.42586855849796024,0
80942,0.4258238648076406,0
15849,0.42580939876106516,0
59968,0.4257670740574905,0
97787,0.42574943631309914,0
71500,0.42572611699614366,0
91183,0.4257040417597685,0
52655,0.42567693164258547,0
936,0.42565327257408175,0
28422,0.4256425930982431,0
2737,0.4256410150775252,0
53041,0.4256374778875263,0
82056,0.4256307708010073,0
58774,0.42556889688294014,0
14558,0.42553696755772413,0
59951,0.4255245823236606,0
25804,0.4255033202129904,0
82924,0.4254615996370069,0
75682,0.42543061058172443,0
79315,0.42540350551168726,0
33524,0.42537345868375687,0
26626,0.4253404582232362,0
96548,0.42520843589968527,0
79864,0.42520072382534596,0
46898,0.42519400014868597,0
21006,0.4251721932690631,0
71277,0.4249421991543651,0
13261,0.4249335203016583,0
35839,0.4248860158919976,0
83805,0.4248632549848378,0
33695,0.42485034364048646,0
67821,0.42483418102959086,0
16804,0.4248106848734736,0
27015,0.42480859400037946,0
61222,0.4247459437779655,0
19140,0.42472380710937657,0
19037,0.4247094121509388,0
78283,0.42466377795317095,0
51698,0.42459819101778556,0
69020,0.42453066732830325,0
72024,0.42449756949615003,0
43371,0.4244826493681222,0
33122,0.4244522402626262,0
37148,0.42444832686593,0
6193,0.42440551257998593,0
67812,0.42439810241270254,0
91660,0.42439084198060495,0
57169,0.42438388624059975,0
96530,0.4243809166210408,0
58743,0.4243585400888499,0
93195,0.4242930522732835,0
36133,0.4241661526599138,0
5544,0.42416058784534344,0
28062,0.4241461814033602,0
34741,0.424104170094455,0
84652,0.4240927699121263,0
89534,0.42394083352807754,0
65002,0.4239155274451256,0
18551,0.4239080057083948,0
10115,0.42389210847260217,0
8946,0.4238780407155143,0
94717,0.42385839853637625,0
18669,0.4238488136941587,0
53026,0.4238343448544847,0
45979,0.42383207152319513,0
29412,0.42382739028436256,0
9601,0.4238262298626179,0
63973,0.42381304704361406,0
7961,0.423773929962291,0
79961,0.42376876067290814,0
13645,0.4237493722866581,0
95924,0.42369042076199054,0
28887,0.42368014009039523,0
50072,0.4236508860665132,0
98365,0.4236156287233064,0
62862,0.42359702160563356,0
41426,0.4235446548446856,0
51673,0.4235419327218274,0
67332,0.4235057511599546,0
81355,0.4234635053997732,0
11142,0.42345768400469946,0
63282,0.4234539400759264,0
18375,0.4234360158507329,0
29319,0.42340656603214905,0
67256,0.423398208712157,0
41969,0.4233799746161452,0
74729,0.4233162170419907,0
65681,0.42327949276086857,0
5760,0.42324322230347877,0
64839,0.4232074611186845,0
77164,0.42316038488711405,0
3254,0.42314526679505005,0
8028,0.42310417765258324,0
26321,0.42310204706922505,0
25440,0.42308392888664514,0
51802,0.42307919329906174,0
58594,0.42306015116231493,0
26833,0.4230362904682386,0
92210,0.4230296098698994,0
31522,0.4229784209073286,0
21699,0.42296154193254926,0
96049,0.4229572821985853,0
58760,0.4228870061017562,0
34270,0.4228685807136164,0
34332,0.42286385158813566,0
77507,0.42284899610131826,0
11480,0.4228266888131156,0
3131,0.42281861593150144,0
41900,0.4228094341797788,0
53874,0.4227546525272013,0
33135,0.42274622560786096,0
10482,0.4226996210301703,0
63057,0.42267749046238423,0
58210,0.4226572531868125,0
59272,0.42262391507000346,0
43643,0.4225740097459727,0
75927,0.4225739553559581,0
56459,0.4225390138466041,0
80685,0.42253834416210445,0
32872,0.4225130465634176,0
59630,0.422508248736663,0
98410,0.42250356046892046,0
92230,0.4224361141437677,0
83673,0.4224005211182802,0
60034,0.42234525899610037,0
53956,0.42228995781696005,0
47483,0.4222892154221708,0
53157,0.4222887253814077,0
27453,0.42220986473800215,0
17566,0.422188428985869,0
6843,0.42217573048185275,0
98525,0.4220631946894237,0
11576,0.422044159760918,0
26768,0.4220274989300771,0
39646,0.4219805006610803,0
86707,0.4219769841430602,0
97041,0.42197289105308944,0
28495,0.4219595610575776,0
91570,0.42194554421516894,0
63058,0.4219143291079849,0
14739,0.421850434271494,0
3773,0.42182528902304356,0
34189,0.42179065638565905,0
37404,0.4217818038083345,0
71259,0.42175956984505525,0
37154,0.42174208372258615,0
47449,0.42173990213049145,0
36018,0.42173718151907535,0
56420,0.42169423240538306,0
14025,0.42162174845668793,0
21743,0.4216146191082597,0
79470,0.4215998912294806,0
14653,0.42158136582295347,0
39744,0.421577253122925,0
51855,0.4215641594222353,0
36030,0.42154063965713334,0
40403,0.4215053294154545,0
54408,0.42150166244827647,0
56370,0.42149851001655597,0
68975,0.4214946495676455,0
89484,0.42147493206298536,0
99717,0.42144698074678405,0
83672,0.4214235732809931,0
45113,0.4214005772162296,0
13650,0.4213980480357105,0
84877,0.4213817687595414,0
15598,0.42136690739106497,0
49187,0.4213539975361333,0
24750,0.4213511372068168,0
31865,0.42130792273961276,0
46100,0.42127681827421315,0
43989,0.4212571471235332,0
51498,0.4212235375065932,0
68313,0.4211871561002038,0
9157,0.421161725104748,0
31457,0.4211587720442064,0
7368,0.4211571539812669,0
37660,0.4210906126261147,0
48678,0.42107999964512716,0
88961,0.42103830649496016,0
76547,0.4209567511505298,0
84517,0.42095663602483396,0
72913,0.4209370858104843,0
5225,0.4208937031315383,0
16473,0.420888130878208,0
40777,0.42086323042736384,0
32053,0.42085827710792045,0
29782,0.42085689756837363,0
24480,0.4208335310710545,0
31048,0.4208167149042973,0
93702,0.42081292685073984,0
26173,0.4207621317316643,0
45944,0.42073748270193656,0
81069,0.4207365035480939,0
81097,0.42069402655208304,0
15814,0.4206904256510477,0
53163,0.4206674654377014,0
20977,0.42066342118027233,0
49226,0.4206601084153033,0
19,0.4206552695555783,0
56343,0.42062217690936915,0
15597,0.42050393624349097,0
28063,0.42050232248439634,0
83202,0.42049764931060085,0
95284,0.42048191914257527,0
88552,0.4204796297444093,0
16223,0.42047917986036176,0
38482,0.4204777887342508,0
43614,0.4204555665623257,0
88708,0.4204463943330446,0
40075,0.42044225455895967,0
48394,0.4204286579203332,0
19015,0.4204060130178434,0
88856,0.42036478799091415,0
14253,0.42029802435828767,0
81216,0.4202659227853453,0
7190,0.4202491167043151,0
80443,0.4202291365716595,0
3508,0.4202265801775886,0
43323,0.4202110973872844,0
4977,0.4201876291627332,0
98130,0.4201321908471552,0
42158,0.42010855790640494,0
35852,0.42009342322120874,0
71670,0.420086282691199,0
34550,0.4200680847285931,0
97968,0.4200022848753907,0
65617,0.4200020104781005,0
97167,0.41993744854966053,0
41793,0.4199351455581079,0
34977,0.4199278169135395,0
51047,0.41981999198822334,0
505,0.4198166364158329,0
36066,0.4197952882966047,0
59387,0.41978624738554055,0
11732,0.4197560967056593,0
25521,0.41974691250824864,0
43881,0.41966323587161897,0
61201,0.4196614066888143,0
34100,0.4196262222100359,0
83818,0.4196047799946958,0
9774,0.41956100610463315,0
98150,0.4194845851313816,0
93682,0.4194820706903614,0
89592,0.4194633575012906,0
86006,0.419456477247637,0
20908,0.4194552134243866,0
10671,0.41935817439115264,0
25455,0.41935535092081266,0
37857,0.41933972264068764,0
65775,0.41933851878171036,0
67983,0.4193329404584565,0
51436,0.4193305504274226,0
89571,0.4193110012629831,0
22345,0.41930669713252056,0
45819,0.419306028393595,0
41449,0.4192875949067539,0
30242,0.4192844864018379,0
89352,0.4192811401589471,0
27508,0.41925303630044747,0
14473,0.4192152062363992,0
12453,0.41920563349026296,0
60244,0.4191898021548496,0
52086,0.41917143633611254,0
7156,0.4191650570905987,0
58335,0.41913776395606106,0
23448,0.41912183428228134,0
41509,0.41906186649649585,0
16339,0.4190136631713671,0
50267,0.4190052119721373,0
17398,0.4189777105649931,0
57284,0.4189174929022563,0
78246,0.41889012243384377,0
73271,0.4188727223851787,0
9482,0.41886313685026794,0
91307,0.4188343247195482,0
68847,0.41881302400810877,0
22065,0.41880624114992365,0
83172,0.4187885844401,0
8018,0.4187833688789573,0
76536,0.4187667241355471,0
52338,0.4187226483050597,0
96340,0.41872192698926475,0
16349,0.4187016437336151,0
23619,0.4186982511175857,0
98429,0.41867317967960715,0
31631,0.41865783283235086,0
33533,0.41864985699742246,0
61691,0.4186497164226823,0
1582,0.4186335373892616,0
86906,0.41861478044541317,0
80635,0.4185924510191588,0
48353,0.4185617511636761,0
85453,0.4185422989302059,0
47268,0.4185276872367661,0
12620,0.41849224403850876,0
4842,0.41847963691441237,0
4399,0.4183630436139343,0
98835,0.4183626929891864,0
9621,0.41834419621360314,0
25676,0.41833727238981344,0
26286,0.4183129276391976,0
9696,0.4182770398504601,0
28855,0.41826588753907107,0
25121,0.41825374418435873,0
7121,0.4182381118905016,0
18402,0.41820909161937575,0
39558,0.41810126280893506,0
33479,0.4180922308671265,0
44586,0.4180908218919893,0
78309,0.4180846588108256,0
44656,0.4180608692784156,0
23399,0.41806027415009234,0
35655,0.4180354377438123,0
26334,0.4180306801823236,0
88050,0.4180021682433015,0
2608,0.4179317207572393,0
45306,0.4178523237581177,0
80289,0.4178519296495847,0
46950,0.41782411117945734,0
49679,0.4178119026479372,0
95164,0.4177884556865194,0
46060,0.41778193670587715,0
46411,0.41770446084821683,0
28604,0.41766761563474525,0
85817,0.41765338087359105,0
67638,0.4176170928182715,0
48933,0.41753114340246017,0
67284,0.4175215182523103,0
86152,0.41750248420452346,0
22043,0.4174762938363074,0
82857,0.4174677492920727,0
13062,0.41745041077524025,0
5251,0.41742347563434223,0
23,0.4174017610687715,0
4971,0.41736730306957853,0
76179,0.4173223399675608,0
40819,0.4172814538337972,0
65080,0.417269171193894,0
56787,0.4172622500682634,0
94921,0.41723632694800455,0
72198,0.4172039347964632,0
38210,0.4171905539476181,0
93587,0.41717307520283414,0
21062,0.41711375557334385,0
75401,0.4170985045854837,0
48380,0.4170889197468915,0
18790,0.41708676556744356,0
94752,0.41708546544185876,0
89995,0.4170554723805571,0
10788,0.4170365784815711,0
50153,0.417031431594924,0
31507,0.4170291960070719,0
64846,0.4170241574856518,0
83224,0.41697781075037893,0
33803,0.4169259738237095,0
40878,0.41691325930172846,0
9913,0.4168913652035732,0
36434,0.416883281803183,0
93676,0.41686602205225626,0
77240,0.41685992941091454,0
8675,0.4168568938872866,0
3504,0.4168332233654262,0
40093,0.41682411519866996,0
25258,0.4167737484121642,0
41547,0.41675291548119303,0
43774,0.41675151302814656,0
29871,0.4166829326786405,0
86070,0.416633546683454,0
61255,0.41659050706622186,0
27098,0.4165544933013829,0
42620,0.41654144133826654,0
52033,0.4165354038413613,0
30796,0.41653518081208274,0
84777,0.416523341193222,0
55969,0.41649486571030286,0
30106,0.4164760833936903,0
21301,0.4164479554366361,0
26957,0.41644692400297384,0
7337,0.41644121829714464,0
73871,0.41642824094012115,0
58222,0.41640093664618194,0
38342,0.41633161305504646,0
26342,0.4163062456052578,0
62889,0.4162709187402329,0
50230,0.4162604340347055,0
53634,0.41625521088319156,0
31625,0.4162521441193494,0
26267,0.41625103786588047,0
77582,0.4162497899697361,0
94640,0.41620168436603794,0
88261,0.4161890957769276,0
34599,0.4161799265938375,0
51807,0.4161794014366498,0
82764,0.4161672116134224,0
64074,0.4161579544566566,0
63386,0.4161506502075139,0
15319,0.4161298187413701,0
79114,0.41612664718405157,0
84435,0.41611126360576794,0
54754,0.4160998352304481,0
22095,0.41609569071133784,0
42567,0.41609336895431154,0
70624,0.4160506358997228,0
75497,0.41604126129945745,0
56261,0.41602162776702106,0
5090,0.4160028510288718,0
51250,0.41596330587659586,0
46547,0.4159133222039734,0
36547,0.41587156677126297,0
12896,0.4158610595367536,0
10558,0.4158396576386852,0
83045,0.41583081244541087,0
11881,0.41581283092586463,0
10432,0.4158017410368323,0
66620,0.4157901057458473,0
42095,0.4157539940993934,0
79742,0.4157380283455362,0
12497,0.4157130085323824,0
86598,0.41567899786980744,0
23554,0.4156727004939172,0
2739,0.4156652571167262,0
55624,0.4156397999497988,0
39974,0.4156305607658488,0
66749,0.41556848431906634,0
46769,0.4155429692711882,0
70643,0.415497740141481,0
7290,0.4154340631363056,0
37982,0.4154257148134239,0
40269,0.41534887082504374,0
11934,0.41528040012736195,0
20436,0.41527293429276974,0
94128,0.415229857506529,0
59211,0.41522957607122973,0
37182,0.4151276222451954,0
4880,0.4150811484439843,0
96960,0.41507599175498455,0
61284,0.4150479713019283,0
37715,0.4150413030974272,0
80403,0.41502414663700854,0
81726,0.41496329208549554,0
50776,0.4149292973125777,0
93776,0.41487181857889327,0
10385,0.41482446420128855,0
5785,0.41480727666932043,0
29813,0.41476808594562437,0
18164,0.41475742923389525,0
71230,0.41469769891541997,0
79198,0.4146435006064261,0
67163,0.4146089489762889,0
60829,0.4145052634762681,0
86154,0.4145044560675191,0
1451,0.4145023851218615,0
19523,0.41449439945485145,0
85190,0.4144795047506701,0
24092,0.4144186880503845,0
8605,0.41441548561266783,0
4425,0.41436275192207367,0
20859,0.4143450915907387,0
99310,0.41430178315006505,0
72251,0.4142990108099608,0
85579,0.414269829238106,0
83808,0.41426626437429936,0
2404,0.41425902141684817,0
12661,0.414183788307085,0
88568,0.41414213417780504,0
60051,0.4141194477004177,0
37089,0.4141083608670215,0
47320,0.4140714298964639,0
794,0.41406668839332994,0
63704,0.41405827366174996,0
66177,0.4140548464872194,0
42803,0.41404990632575417,0
14977,0.41404452155721627,0
87052,0.41404345344549137,0
95322,0.4140414766041659,0
33075,0.41402785614765897,0
82786,0.4139605110244814,0
22631,0.41393643859293366,0
80199,0.41392985525724324,0
2293,0.41388191940977315,0
63163,0.41386704778439043,0
55406,0.4138578346337778,0
96941,0.41385674074470835,0
51578,0.41384114385143267,0
49089,0.41383896296711237,0
23167,0.41383787740223765,0
76125,0.41383227062137445,0
34127,0.4138009695095613,0
87680,0.41379820614828783,0
23629,0.4137719163131088,0
65264,0.4137472539968646,0
32516,0.41374651887873376,0
25274,0.4137258050189745,0
55752,0.41372315728409575,0
67843,0.413677665293978,0
28288,0.4136708222127738,0
82288,0.41366640565790214,0
52012,0.4135647391983317,0
19186,0.4135644927622919,0
55442,0.41352953766667505,0
80664,0.41346117563421647,0
90325,0.4134492996658101,0
78918,0.4134138474899097,0
79037,0.41340230569656666,0
36038,0.41339443848883395,0
57140,0.4133496209679524,0
66143,0.4133429314437607,0
63526,0.41327364716210174,0
59923,0.413222968609008,0
14061,0.41321286658929635,0
73483,0.413203369517216,0
3933,0.4131924313502782,0
38677,0.41314459547871896,0
35682,0.4131099140513858,0
85879,0.4130951982139149,0
26351,0.4130898837044414,0
56862,0.4130897985359263,0
14119,0.4130848902731104,0
34723,0.41305842652760366,0
88170,0.4129968343438924,0
46540,0.41297984332935245,0
68813,0.41295956854601024,0
3756,0.4129395044709538,0
67566,0.41292764316984204,0
16185,0.4129152426435263,0
29281,0.4129128416348815,0
41635,0.4129108598663927,0
40906,0.4129000669314281,0
13145,0.4128620672854868,0
6933,0.4127996576237638,0
14315,0.4127984380320109,0
58788,0.41276630462359354,0
30619,0.41276493989568513,0
24109,0.41265865484022995,0
88351,0.4126188127997225,0
37782,0.41261214381801103,0
72756,0.4126008739195102,0
43343,0.41259688084829416,0
8170,0.41259019736703256,0
3996,0.41253644919341514,0
67931,0.4125086245201049,0
46784,0.4124954515831478,0
76417,0.4124680157665482,0
22857,0.4124538607361127,0
46149,0.41244272094783363,0
44408,0.41237927707268096,0
50425,0.4122923498033091,0
61042,0.41227698578688626,0
84610,0.41226717600612867,0
46632,0.4122515211329528,0
87437,0.4122231536952045,0
4201,0.41219033542046396,0
53019,0.4121805640261675,0
37864,0.412167038113132,0
23937,0.41216434505307625,0
21526,0.41213386030585686,0
61867,0.41211247313907273,0
21906,0.4120670836823305,0
80388,0.4120377503704968,0
28825,0.4120006595262698,0
24707,0.4119905857192226,0
69238,0.4119675942141315,0
56321,0.4119596591328629,0
85637,0.41191671793798135,0
74939,0.41187588621593935,0
46081,0.4118675332794165,0
79184,0.41185797821806597,0
54277,0.4118482063645328,0
62350,0.4118440905477139,0
37304,0.4118222914278002,0
25426,0.41178839657692845,0
96662,0.4117353224384004,0
51370,0.41172565093841046,0
28075,0.4116846473960201,0
28029,0.41166753706512527,0
53057,0.4116373429017284,0
22463,0.41163164322077894,0
51543,0.4116217125623212,0
64945,0.4116024941856721,0
95728,0.4115979609023988,0
20353,0.4115796378113445,0
30011,0.41156123999519656,0
4879,0.4115572420872978,0
8711,0.4115505166838277,0
39166,0.4115466530595244,0
34300,0.41153900544231853,0
27002,0.4115169771395514,0
11719,0.4115035410365129,0
12315,0.41141312087328924,0
6322,0.4113971695380643,0
71626,0.41132031753943393,0
19164,0.4113192779490651,0
53887,0.41123794041130696,0
23325,0.41122531437727833,0
50002,0.4112247238450146,0
81642,0.4112113767852598,0
63001,0.411170869835335,0
75526,0.411160116353703,0
37076,0.41115989061760444,0
13447,0.4111089593422249,0
69614,0.4111001265518817,0
79076,0.41107488913946433,0
22591,0.41106445962597027,0
85652,0.41104212148400615,0
78453,0.4109999308164759,0
80208,0.4109558597449987,0
87975,0.41094189335830233,0
71557,0.41090386808191603,0
30470,0.4109020020024301,0
20270,0.4108586349060683,0
42995,0.41082224757633157,0
52238,0.4108212095212309,0
52540,0.41080650295803783,0
48288,0.41078230054848086,0
8087,0.410771640850834,0
56107,0.41076584199593863,0
13959,0.41074027521792517,0
59235,0.41071713593279013,0
5464,0.410684333646049,0
47196,0.41066169757179605,0
39628,0.41066104583788915,0
57771,0.41060480948416755,0
4774,0.41060139110813926,0
45191,0.41057788211766644,0
67037,0.4105721218653083,0
27057,0.41056831998111415,0
90362,0.41053951855080495,0
57952,0.4105122282401214,0
28098,0.4105116248128778,0
51771,0.41050212335495734,0
78735,0.4104384980415658,0
31885,0.4104316775624409,0
85007,0.4104312759627408,0
51491,0.41042957967916804,0
59390,0.410425354405063,0
91968,0.4103701979404189,0
87580,0.4102903442222815,0
20849,0.41023143321460875,0
69916,0.4102112423460966,0
52464,0.4101912887621067,0
99686,0.4101731646861861,0
95806,0.4101204766403058,0
61087,0.4100936287525557,0
36900,0.4100779035520287,0
44827,0.4100535150985974,0
11288,0.41005200515287443,0
42581,0.40997916857275446,0
19167,0.4099716603681455,0
28559,0.4099512502819179,0
43691,0.40989339849411677,0
24923,0.40987470347975447,0
27915,0.4098468544761383,0
41836,0.40979771710033047,0
72517,0.4097664056815458,0
5345,0.40975537048861893,0
31869,0.40974555441367755,0
13150,0.40970918744907764,0
52768,0.40967335548665523,0
90628,0.40961742103622983,0
14951,0.40956696387511166,0
57121,0.4095474100715246,0
72697,0.40954122753013417,0
65629,0.4094934761106954,0
71674,0.4094512051753525,0
56042,0.40944888461917167,0
96805,0.4094162722602381,0
25230,0.40941194837825545,0
75597,0.4093974995234398,0
74618,0.40937922871714566,0
80583,0.4093003508232159,0
45303,0.4092908312090443,0
68100,0.40928926177407365,0
22050,0.40927201309449934,0
72838,0.40922944044705545,0
85035,0.4092261672938915,0
99499,0.4092030610586129,0
1573,0.40918751855308555,0
43956,0.40917588992873505,0
13113,0.40912026337873014,0
99358,0.40910257267786737,0
60712,0.40907913004374513,0
96272,0.40905725077281857,0
94138,0.40899835110932353,0
8852,0.40899159126252443,0
76323,0.4089691032441607,0
57319,0.4089649226402206,0
17061,0.40895748609286886,0
44490,0.4089247547638929,0
61123,0.40891642424778046,0
89537,0.4088051117875562,0
94673,0.4087972570062653,0
90554,0.4087696878577921,0
46179,0.4087235588747914,0
21491,0.40868086173280915,0
56651,0.4086732361840613,0
17187,0.40862259033111864,0
6048,0.40857078641006556,0
76453,0.4085436228697604,0
96671,0.4085366091678602,0
71021,0.40851137319930847,0
65321,0.4084916424223032,0
29973,0.4084731207132886,0
21992,0.4084517014512304,0
75290,0.40844962753605796,0
7582,0.4084310568495515,0
35359,0.4084297519591046,0
63070,0.40839899017641174,0
1085,0.4083928474469611,0
62755,0.4083617444010724,0
28838,0.40834827908435334,0
52988,0.4083334175193003,0
33025,0.408309999316971,0
14034,0.4083014649676844,0
27741,0.4082547398557474,0
45077,0.4082454065832398,0
92937,0.4082187125469266,0
59766,0.4081963634466429,0
37679,0.408163118631485,0
74113,0.4081449292667901,0
33713,0.4081218711564123,0
66592,0.40810590423980464,0
98654,0.40810305714549777,0
39900,0.408098171206943,0
49092,0.40807579621127704,0
46301,0.4080602493081133,0
10765,0.40805789821837274,0
86134,0.40803264071389367,0
26871,0.4080078550549878,0
19966,0.40799886740934693,0
18610,0.4079958815323261,0
21322,0.4078645870968731,0
40174,0.4077903716773403,0
18992,0.4077864514385443,0
4627,0.4077537895551684,0
94774,0.40772742449638166,0
83630,0.4076950446153641,0
25902,0.40766861723208914,0
87587,0.40765050254270596,0
27763,0.40759723491743804,0
64221,0.4075907152116809,0
21830,0.40754767693709887,0
44727,0.40751008681772793,0
41421,0.40750374616056384,0
19693,0.4074982631359344,0
46805,0.4074957137918279,0
75000,0.40749102578831997,0
72577,0.40747642563321484,0
52980,0.4074565148599703,0
65380,0.40745467114881057,0
39367,0.4074115516516917,0
5049,0.4074110956221127,0
3684,0.4074060068964587,0
34724,0.4072796593541018,0
21710,0.40726335824390286,0
79127,0.40718595244983646,0
71621,0.40716150993895706,0
35485,0.40714606012944654,0
43085,0.4071327249102298,0
64260,0.4071326486090575,0
33097,0.4071313106077255,0
41776,0.4071009322784337,0
13137,0.4070898505238087,0
9096,0.407086613758232,0
7402,0.4070815396008282,0
23673,0.4070590208329354,0
15677,0.4070414412433928,0
29696,0.40702384697868116,0
51830,0.40699808294876816,0
11129,0.4069696558102877,0
49191,0.40694326625168425,0
31097,0.4068861748217672,0
59393,0.4068476809637112,0
39157,0.40684657878508745,0
50574,0.40679352229656557,0
39733,0.40677199814940757,0
46587,0.40669680725621604,0
57542,0.40667211438852163,0
32020,0.40664353175228607,0
86758,0.4066378658501676,0
5382,0.4065915605420135,0
89796,0.40656327869147346,0
13480,0.4065581921529552,0
25868,0.4065575296221892,0
88813,0.4065514940753328,0
89836,0.40652183137589815,0
32994,0.4065142905251876,0
17330,0.4064968603045791,0
20839,0.4064461584485513,0
89949,0.4064440227929786,0
96220,0.4064316331432388,0
21060,0.4064057587203129,0
60325,0.4063985596801249,0
95592,0.4063680783644497,0
46781,0.4063608436473588,0
21298,0.4063340894016131,0
97859,0.40631979299725235,0
51146,0.4063115382913483,0
310,0.40629252746126343,0
34207,0.4062324232034988,0
64341,0.4061823719787993,0
32049,0.4061821023208044,0
54546,0.40616936845383794,0
44039,0.4061686429602705,0
63794,0.4061169230105826,0
78529,0.4061123525255474,0
29681,0.40608654801102334,0
78207,0.4060836338759391,0
86625,0.40601495914853053,0
47071,0.40600611322253516,0
71408,0.4059916982816979,0
2433,0.4059645811278047,0
50867,0.40595443938680353,0
25927,0.4059387540215415,0
73235,0.4059211969377467,0
99341,0.4059120902355111,0
8713,0.40591029752528346,0
94953,0.4058824328805249,0
88927,0.4058131221724823,0
33527,0.4057628725779648,0
20418,0.40576072047525125,0
30590,0.4056489864785207,0
55964,0.40558730243423785,0
8230,0.4055867310660607,0
91010,0.40558409596346945,0
66576,0.40558146718667065,0
39969,0.4055650726416384,0
13526,0.405556309570068,0
17902,0.40555103651072666,0
81911,0.4055158717637771,0
14839,0.4055133251975846,0
34665,0.4054937189391986,0
11613,0.4054722070831255,0
17473,0.4054661411693467,0
35212,0.4054637565129439,0
89438,0.405463400209696,0
71767,0.40544479052265614,0
56124,0.40544227828898344,0
14626,0.40542641303393495,0
41544,0.40541882307998656,0
5701,0.40539901296970754,0
49336,0.4053768809799752,0
48593,0.4053209924759442,0
73656,0.40530005104956635,0
38957,0.40529071572635816,0
19562,0.4052246329197961,0
168,0.40521771444867827,0
67937,0.4051935955525199,0
97223,0.40516344082913197,0
9672,0.4051243199626131,0
36293,0.4050698644317013,0
33515,0.40505527897475624,0
88957,0.40497620451440774,0
70102,0.4049602650864816,0
51172,0.40495705251215947,0
76297,0.40493826263302096,0
65756,0.4049233616273953,0
63754,0.4049034797471583,0
35576,0.4048978973724152,0
57606,0.4048841997035975,0
62195,0.40487043158519226,0
645,0.4048322407050258,0
14863,0.4048017979184061,0
49397,0.4048012239937948,0
59746,0.40479951735943653,0
24352,0.40478491283231877,0
36367,0.4047378680337773,0
26919,0.4046810555834406,0
10885,0.40467705615421823,0
21522,0.4046524606500961,0
13532,0.40464836740661086,0
97463,0.4046439540525023,0
57233,0.4046403485503967,0
73804,0.40457709335742803,0
44673,0.4045692696769068,0
44207,0.40451962439703415,0
35211,0.4045184998277787,0
81051,0.40449864751991776,0
2641,0.4044761723309892,0
76597,0.4044627603278448,0
13183,0.40445784898004855,0
32234,0.40445750923064977,0
49053,0.40444524421524497,0
85107,0.40443922957308803,0
86749,0.4044194275717063,0
5006,0.4044180547206037,0
52342,0.40441442965353613,0
27831,0.40433477607695845,0
42751,0.40431364467360387,0
75905,0.40431357599784007,0
53592,0.4043021673818413,0
97976,0.40427202864072675,0
82276,0.4042493998951803,0
75573,0.40423967556320817,0
77032,0.4042390940761269,0
55787,0.4042315156467751,0
16511,0.40423060721801823,0
82280,0.4042151811494902,0
75856,0.4041940399570304,0
12389,0.4041748853370369,0
62329,0.4041288332841688,0
27655,0.4041121722834488,0
8860,0.40408030350798607,0
36962,0.40401296270945813,0
61658,0.40400183934629363,0
64458,0.4039713978642076,0
1913,0.4039588217520147,0
9752,0.40393629948498916,0
79418,0.40391287040878465,0
16628,0.40391181790702585,0
51310,0.40390567632305013,0
21374,0.4039043346417618,0
3491,0.403887373009383,0
60638,0.4038847335025031,0
1111,0.4038442262788132,0
99221,0.4037390106644403,0
85488,0.40373508051993023,0
30214,0.40373158820187544,0
32215,0.4036998316744109,0
32692,0.40368782436916306,0
30366,0.40366296963818965,0
44066,0.4036394713988384,0
83924,0.4036033797090862,0
49678,0.4035854629215799,0
2423,0.40357106545041815,0
60698,0.4035562231700074,0
16396,0.4035398883851778,0
64160,0.4035252665935124,0
38634,0.4035147127304306,0
13675,0.4034547841969399,0
99274,0.4034363536088618,0
5498,0.4034347338416046,0
305,0.40343300693764567,0
22794,0.4034321657401258,0
33379,0.4033939338104199,0
36170,0.4033855850286486,0
10359,0.40334671224095237,0
59479,0.4033436462455456,0
74140,0.40328304274518345,0
49188,0.4032768545603291,0
37920,0.40323059248410503,0
14562,0.40319012814101435,0
14527,0.4031802568610749,0
15140,0.40314464068470274,0
40840,0.4031346860521894,0
9684,0.4031300373892726,0
73256,0.4031062599453727,0
48111,0.4030811649137416,0
40546,0.403061679679663,0
50539,0.40303761556960677,0
8125,0.40303195769227024,0
75961,0.40301776684080326,0
92611,0.40300639506446345,0
22439,0.40295047227130476,0
65432,0.4029487350117913,0
17869,0.40294864947937103,0
24198,0.40294297202842305,0
76196,0.4029137199088727,0
93926,0.4028583237095968,0
5097,0.40285825041331036,0
1675,0.40283174159269824,0
48835,0.4028061880322813,0
4308,0.4027959925891208,0
22423,0.4027953943848251,0
16067,0.4027176682533303,0
54860,0.40271542160693935,0
75819,0.40267779049946534,0
50531,0.40261587032128093,0
52410,0.4025215133464264,0
51055,0.4025029813911697,0
68573,0.4024962607756703,0
57457,0.4024862063340203,0
23610,0.4024300292291845,0
57213,0.4023865754705916,0
90583,0.40235528579866686,0
20313,0.40234949205872206,0
23595,0.40229550928961494,0
13825,0.4022945987645154,0
7642,0.4021911656342136,0
52680,0.40217564739552875,0
45674,0.4021285578896792,0
68310,0.40207313757501423,0
28609,0.4020228068618386,0
61956,0.4020029458940952,0
16375,0.40196067704728383,0
69813,0.40195378697375206,0
36148,0.4019508996297247,0
86968,0.4019424199338261,0
31259,0.40192456918823516,0
1131,0.40189056206406026,0
8931,0.40188439540841087,0
19901,0.40187319384535236,0
50832,0.4018706625426735,0
95729,0.40185148323863473,0
23870,0.40182927468839774,0
2698,0.401824983641047,0
70257,0.40181241743984086,0
99420,0.40181078474424564,0
73376,0.4017217399012235,0
62952,0.4017069924752296,0
43314,0.40170160612075145,0
85986,0.40166990293194615,0
51898,0.40166945554052363,0
53928,0.40165949067282486,0
70978,0.401656052386373,0
5500,0.40159024269909704,0
5398,0.4015829670729525,0
85202,0.4015727203323909,0
17954,0.4015685132090516,0
99013,0.4015609085728482,0
26380,0.4014972143849958,0
647,0.40137882595544533,0
62061,0.4013496640370178,0
18338,0.40134821790187275,0
51355,0.40133350796362566,0
5578,0.4013233191672698,0
84026,0.40130108374885437,0
19755,0.4012496573144205,0
50664,0.40122433904695715,0
5762,0.4012173982487578,0
59731,0.4011969914771185,0
82684,0.40119090151895126,0
61845,0.4011051205951964,0
86179,0.4010871784804077,0
82293,0.4010867519363295,0
53933,0.401085238449071,0
31137,0.4010699471889415,0
60497,0.40105247339409245,0
12411,0.40104044394381483,0
23410,0.4010177880924212,0
46375,0.4009754979840384,0
96087,0.40094272832548794,0
5367,0.40093143611308896,0
3708,0.40088614065934075,0
99124,0.4008841902048673,0
50963,0.40087840650730594,0
27906,0.40080340117438124,0
53565,0.40076450319711326,0
28555,0.4007629910199089,0
77508,0.4007561469227921,0
98264,0.40075153947727976,0
95297,0.4007393125837218,0
63563,0.40068507371460654,0
87970,0.4006805676356769,0
34299,0.4006629625285647,0
7937,0.4006556098613712,0
35432,0.4006245913741596,0
62351,0.4005768336291159,0
51157,0.40055463127753077,0
93384,0.40051891265946943,0
26022,0.4004976954168723,0
40019,0.40047252451300075,0
70067,0.40045585804595346,0
13924,0.40044105154123466,0
20014,0.4004239371102003,0
13444,0.4004194823361399,0
16197,0.4004189171572056,0
24716,0.400390510530467,0
54146,0.40034723217420876,0
49151,0.4003197110286683,0
77288,0.4003104392544446,0
76556,0.40026664509158255,0
5336,0.4002643584424343,0
88174,0.4002258534058017,0
97058,0.4001826952057987,0
32862,0.40017938026694244,0
30865,0.4001685715998086,0
70528,0.4001485930524827,0
61487,0.39998117405747,0
55959,0.3999809565956427,0
38028,0.39992968560187586,0
94001,0.3999219759092698,0
37145,0.39991117215975486,0
36964,0.39990131544202684,0
44477,0.39989584870620754,0
74217,0.3998913783143116,0
60918,0.3998634481269635,0
31791,0.39985534258968386,0
11481,0.3998064114211826,0
47201,0.399763418058846,0
27859,0.39976141489105776,0
76887,0.3997463973944892,0
68487,0.3997287129584603,0
7510,0.3997034609561665,0
23289,0.39969585904731003,0
78224,0.3996917222626061,0
44360,0.3996696334600795,0
49256,0.39966682284807786,0
77746,0.3996609398591181,0
5796,0.39964769956334073,0
4401,0.3996474887688208,0
34895,0.3996441152587533,0
51821,0.39964153703880995,0
59858,0.3996085778210472,0
56216,0.39958973388672686,0
23830,0.3995837215227358,0
6881,0.3995622212310428,0
15843,0.3995269912902714,0
1681,0.39950480579273684,0
96641,0.39948633099598485,0
22836,0.3994635100449488,0
6512,0.39945061357072126,0
57942,0.3994179294429073,0
99986,0.3994060413785493,0
56532,0.3994049240731202,0
10029,0.3993878949570806,0
55694,0.39937528612923845,0
69622,0.39937436017929423,0
54006,0.3993731231367787,0
42896,0.39935592740640813,0
60110,0.3993447504699785,0
71183,0.39924783002978004,0
52965,0.39920549899662494,0
26248,0.3992001271131702,0
36926,0.39919520055248797,0
29090,0.3991943609908821,0
61994,0.3991768195247847,0
95658,0.3991708643374445,0
3818,0.3991271566850835,0
66357,0.39912381103937916,0
29292,0.39908997243931965,0
17209,0.39902813341048077,0
99780,0.399005017173339,0
75206,0.3990044040212415,0
84994,0.3989521033007949,0
5016,0.39893867089472,0
78393,0.39893748379101157,0
43708,0.39893158240180243,0
13336,0.3989207113144891,0
48776,0.39890868158866055,0
91115,0.3988876602234722,0
5906,0.398856045002156,0
30643,0.3988467491025238,0
27095,0.39883898396806194,0
23685,0.3988300868193055,0
14668,0.3988162351075862,0
96440,0.3987877382391539,0
59790,0.39878755405171873,0
46887,0.3987779834816878,0
25080,0.3987120314428201,0
59435,0.39871085746577156,0
67882,0.398705721408643,0
78000,0.3986848935278497,0
95395,0.3986532920237771,0
30023,0.39860770092613224,0
92398,0.39854267727488474,0
5206,0.39848522926372065,0
67310,0.3984641977336011,0
12409,0.39842615685876137,0
22991,0.39840472551591305,0
2439,0.39839667339126184,0
16390,0.39837860465907626,0
92155,0.3983671953122783,0
30898,0.39833754284345135,0
45217,0.3983031046180983,0
66639,0.3982983614176675,0
97960,0.39824056918478,0
95249,0.39820249498157545,0
64032,0.39818683966963947,0
46414,0.3981437718808172,0
66420,0.3981344217995497,0
96950,0.39811279963858354,0
54488,0.3980922790974451,0
67903,0.39806044617082514,0
62980,0.3980300920298721,0
30550,0.39801333634091896,0
37196,0.3979817534476154,0
42254,0.3979441008086608,0
94387,0.3979320410015069,0
62411,0.3979183141084201,0
23659,0.39790633212853105,0
10733,0.39789250105900004,0
91867,0.39789057657774857,0
76731,0.39788379522962464,0
35216,0.397871218455977,0
19982,0.3978710745183432,0
28280,0.3978409142091584,0
90134,0.3978159801516852,0
64023,0.3977909390708124,0
57763,0.3977861773066525,0
24044,0.39771513289514554,0
73549,0.3977075375177643,0
14388,0.39766296694096975,0
39949,0.39765941436452507,0
69249,0.39762392456630147,0
82141,0.3976012423189633,0
6273,0.39759620144319924,0
33040,0.39758557821464147,0
79892,0.3975815318610662,0
22477,0.39758037470396623,0
94048,0.3975395535243497,0
63320,0.39748747858688904,0
25011,0.39747510550751886,0
59008,0.39744443009426106,0
50388,0.39742432919591003,0
90748,0.3973961171871023,0
2026,0.3973814346460199,0
84426,0.39736675468615035,0
42460,0.3972813565212103,0
93761,0.3972701935576187,0
75796,0.39724882949023965,0
54246,0.39722351400421396,0
11622,0.39720716862362976,0
943,0.3971473575989177,0
10522,0.3971128669552027,0
95867,0.3971095261663934,0
71302,0.3970968593951331,0
12717,0.3970947382263347,0
63670,0.397061506935428,0
36528,0.39704163533767634,0
73638,0.39703340973691537,0
84946,0.39702151077985,0
31082,0.3969996103214275,0
15632,0.3969379229556601,0
70226,0.39689507494279896,0
4983,0.39688979668219554,0
54726,0.39688229798187435,0
81128,0.39686069695419474,0
73451,0.39684846504336274,0
1893,0.39682227250578206,0
60857,0.39676730049079784,0
28545,0.39670672641484894,0
30495,0.39660967291874194,0
97608,0.39660605971378216,0
50925,0.3966033135796219,0
39743,0.3965692140891749,0
52806,0.3965655334809258,0
54888,0.39654959710800725,0
98913,0.3965300202117042,0
69982,0.39652185969271486,0
26193,0.3965212483712001,0
69533,0.39645828448719833,0
10873,0.39644201580646055,0
53783,0.3964190577429349,0
79768,0.39633600246882583,0
89823,0.3963291592490267,0
83369,0.3962940716971647,0
24332,0.39622822337606334,0
89376,0.39622649247034525,0
17513,0.3961802335996895,0
20402,0.3961576612838863,0
64835,0.3961380714106334,0
60676,0.3961147711824149,0
27249,0.3961005070808056,0
14624,0.3960634952122541,0
6570,0.3960592455820036,0
60272,0.39605888200749184,0
68835,0.3960124160512213,0
46150,0.39599801584947736,0
54155,0.3959915231845095,0
98445,0.3959849524827239,0
35340,0.3959664070081026,0
73229,0.3958951151339074,0
26020,0.39589239539278853,0
62788,0.3958772600742096,0
36247,0.39587264322882654,0
90139,0.39579431980651,0
25112,0.3957858445054617,0
36149,0.39578126668505004,0
46671,0.39578087586105937,0
90141,0.3957712543454572,0
52273,0.39575062059490523,0
88006,0.3957473170489622,0
73546,0.3957238570140598,0
89621,0.39570521134459974,0
14812,0.39570443569401953,0
31658,0.3956937971544772,0
58784,0.39568491965362096,0
53176,0.39562471998900706,0
7930,0.39558362979469497,0
33132,0.39556245977650994,0
56273,0.3955567046220779,0
39153,0.39548105968401126,0
37246,0.3954642900985871,0
3018,0.39545379498567607,0
9435,0.3954292496315335,0
10259,0.3954213223588855,0
26106,0.3954112423227032,0
49476,0.39540866198237895,0
30004,0.3953890486189347,0
86809,0.395372559586161,0
65164,0.39535936688273143,0
28540,0.39535385699365805,0
4429,0.3953105468328124,0
29175,0.39531040298281234,0
39570,0.3953069240539976,0
53425,0.3952724936575118,0
45881,0.39516936659125057,0
36233,0.3951487040142107,0
65486,0.39513886329696035,0
1860,0.39507583225350207,0
27207,0.39505133345895366,0
4000,0.3950434053462153,0
76702,0.39501717035056966,0
3361,0.39501075936253305,0
78262,0.39500963400389694,0
2967,0.3949823691860251,0
78671,0.3949451735597451,0
12376,0.3949368331270675,0
9742,0.39492870931883317,0
43123,0.39490604253247874,0
28525,0.3948860807116622,0
47915,0.39486544609393,0
26964,0.3948583283524603,0
16334,0.39484512918161446,0
7541,0.39483379755278913,0
12702,0.3947911587322561,0
3798,0.3947709104757419,0
84300,0.39476084504203096,0
52600,0.3947423119488824,0
90039,0.39473164789440546,0
32914,0.39473018182947156,0
773,0.39469442452858094,0
54207,0.3946843725160224,0
43160,0.39465883190530804,0
41331,0.3946370468395997,0
19827,0.39459476746143257,0
24761,0.3945903808457632,0
88977,0.39457529113851925,0
93444,0.39457081864085713,0
49676,0.3945122819392622,0
99528,0.3945011579795258,0
51862,0.39448514706572735,0
5397,0.3944780258919321,0
49107,0.39446598998237653,0
9801,0.3944338524725099,0
60800,0.394405362517969,0
62285,0.3943665660765453,0
89458,0.39434953171835263,0
97568,0.39431073639871755,0
58794,0.3942903827885305,0
86451,0.3942831867765995,0
45809,0.3942754028125977,0
35543,0.39426687104230357,0
69214,0.3942590996272025,0
57508,0.39422200412091596,0
75489,0.39421802279858087,0
53203,0.39420682046731376,0
11279,0.39419502793462297,0
76147,0.3941787820480191,0
47190,0.39411377515570334,0
19406,0.3940253631869391,0
31176,0.3940232913616168,0
63782,0.3940186864216492,0
42125,0.3940096075385051,0
62142,0.3940076739149249,0
36335,0.39398144301936605,0
74207,0.393976244827245,0
27353,0.3939649913349178,0
67236,0.39396180175393447,0
88947,0.39387320531524905,0
22153,0.39385920631488985,0
85998,0.39375043227064443,0
35969,0.3937162402787052,0
30585,0.3937108597779095,0
79599,0.3936715685259418,0
63468,0.39364278108656636,0
26392,0.3936397164934667,0
85696,0.39358107509908385,0
14885,0.3935559332706383,0
27297,0.3935528917530881,0
34770,0.393521524214413,0
44017,0.3935013518022614,0
32814,0.39348920205789883,0
44300,0.39348520302020534,0
80978,0.39348170587972275,0
77995,0.3933965351963315,0
97361,0.393391613927247,0
34930,0.3933772404249248,0
32047,0.39334617947349065,0
9213,0.39334160083102626,0
51982,0.39332118078118217,0
35880,0.39326906930598976,0
56041,0.3932594686909953,0
28305,0.39325602877459787,0
6598,0.3932496527422001,0
74419,0.39323496123841795,0
31269,0.39323275266510305,0
16512,0.3932280334508613,0
77590,0.3932266596105644,0
53718,0.39321471294445826,0
49632,0.39321367786764616,0
27178,0.3931792110868005,0
25127,0.3931535050243542,0
55545,0.3931456016934018,0
19583,0.39313652162936175,0
4394,0.3931354987961848,0
69004,0.3930961618882297,0
86907,0.39308353772354165,0
67520,0.3930557708988772,0
23831,0.39298614796952186,0
15541,0.3929668359953807,0
54592,0.3928870769178946,0
30501,0.39288685288802594,0
41077,0.39287849678976416,0
66402,0.39286479961409504,0
22447,0.3927945307304112,0
26114,0.39276167674750306,0
73524,0.39274623319702756,0
81742,0.3926990130709349,0
20122,0.3926982770622789,0
3748,0.3926710306914867,0
26619,0.3926520725073184,0
36922,0.39264076603879744,0
14673,0.3926243892509448,0
45601,0.3926037027795347,0
57532,0.39258949080493216,0
8188,0.3925465475313326,0
36382,0.39250963788248056,0
52828,0.39249138275062895,0
71619,0.39247005799530443,0
15487,0.3924447131859712,0
20852,0.39239543315644826,0
13030,0.3923674105385836,0
49585,0.3923599208237586,0
223,0.39234784707467907,0
97065,0.3923209683844768,0
47644,0.392318370441504,0
1873,0.3922973781637104,0
27997,0.3922915446148367,0
25099,0.39227066181259596,0
97089,0.3922695386807267,0
99851,0.3922559403623026,0
24813,0.39219609269550143,0
35017,0.3921731195670172,0
26015,0.39215735556306525,0
61852,0.3921507781296405,0
7388,0.39210672271129077,0
22019,0.3920656344135686,0
1145,0.3920213971223296,0
16553,0.3919829891646791,0
90579,0.3918733138352785,0
40090,0.39187074696492746,0
8707,0.3918624646847646,0
29430,0.3918454968649129,0
915,0.3918307852775538,0
87572,0.39182624305042685,0
71782,0.39182429686285813,0
99836,0.39180456339422953,0
7617,0.3917841538142016,0
5666,0.39177822819469477,0
82074,0.3917689327869244,0
62845,0.3917570128263844,0
47409,0.39174696786891017,0
13131,0.39174357827272155,0
52466,0.3917380527026277,0
70572,0.3917344562761383,0
61780,0.3917318508321458,0
26841,0.39169714750201945,0
85844,0.39167322490896317,0
10959,0.3916691403273017,0
76666,0.3916284769741043,0
28171,0.39162339337886254,0
80740,0.39160324322222984,0
37706,0.39159465721366177,0
77227,0.39157490955523566,0
31896,0.3915690961260816,0
10103,0.3915561040840143,0
59476,0.3915490025511654,0
21659,0.39147959896381224,0
37353,0.3914767315275011,0
49576,0.39145378931745956,0
86247,0.39144680444404256,0
28902,0.39142208008816715,0
70440,0.3914080060429213,0
43074,0.3914029596022061,0
23487,0.39135981273711834,0
77162,0.39130262184671133,0
76337,0.39124436358307035,0
2718,0.3911756834289623,0
606,0.39117282448277924,0
72257,0.3911384256283687,0
9143,0.39111778164878436,0
69482,0.39111758390053614,0
41208,0.3911082672691266,0
79241,0.39108835628384864,0
74844,0.3910815318161617,0
17210,0.3910653192385571,0
89941,0.39098485686552215,0
38304,0.3909090805532492,0
42207,0.3908977397561356,0
71805,0.39087445719576214,0
36197,0.3908733412104971,0
17621,0.3908531073711744,0
75491,0.3908196415198604,0
53549,0.39081175545139174,0
77587,0.39079250377961033,0
23030,0.39078466325793026,0
62616,0.39077367794591883,0
55254,0.3907666834813277,0
67395,0.39071040173804283,0
95136,0.3906446950498767,0
8885,0.39063679674135326,0
85357,0.39060890503558526,0
67907,0.3905786709308199,0
60209,0.3905707333818531,0
66593,0.3905623511542729,0
10126,0.3905546732405959,0
62309,0.39052686475802617,0
48359,0.3905043071449042,0
82872,0.3904440948069298,0
86485,0.3904235833196392,0
44632,0.39041549468316566,0
40113,0.3903835821418069,0
65932,0.39037477991769415,0
71240,0.39037281873585633,0
91128,0.3903625879667938,0
94654,0.3903557636318121,0
2030,0.39035031882923693,0
35346,0.39032260252825124,0
56048,0.3903147010599638,0
12310,0.39030883938782107,0
49528,0.39025676377962826,0
67154,0.3902520952950929,0
57991,0.39022054316752947,0
85995,0.3902038369397464,0
73053,0.39019743671291585,0
81706,0.3901947182250304,0
8023,0.3901770549402696,0
22626,0.39011102679663634,0
36738,0.3900758347154788,0
74350,0.39006684764030086,0
73621,0.3900391128327209,0
4057,0.3900030089978972,0
67866,0.38997643717749614,0
8623,0.3899432365282514,0
17654,0.3899396561045061,0
73493,0.3899093194848338,0
20140,0.38989756682372734,0
20261,0.3898969159506086,0
814,0.3898774557235539,0
46533,0.38986298174746914,0
44041,0.3898571389906957,0
43918,0.389829822213056,0
15416,0.38981713741135876,0
83093,0.38977968318202155,0
8067,0.3897035397999783,0
51761,0.3896901051447033,0
62029,0.3896640061249348,0
71707,0.38965138083639317,0
18536,0.3896256758455606,0
60691,0.38962365621295364,0
64495,0.38961506026926346,0
64478,0.3895928306511854,0
32552,0.38957840979780906,0
38551,0.3895711436948915,0
6738,0.38955312255310504,0
31386,0.3895500410721096,0
38019,0.38948237219389337,0
54468,0.38947835006453274,0
64454,0.38947261657666554,0
56783,0.38946121245065113,0
58839,0.38942964351182907,0
5328,0.3894101086465623,0
24930,0.38936605614916864,0
77811,0.3893635282315908,0
1078,0.389351361431159,0
46071,0.3892942760848522,0
41908,0.389245060954665,0
95012,0.3892287027746345,0
68457,0.38917266224637453,0
23708,0.38916793905617486,0
49047,0.389139908343718,0
13257,0.3891135375976358,0
6641,0.3890840396515875,0
47920,0.389075458581938,0
23946,0.3890564000197859,0
5403,0.38905188329865775,0
64149,0.3890491752434996,0
2938,0.3890150190109684,0
16057,0.3889641198038193,0
43932,0.38895346370245065,0
84108,0.3889442804804196,0
46834,0.38891012741075376,0
40150,0.3889053617370783,0
26655,0.38889989682705034,0
18210,0.3888947540615238,0
10112,0.38881206058098067,0
51430,0.38877393028451784,0
18442,0.38877239102646466,0
13995,0.3887668444238397,0
56139,0.3887336117020319,0
30045,0.3887321335884041,0
34263,0.38872186822322646,0
91369,0.38867296977259486,0
74358,0.3886466284149392,0
31583,0.38863184240838455,0
86474,0.3886178155598894,0
66326,0.3885798534165534,0
15739,0.3884934473043914,0
29293,0.3884553092243644,0
48481,0.38845048703870144,0
29241,0.3884475134204161,0
50415,0.38835834044561535,0
31335,0.38832672152917197,0
48411,0.3882926994073845,0
83118,0.38827186459808555,0
67406,0.3882582678713089,0
26393,0.38821548676081713,0
9430,0.3881257317824847,0
89463,0.38811175921528435,0
9651,0.3880865843261046,0
87347,0.38806985412012607,0
64926,0.38806884960051774,0
68059,0.38806656262013967,0
64065,0.388036435293344,0
60806,0.3879474229302067,0
51727,0.3879335634186025,0
36398,0.38792515700260954,0
2914,0.38791396146324547,0
77794,0.38790042576194134,0
3055,0.38788579006760127,0
94530,0.3878292941688899,0
20658,0.3878273436923018,0
96804,0.3878030766868536,0
75580,0.3878015723139802,0
65552,0.38777340030412755,0
21482,0.38776725736433876,0
99137,0.38776005705918676,0
82777,0.3876972116522288,0
3713,0.3876953379992248,0
19761,0.387683466766564,0
83335,0.38760234764905843,0
53050,0.38758756321153803,0
44468,0.3875851111145851,0
46068,0.38757819733996507,0
19217,0.38757809723866893,0
44540,0.38753469479109065,0
48180,0.38753401752558325,0
9634,0.38751786452885517,0
91719,0.3875003287975801,0
98048,0.38746879604190987,0
15880,0.3874371848378598,0
7840,0.3874234658620697,0
2463,0.3873939098644531,0
35764,0.38736550809201226,0
17357,0.3873606536609626,0
94541,0.38733737538885077,0
25917,0.38731935611249996,0
65004,0.3872890531668505,0
82967,0.38724258680145174,0
28390,0.38720121682066505,0
33098,0.38713471996745796,0
68594,0.3870855099615919,0
10413,0.3870551601364155,0
80751,0.38703896979005736,0
7825,0.3870150382682496,0
5110,0.38698930515055346,0
78131,0.3869794343505991,0
35449,0.38694029765031585,0
60648,0.38690802138977093,0
69639,0.38689500019639367,0
50110,0.3868803856730841,0
86253,0.38687200949219297,0
46804,0.38686006321495064,0
35079,0.38685711378286697,0
49579,0.38682537618024343,0
28687,0.3867956571400225,0
64211,0.38679193283957825,0
62403,0.38678950650590654,0
158,0.3867555501963391,0
74497,0.3867119675515527,0
55243,0.3866812709616497,0
84228,0.386679066293817,0
45587,0.38667678818809437,0
7460,0.386666455131356,0
51927,0.3866339683427702,0
5119,0.3865961747902812,0
14878,0.38657863575525114,0
10948,0.3865683627674059,0
42278,0.3865529098816342,0
11589,0.38651242118474105,0
28865,0.3864703277511174,0
49605,0.3864605539967514,0
55781,0.3864212269678884,0
33936,0.38641041913405605,0
13146,0.3864083927434551,0
89394,0.3863961152684751,0
73154,0.3863870633715324,0
58427,0.38636752231033694,0
68450,0.3863561072041391,0
90924,0.3863075302855978,0
14129,0.38630541006265373,0
46986,0.3862600428653662,0
59674,0.38625297353861127,0
61308,0.386233094727414,0
57803,0.38621782345385924,0
45836,0.38621705984309956,0
93108,0.38620652115583304,0
87359,0.3861572666507136,0
29904,0.3861012944170067,0
11240,0.38609738921911413,0
73413,0.38609648414072384,0
63053,0.3860674588359043,0
63739,0.3860431513652715,0
2545,0.38597456486899384,0
17923,0.385952632300508,0
34684,0.38594358420521685,0
81807,0.3859386688021267,0
80571,0.38592483039789344,0
78675,0.38589416220522443,0
91748,0.3858580863799863,0
36595,0.38584848279480277,0
59414,0.3858312152689295,0
52981,0.3858116993511943,0
41860,0.3858056698706548,0
29522,0.38577378588192834,0
49239,0.3857348906648725,0
77290,0.38573263323360574,0
41089,0.3857234283736275,0
55862,0.38568783890821196,0
30199,0.38566614391655946,0
45161,0.38565226592361984,0
17211,0.38558696992060393,0
21871,0.38554437505637823,0
52156,0.3855352661177649,0
98890,0.38552861793929766,0
83036,0.3854721285644339,0
55539,0.38545904358742966,0
55217,0.385448093868812,0
4329,0.3854428207363481,0
75228,0.38542656329520064,0
75416,0.3854246760202726,0
24343,0.38540844018702325,0
29490,0.3853992929769123,0
14138,0.3853966982446128,0
93543,0.3853950011279873,0
84115,0.38534063441457955,0
36539,0.38527869208093296,0
27014,0.3852626493772762,0
78306,0.38522875017373726,0
89064,0.3852033960267705,0
17355,0.38520115256302495,0
94160,0.3851928287383589,0
1387,0.3851041385309576,0
72329,0.38510129949834165,0
24695,0.38505065479306605,0
84945,0.38503409605964617,0
63241,0.38502814101659705,0
38841,0.38502645458025236,0
5876,0.3850240859998685,0
1230,0.385020777320016,0
24055,0.3850111843710129,0
58132,0.38499204815730853,0
67359,0.38496989561635786,0
15992,0.38493204052020613,0
94414,0.3849068762855227,0
82542,0.3848633008116713,0
52284,0.3848567568887538,0
11338,0.3848255546407621,0
45365,0.38482287452611236,0
43731,0.3848130374868027,0
40945,0.38480319642436844,0
44794,0.38474881428065405,0
13651,0.38472786205738585,0
21581,0.3847246178171246,0
68453,0.38469615361311316,0
77402,0.3846264817464668,0
29189,0.3846155530464281,0
11089,0.38461120778681385,0
3860,0.3845769714200178,0
29870,0.3845292871883165,0
12488,0.38450505121526957,0
51307,0.38449677220444706,0
50847,0.384427927139062,0
95594,0.38439350641542763,0
63574,0.38438972608953237,0
51104,0.3843325328244074,0
38694,0.38432228795992385,0
46574,0.3843147833265357,0
19857,0.38430696462645764,0
76243,0.38430043776320305,0
24805,0.38429295886248244,0
47903,0.3842766678496055,0
52625,0.38425837934431667,0
27366,0.38422495285213265,0
34121,0.3841716367500377,0
45531,0.384108301807805,0
26576,0.3840962584917506,0
43724,0.3840728233038805,0
51670,0.3840421109753028,0
90578,0.38402943585253535,0
98838,0.38397502441228,0
73735,0.38395861575682205,0
87583,0.38391019816527266,0
75263,0.38388055695042794,0
53219,0.38383293002838353,0
91794,0.38382258003219427,0
28678,0.38377033016976403,0
32793,0.3837525850269798,0
65480,0.383667089796413,0
3943,0.3836327867032352,0
48513,0.38360701191459634,0
11861,0.38360490899493177,0
57885,0.383596206379933,0
60568,0.3835815200494234,0
17694,0.3835726796660243,0
65647,0.38356775066934706,0
27376,0.3835386122082924,0
65930,0.3835172896978149,0
54523,0.3835000185113786,0
52206,0.3834953509641844,0
56035,0.38347084631087225,0
50614,0.3834653709265323,0
64224,0.38343847726928376,0
66804,0.38340410799443,0
74553,0.3834008029062399,0
51246,0.38334490477931027,0
18849,0.38332519099557105,0
40096,0.38330466702647736,0
44888,0.3832890635110561,0
99458,0.3832809272180926,0
21646,0.38326371062751463,0
39429,0.383240074501147,0
59152,0.3832315141859444,0
61584,0.38322409906404636,0
47222,0.38314581372046885,0
12643,0.3831353752319401,0
52066,0.3831075811905627,0
91311,0.38309046506629574,0
71566,0.38308826217993974,0
15709,0.3830656927552606,0
2257,0.3830374878161555,0
56262,0.3830372774241161,0
49985,0.3830195228934279,0
66913,0.38298364768078114,0
4108,0.3829816051615056,0
24446,0.382979368807843,0
80134,0.38294133217707943,0
46613,0.38290711174803815,0
73010,0.38288245057576653,0
79026,0.3828661994315391,0
20207,0.3828476003306398,0
35401,0.38284360331962225,0
95374,0.38282604556872213,0
80272,0.3827980760690518,0
15004,0.38277025135939746,0
24647,0.3827046334201221,0
11032,0.38267442620582665,0
29202,0.3826633878681216,0
10513,0.38265438018784514,0
24873,0.382645995139236,0
12618,0.3826333521334694,0
10082,0.3825814491479598,0
61305,0.3825681587143316,0
15260,0.3825133471695914,0
20862,0.3825125243686746,0
40925,0.3824965958963198,0
94410,0.38249077991447367,0
68034,0.38245928483245434,0
22662,0.38244338094107366,0
43813,0.38234294608632674,0
53923,0.3823428796883152,0
17446,0.3823335913327559,0
11404,0.3823308214878595,0
82775,0.38230648082015833,0
23474,0.3823024421642709,0
52496,0.3822999687975135,0
98079,0.3822594151772083,0
45152,0.38225711919328614,0
85518,0.38224795116046045,0
93431,0.38220704027773017,0
30477,0.38220191837671236,0
31213,0.38219211225748767,0
39962,0.3821781049580451,0
10907,0.38213608364339285,0
66806,0.382133589606417,0
69518,0.38211894646239186,0
48894,0.382106950504519,0
59338,0.38209058987103867,0
6438,0.38207635291791386,0
11432,0.38203330667427277,0
55231,0.3820111931379434,0
94178,0.382000157291004,0
63873,0.38198384147015585,0
68122,0.381962527290521,0
91983,0.38196165170493745,0
75476,0.3819477905473557,0
9931,0.3819310318604572,0
10049,0.3819127809115159,0
88305,0.38190985949645295,0
69996,0.38190433967268383,0
71659,0.38187794438788186,0
27892,0.38185308620574293,0
68336,0.38182337549876144,0
32877,0.3818090519103986,0
63579,0.3817908670635315,0
37208,0.3817622265390811,0
18612,0.38175292976635544,0
17053,0.38175264466864,0
39775,0.3817440397537475,0
53890,0.38169364996691274,0
84716,0.3816901647488034,0
32719,0.3816851478115117,0
38334,0.3816739537084341,0
96903,0.3816722783007504,0
10264,0.38165990433182595,0
22805,0.3816173045961859,0
92920,0.38160431364757275,0
79169,0.3815851875943175,0
10388,0.38158101309458525,0
63283,0.38155990926137845,0
64908,0.3814870485529602,0
73583,0.3814640888823308,0
55739,0.38143707358246104,0
94499,0.38140581912147614,0
22705,0.38138054212303646,0
97587,0.38138018310096033,0
10372,0.3813605183159084,0
20029,0.3813455713327652,0
87940,0.38131318951550996,0
43296,0.3813071610265595,0
1697,0.3812740653249871,0
54662,0.38127031614945234,0
64756,0.3812224585905495,0
72335,0.3812200926783253,0
82007,0.3812036201998343,0
30092,0.3811808736003991,0
6182,0.38115154915941524,0
84161,0.3811248734919879,0
15895,0.3811169031895617,0
38778,0.38111502025207605,0
2074,0.3810640888733066,0
70380,0.3810583195032068,0
5522,0.3810532204572562,0
98706,0.38105183748987237,0
64266,0.3810394372481039,0
27679,0.3810359976302953,0
72996,0.3809862759531047,0
53934,0.380984170139157,0
41299,0.3809647667454143,0
92234,0.3808988452006304,0
96679,0.3808876751592987,0
60013,0.3808669233010665,0
2307,0.3808637339842356,0
12986,0.38084308812966455,0
43335,0.3808093324919987,0
2901,0.38073213324524113,0
88366,0.38070979668842075,0
17106,0.38070583202501296,0
36458,0.3805909474698514,0
67803,0.3804766262646606,0
4044,0.3804620107585188,0
18124,0.3804474719387834,0
17710,0.3804434275989726,0
99088,0.38037490244407185,0
90860,0.3803488941277167,0
19041,0.38034881187704045,0
95271,0.3803437502412993,0
53479,0.3803317116144257,0
63409,0.3803083558929126,0
54016,0.38027099397134106,0
6075,0.3802704029776757,0
72824,0.3802313207970966,0
1842,0.38022498543666045,0
44343,0.38021233520549763,0
2576,0.380204595142194,0
32484,0.3801539953247406,0
76941,0.38013367588934244,0
22166,0.38012642062619056,0
73997,0.3801207614873392,0
5912,0.3801132721106464,0
6520,0.38007231987996143,0
10425,0.380064365989468,0
9570,0.38005998612922437,0
82804,0.3800253023541788,0
14486,0.37999235864794717,0
69272,0.379975941391525,0
25035,0.3799645480264576,0
33686,0.3799623586009292,0
17665,0.37989874687748254,0
95089,0.3798666260636561,0
45141,0.379865116179942,0
11263,0.3798505500373068,0
11931,0.379848839403131,0
27151,0.3798350592031162,0
27608,0.3798317203328305,0
10869,0.37982637765188554,0
10373,0.37981878552205406,0
24913,0.3797876960334594,0
61219,0.37976694061163613,0
15800,0.3797488347867526,0
84783,0.3797229894561278,0
66684,0.3797044885429348,0
56224,0.37970259643335635,0
21440,0.37967478065160193,0
215,0.37967405203658694,0
11301,0.37967076141627043,0
51107,0.3796494396226584,0
99748,0.3796393149899455,0
22765,0.3796287025138921,0
94624,0.3796279577982266,0
34537,0.37961479825871475,0
54893,0.37961041112326294,0
23069,0.3795620802720615,0
27908,0.37955900966182704,0
84865,0.37955551752832994,0
22822,0.3795409774502301,0
54562,0.37953068582371285,0
46881,0.3795290134588078,0
45679,0.3795124129774877,0
75886,0.379502445378103,0
32497,0.379481400771484,0
5435,0.3794639912427849,0
73557,0.3793968260078307,0
55165,0.3793948595438337,0
90764,0.3793694471964604,0
69093,0.3793579441150777,0
31079,0.3793321966410622,0
10001,0.37932404965517336,0
58992,0.3793115725539834,0
98514,0.3792747235634816,0
66208,0.379205241928495,0
81250,0.3792022700331154,0
23169,0.37919697323334045,0
11225,0.37915268368933075,0
15809,0.3791271151298058,0
60238,0.3791069496241372,0
37999,0.37908027048622195,0
42366,0.37907916634801353,0
90649,0.37906829091803007,0
18051,0.3790308962221784,0
41000,0.37903047028229636,0
21227,0.37902235586808763,0
61434,0.3790188190301979,0
53439,0.378967862927382,0
54458,0.378949771601252,0
21063,0.3789121925450885,0
22375,0.37889248532616004,0
15782,0.37888384041367135,0
78646,0.37883493855825445,0
11104,0.3787906589863344,0
82412,0.37875472748780115,0
65421,0.378727196505423,0
59812,0.3787214881535109,0
60673,0.37870283244844044,0
34653,0.37865432151635997,0
64830,0.3786510300686411,0
85519,0.37860252684559287,0
67408,0.3785945207625413,0
42616,0.3785723170037009,0
80423,0.3785278550140029,0
13475,0.3784923339998774,0
62762,0.37849000311977093,0
8717,0.3784665969116984,0
89401,0.37846427910510316,0
97794,0.37843814869970116,0
76374,0.3784321775710895,0
67142,0.3784302546699357,0
8733,0.37841110494451724,0
99881,0.37840446758425716,0
51581,0.3784001425745233,0
85931,0.37836889429021536,0
75498,0.37835960243460237,0
2590,0.3783474856137794,0
44686,0.3783237098083542,0
49037,0.3782189370742707,0
87409,0.3782031534827887,0
27802,0.3781883598486452,0
44126,0.3781761286041195,0
5276,0.37814134671527705,0
83409,0.37814033862423807,0
55308,0.3781291661407177,0
5824,0.3781146877422969,0
89108,0.3780900325939343,0
99490,0.3780884432825392,0
27562,0.3780855549481889,0
35251,0.37807275103305876,0
61986,0.37804407056081757,0
45409,0.37798001637577605,0
43146,0.377923134947935,0
99044,0.3778989594185607,0
27821,0.3778931871298858,0
20156,0.3778675972948189,0
53051,0.3778600375061464,0
6819,0.3778501150486748,0
51776,0.3778499102638009,0
7938,0.3778445465057831,0
97689,0.37784095423591835,0
41939,0.37783040108588417,0
58004,0.37782184280145614,0
41147,0.3777955216234143,0
34601,0.37774566805504534,0
24986,0.3777232756447365,0
11519,0.37770644555052946,0
32778,0.3777031385030846,0
22170,0.37769313105924424,0
23323,0.3776800602094584,0
65038,0.37767582145244494,0
39356,0.37767041617460684,0
40589,0.377627835306705,0
75981,0.37762305678310654,0
80655,0.37756891512791313,0
61950,0.3775475576875359,0
17672,0.37753205244618,0
6231,0.37751557299937527,0
2497,0.37751030273364683,0
70087,0.3774995432025684,0
92304,0.3774990722054126,0
52997,0.3774948544730635,0
17903,0.3774714862394803,0
50746,0.37745502182788443,0
18939,0.3774492173948809,0
97712,0.37743770090522866,0
81138,0.3773747285947085,0
49915,0.3773593144947117,0
62594,0.3773551572508197,0
84553,0.37729920574196874,0
32801,0.3772963732710204,0
85209,0.3772911934128979,0
56645,0.3772486154338866,0
84343,0.37723686569327575,0
68760,0.37722306818125817,0
77552,0.37720464452219676,0
1007,0.37719858948435203,0
29037,0.37715192091045613,0
45169,0.3771157378752456,0
36783,0.37704557286991014,0
98113,0.377029529361056,0
85953,0.37702349998274565,0
26087,0.3769968134216568,0
53570,0.376972547377553,0
95095,0.3769572449933979,0
8163,0.37693500060351515,0
72325,0.37692543488756103,0
60518,0.3769223705319783,0
19801,0.3768933480885254,0
3084,0.3768721452615923,0
20130,0.3768675849630188,0
21662,0.3768547683801151,0
95318,0.3768444608612523,0
37561,0.37682434079327604,0
56131,0.37675706261633746,0
93205,0.3767246189338415,0
27418,0.3766859688649941,0
55527,0.3766505371281304,0
5996,0.3766432531228852,0
7650,0.3766387062192831,0
58662,0.3766331578234981,0
38907,0.3766211156261624,0
48236,0.3766016362584019,0
6969,0.3765676513000653,0
99477,0.37653374561638825,0
75852,0.3765311050066777,0
11106,0.37652089615441425,0
85684,0.37648601231037093,0
21903,0.3764548272087608,0
59113,0.3764205983477061,0
7928,0.37640971285843966,0
79439,0.3763911137621184,0
59563,0.3763726846631421,0
72395,0.37636312977469316,0
9061,0.37632961056524744,0
48201,0.37631589670161836,0
19615,0.37630118568474274,0
83173,0.37629557414967496,0
7328,0.3762760245067136,0
56573,0.37624618246524905,0
75975,0.37618660689874567,0
84194,0.3761661168649247,0
70804,0.3761598919267835,0
25308,0.37609115053341746,0
28735,0.3760336649235221,0
51468,0.37600303302876464,0
90893,0.3759696513644988,0
62825,0.37593920768484135,0
67487,0.37593358302328234,0
31141,0.37592675143843307,0
92855,0.375926493271732,0
2614,0.37589521404470555,0
98003,0.375873342128069,0
99318,0.37586698151221215,0
51576,0.37575504841561347,0
7936,0.37575434259336377,0
778,0.3757271695773879,0
53199,0.3757057094327164,0
45592,0.37570141441573696,0
28394,0.37567926899582244,0
32995,0.3756714056110155,0
72215,0.3756665227968641,0
46932,0.3756416117588685,0
79312,0.3756187711208017,0
71835,0.3755885872702956,0
9920,0.3755819959093261,0
92286,0.3755285756977146,0
27734,0.3754965920645093,0
92246,0.37549637817146,0
87376,0.37548484580525604,0
87326,0.37545132305108425,0
66271,0.3754512067556046,0
57289,0.375426473447017,0
79275,0.37542626053712846,0
7508,0.37540659149703354,0
58411,0.37536811825668653,0
45620,0.3753318277036469,0
21051,0.3752975499693644,0
87743,0.3752918406690429,0
11573,0.37525130533412737,0
27394,0.3752330811050545,0
8390,0.37522401729334154,0
99602,0.3752171832725386,0
50084,0.3752112767783122,0
76132,0.3751908817607064,0
84080,0.37517307347939005,0
82939,0.37514600439728224,0
24525,0.37511248101535094,0
5005,0.37510082714229714,0
81473,0.3750849617429779,0
16094,0.3750716520311997,0
45011,0.37498754834344983,0
86061,0.37497672852528946,0
36609,0.3749239299291453,0
19786,0.3749227707216505,0
78537,0.37491287079187363,0
46945,0.37489787294240884,0
40778,0.37485425407955014,0
81488,0.3748496684386127,0
11456,0.3748314192751286,0
95191,0.3747847325032256,0
98893,0.3747139517052384,0
50162,0.3746752134767082,0
90222,0.3746305527979895,0
59584,0.3745990785149822,0
82368,0.3745761153001723,0
74406,0.3745661455668329,0
96342,0.3744875103385725,0
28153,0.3744724909253903,0
13042,0.3744263264407748,0
60028,0.3743910128620325,0
47553,0.37437100935886525,0
15918,0.37434865289623664,0
72992,0.37434446574004,0
18352,0.3743152706028307,0
74277,0.3742903895642079,0
20220,0.3742718429563406,0
49267,0.37425746560749973,0
22344,0.3742051807154578,0
37413,0.3741737814376476,0
49610,0.37416593374787305,0
4841,0.37415190286558725,0
43438,0.3740627645947752,0
36296,0.37401430541206077,0
17505,0.37397261311956925,0
92335,0.3739588008288984,0
17254,0.37391163260044674,0
6224,0.3738223966504193,0
65693,0.37379111234817164,0
14210,0.37377463163936797,0
6825,0.37374839483797245,0
86171,0.37371767619042445,0
21856,0.37371265068609205,0
85726,0.37368464883766306,0
73598,0.3736830912435706,0
28612,0.37367584947297,0
64118,0.37363591645796923,0
36795,0.3736067915761933,0
32137,0.3735937244419203,0
41685,0.3735609613681246,0
91984,0.3735427354901881,0
22320,0.37345432563221476,0
58640,0.37343811267252175,0
74031,0.3734346255400876,0
11500,0.37340185463614767,0
73331,0.3733852623622043,0
41895,0.3733459841129672,0
14889,0.3733366806526009,0
64399,0.37333343499577987,0
86437,0.3732641802474521,0
76521,0.3732637212551275,0
85582,0.3732088696916653,0
50727,0.37318663345434927,0
96450,0.3731841143663538,0
98786,0.3731611041288538,0
50864,0.3731291891738091,0
62949,0.3731268564321571,0
53856,0.3731191253143232,0
81954,0.37311875500624214,0
11728,0.37306924568037075,0
65329,0.37305252029139946,0
65059,0.37297520985590554,0
33725,0.3729710337926245,0
80149,0.37296261048878765,0
26749,0.3729574131640652,0
95238,0.37295578408012436,0
59580,0.3728736095867642,0
33988,0.3728714088511926,0
64657,0.37284241046896327,0
79550,0.37281674222313504,0
64732,0.37279835412980766,0
39680,0.3727927050219854,0
72358,0.3727729225034071,0
46107,0.3727653502759944,0
1200,0.3727601515747418,0
58901,0.3727593920016089,0
36975,0.3726867925067668,0
55651,0.37268322765002343,0
80153,0.37267528820770063,0
83597,0.37267518936507626,0
61662,0.372649869685368,0
98928,0.37264831986730085,0
56003,0.3725972173870894,0
61058,0.3725804486924948,0
34500,0.3725709511397971,0
76331,0.37256157387734096,0
19686,0.37255884088981106,0
80347,0.37255640872771767,0
57551,0.3725376948372191,0
80235,0.37249015591502493,0
66383,0.37248964584190836,0
47290,0.37242928806771014,0
98430,0.3724098913526648,0
53017,0.37237261165558183,0
45662,0.37234915690395887,0
55991,0.37233830714286986,0
83368,0.3722757658449129,0
6626,0.37226733857527455,0
77380,0.3722543785134645,0
34607,0.3722398151261382,0
55858,0.3721833678480329,0
29626,0.37216533727711437,0
87143,0.3721274791607806,0
35893,0.3721254987400604,0
46670,0.37211579802033373,0
82606,0.3721041919982131,0
11854,0.3720854070821454,0
36482,0.3720685926681197,0
77702,0.3720524926665378,0
40632,0.3720456573017684,0
50981,0.37201652499879617,0
87893,0.37194538659252474,0
59023,0.3718986242423368,0
45274,0.37189063255916527,0
57212,0.3718779890944,0
25965,0.3718530741008015,0
59044,0.37184929916180803,0
47200,0.3718095154159372,0
34110,0.3717651740959745,0
56286,0.3717414272828993,0
47024,0.371730212450521,0
60499,0.3717268899643839,0
97448,0.37167585864652053,0
68589,0.3716511828215138,0
7553,0.3716334459338092,0
18568,0.37160710226157806,0
65410,0.3715953726641942,0
41382,0.37157045227723395,0
19715,0.37156365182972745,0
20826,0.37156240769035626,0
57093,0.3715576239645564,0
47718,0.3715450648407279,0
9994,0.37153736174953594,0
26264,0.3715230882333028,0
96714,0.3715157497142136,0
49249,0.3714689070199773,0
28068,0.37146258760429857,0
73905,0.37145781271525913,0
78277,0.37145349024834395,0
21309,0.37143006366960446,0
11017,0.3714257735997359,0
39218,0.37138604243641016,0
81767,0.3713659637170415,0
97834,0.37134656862578974,0
48114,0.37132339338756665,0
72997,0.371322022147504,0
69507,0.37131897336383646,0
68533,0.37131886898580807,0
79234,0.3712569143889058,0
12868,0.37124756922522806,0
74228,0.3712357784798853,0
55981,0.371225374889581,0
86643,0.3712052769580693,0
49062,0.3711969556497644,0
80912,0.37117879612232624,0
91948,0.37117798490306253,0
29415,0.37117410913363513,0
88240,0.37117274945075796,0
26840,0.37113974476454703,0
56232,0.37110835759528316,0
8909,0.3711062473033305,0
86928,0.37104181051722046,0
97906,0.37101099219791006,0
78983,0.37098912588881466,0
30609,0.370960282872557,0
77681,0.370949876022097,0
31654,0.37093915953289414,0
80830,0.3709060069004861,0
99862,0.37086421713596746,0
44624,0.370831333730174,0
74522,0.3707960334764582,0
85095,0.37078967082067366,0
37116,0.37075597702957874,0
88211,0.370742990245196,0
58772,0.37074176330343744,0
86380,0.3707327098166426,0
87719,0.3707269754242736,0
63880,0.37069545164635653,0
66529,0.37067429854590483,0
76525,0.37065238836280456,0
51204,0.3706507996785848,0
40499,0.3706474678927886,0
65142,0.3706268319648014,0
92683,0.3706211790887341,0
57105,0.3706054016624605,0
27373,0.37057901708909596,0
21153,0.3705770674150457,0
19885,0.37054583854353,0
37215,0.3705120769795103,0
87677,0.3705008350205661,0
30016,0.3704417286688882,0
56152,0.3704292823357207,0
74155,0.3703883326415091,0
36447,0.3703790775782501,0
50175,0.3703366935929202,0
56588,0.3703298832992034,0
47898,0.3703222950277112,0
3027,0.3702818808540066,0
3656,0.3702493717855932,0
28509,0.37024217245442975,0
51530,0.370214643747395,0
76987,0.3702002924112255,0
4568,0.370163052780846,0
3805,0.37015807749699603,0
13614,0.3701405036410717,0
95958,0.3700966692809021,0
73790,0.3700904612492549,0
2315,0.37008239555663275,0
50271,0.3700699946239913,0
36000,0.37005803430751155,0
49862,0.37001308837919283,0
9645,0.3700062189919997,0
82423,0.3699560033420634,0
91813,0.36994577031348996,0
75585,0.3699154332603671,0
86570,0.3698958871706642,0
16851,0.3698802223297113,0
88289,0.369874790851184,0
602,0.36987182813736336,0
57427,0.36987117314690987,0
39292,0.3698486011480362,0
26839,0.3698338687482905,0
27361,0.36982500356035297,0
94901,0.3697812262438226,0
55167,0.36975443554800036,0
8030,0.3697444705848965,0
62794,0.3697209705023696,0
23651,0.3696909306548494,0
99042,0.3696569007977871,0
43598,0.36957354315386026,0
44978,0.36953047707791564,0
81685,0.3695039848321921,0
3314,0.36949057108047606,0
37839,0.36947323967465956,0
56574,0.369462361152849,0
25554,0.3694434180265279,0
92894,0.36942755738039834,0
83654,0.3694204441451632,0
44603,0.36939769802621264,0
1536,0.3693908961566095,0
73660,0.3693769818161674,0
79232,0.36936401050206696,0
29318,0.3693579386329762,0
96192,0.36934051917876576,0
2252,0.3693312744896276,0
26171,0.36929092100749805,0
53935,0.3692822923507022,0
35897,0.3692654906506543,0
18748,0.36921972157664895,0
88584,0.36919476365827864,0
99374,0.3691865536642989,0
47503,0.36917726858522104,0
49499,0.36915459309219445,0
36990,0.36909907325204117,0
59982,0.3690903697020061,0
35323,0.3690826212347847,0
28207,0.3689791223731522,0
37772,0.36888628139850665,0
85992,0.36885716033838173,0
23767,0.36884650232738764,0
47757,0.36884512930028357,0
27441,0.3688444510603868,0
13436,0.36883500085786414,0
58878,0.3688229109787332,0
99597,0.368809069070916,0
59792,0.3688070942042566,0
70989,0.36876063885277377,0
5541,0.3687429143546819,0
39629,0.3687397978590904,0
55736,0.3687195372190929,0
18659,0.36871494846166303,0
17781,0.3687136935074543,0
23616,0.368709369097085,0
91316,0.36869146618036436,0
52689,0.3686694551610671,0
54948,0.3686502116245169,0
37648,0.3686302608220858,0
68405,0.3686207213329529,0
15286,0.36861402163669466,0
73590,0.36857372707951586,0
16952,0.3685256297694578,0
20735,0.3684861948035355,0
31547,0.36847627644378766,0
78200,0.36846365113802104,0
62247,0.36844628735097107,0
20915,0.3684407834086879,0
6047,0.36841906165251886,0
14414,0.36840735663869056,0
90489,0.3684042082865712,0
99582,0.3683922377567732,0
75681,0.3683862076636423,0
4486,0.36837392542024877,0
50161,0.36834329868504,0
82807,0.3683379245019263,0
47335,0.368333322610117,0
37006,0.36831140078172203,0
4943,0.3683044725911084,0
69683,0.36830038866443876,0
44421,0.36827592410346277,0
73750,0.36824471165621847,0
51596,0.3682268937371697,0
57115,0.36816737798166466,0
60172,0.36816555069729023,0
20719,0.36815974744907354,0
83894,0.36813944102018137,0
39108,0.36813810178886475,0
31925,0.3681232768324202,0
10918,0.36811847735432945,0
64344,0.368113965774189,0
83601,0.36811388551262486,0
82898,0.36809014850750327,0
17524,0.368069943486654,0
7363,0.3680490737382307,0
94488,0.36804309940112473,0
6718,0.36803862374561613,0
17977,0.3680358535611772,0
32368,0.3680290609610667,0
41890,0.3679599136783853,0
27716,0.36792665123610163,0
63741,0.36788853422644324,0
99879,0.3678675145922579,0
71256,0.36786614640944826,0
77975,0.3678389024856925,0
81445,0.3677992498698584,0
51910,0.36777424705227846,0
56210,0.3677175515214505,0
29514,0.3676946842942883,0
99508,0.3676896502665893,0
77181,0.3676834581529042,0
27927,0.36766427291353676,0
21402,0.36764284585033086,0
9796,0.36759766972043423,0
38521,0.36759286875023645,0
16361,0.36754973117271306,0
36935,0.36754645279618875,0
50127,0.3675308923407258,0
28091,0.3675266690694081,0
6555,0.36750885580785586,0
11271,0.367427552391601,0
48084,0.36742267949671303,0
93808,0.36741836331646915,0
82500,0.3674079064322882,0
94517,0.36737079200119255,0
6915,0.3673459329385979,0
47450,0.36730661666268066,0
29043,0.3672908237017005,0
73367,0.367272461857139,0
28157,0.3672687346119447,0
68098,0.3672684917737959,0
11050,0.36725650567947277,0
24624,0.3672535490189043,0
52760,0.3672264921195935,0
22296,0.36721602322785724,0
96866,0.3671444251614596,0
1855,0.3671054626649925,0
19070,0.36708681971670687,0
35210,0.367085181192787,0
27364,0.36707607196829733,0
69368,0.36705826134668496,0
37307,0.3670413837974366,0
72648,0.36699447389634615,0
59260,0.3669930488656461,0
43393,0.3669542237911791,0
26825,0.36693575188338623,0
54127,0.36689835849932334,0
43844,0.36687827397986456,0
5400,0.3668368075125836,0
92941,0.3668285919585703,0
46515,0.36681976474140854,0
72556,0.3668115473052647,0
5997,0.36673516010208534,0
8064,0.3667199784739287,0
90783,0.36670520898233255,0
32849,0.3666425027831207,0
61630,0.3666079521230821,0
45474,0.3666070558700336,0
87552,0.3665857224881719,0
17983,0.36656033843501673,0
81863,0.3665422264935722,0
77218,0.3664836960894733,0
71483,0.3664833349635259,0
93783,0.36643515572601226,0
92433,0.36641732676796174,0
64376,0.3664089705020606,0
84383,0.3663927128178871,0
27701,0.36634176281404407,0
62063,0.366335597282107,0
4391,0.36631527206516534,0
3953,0.36626714241257446,0
60081,0.36626353430741726,0
59929,0.36624372206704103,0
58113,0.3661766855950905,0
61122,0.3661430846675499,0
1360,0.3661342721960388,0
38076,0.3661308235143123,0
96819,0.36612390072829737,0
56738,0.36611381370164153,0
46452,0.36611063829875984,0
73787,0.3661088822677314,0
5327,0.3660953648692986,0
41647,0.3660843945650997,0
72825,0.3659904406876052,0
37207,0.365941600259008,0
19005,0.3658871244850632,0
68283,0.36587425440289634,0
39167,0.36587389090203926,0
2350,0.36581871236523644,0
96253,0.3658175490859374,0
76272,0.36580613490253483,0
47361,0.365774852885737,0
29986,0.36576963070329144,0
962,0.36574752839883706,0
72953,0.36574536020653514,0
50837,0.3657380679134448,0
59870,0.36572704505795917,0
75116,0.3657100036311202,0
12135,0.3656967993870405,0
5255,0.36568267856710046,0
24773,0.3656584392738667,0
13710,0.3656419662748046,0
83318,0.36563608257195573,0
76366,0.3656261043569173,0
7959,0.3656190855566349,0
53986,0.3655280814615914,0
5469,0.3655275882847642,0
41438,0.36552006348113925,0
67752,0.3655117637871939,0
67002,0.365490563789689,0
58749,0.3654018942720235,0
58588,0.365400031135998,0
8052,0.3653807421705325,0
9659,0.36535349000617673,0
82768,0.3653017467422176,0
53224,0.36520913440777203,0
15951,0.3651604857759989,0
22818,0.3651537393496832,0
67604,0.365152507468848,0
35129,0.3651499291698016,0
71238,0.36514887795409784,0
72504,0.36514704630546907,0
17373,0.3651326405910921,0
73324,0.3651022261278962,0
32757,0.36508409527279834,0
2045,0.3650529370030494,0
84674,0.3650409211829603,0
70477,0.36503055821781616,0
83580,0.36501285374710335,0
9126,0.36500559129241317,0
7626,0.3649688672423467,0
41229,0.3649605635742339,0
75211,0.36495963225063766,0
87124,0.3649546033215157,0
32953,0.36491447118875336,0
45383,0.3648983098767612,0
69552,0.3648982923792269,0
53827,0.36485346923830636,0
89016,0.3648456669626152,0
93147,0.3648275778847418,0
67872,0.3647961922309399,0
9002,0.3647372630639344,0
20883,0.3647359626748348,0
48439,0.3647350350953266,0
54825,0.3646769594573711,0
52098,0.36467655420752026,0
72248,0.36467200352255424,0
48746,0.36466466134072056,0
78532,0.3646334188741271,0
21505,0.36461443733088755,0
51640,0.36459713042027847,0
93459,0.3645894180190744,0
94234,0.36457096845696063,0
31315,0.36454745959671475,0
78830,0.36453157889069865,0
49898,0.36450928761396356,0
77199,0.36448008026348266,0
98990,0.36447605184986376,0
56267,0.364350275923777,0
63141,0.3643473027312168,0
30020,0.3643084689173789,0
45118,0.3643032274156831,0
96329,0.36428884718175186,0
66861,0.3642363918685718,0
73106,0.36423562682575544,0
59779,0.3642070132245433,0
80665,0.36419463037341493,0
41736,0.3641273114670187,0
16959,0.3641020099017735,0
24605,0.36394918114401,0
14242,0.36392418274109756,0
83359,0.3639154181136348,0
59218,0.36387770714774015,0
75441,0.3638449292864057,0
59864,0.36382381775530637,0
51968,0.36375024623904356,0
32813,0.36374950650037624,0
72771,0.36374824956452106,0
25170,0.36374020369122395,0
56013,0.3637211393194279,0
89724,0.36367129545827137,0
69595,0.3636685834158893,0
55001,0.3635914244518738,0
59707,0.3635878422206641,0
82231,0.3635619641017293,0
37793,0.36354085565300787,0
29387,0.3635288994114703,0
26705,0.36350829256550377,0
53798,0.36348077819773006,0
23253,0.3634685078854778,0
59761,0.36345355476261665,0
46522,0.3634457880434072,0
96603,0.3634311572297529,0
16917,0.3634229955604022,0
58315,0.3633867067338948,0
52840,0.36338504087239853,0
38802,0.3633216286267018,0
48224,0.36323645396917004,0
19419,0.3632082303116098,0
36448,0.3631452653144315,0
39769,0.3631452281525934,0
64456,0.3631302527529056,0
45155,0.3631241848745833,0
56736,0.3631233795337427,0
82354,0.3630508422237731,0
57362,0.3630419394315148,0
8553,0.36301471949570535,0
73666,0.363002543229712,0
58379,0.362925954941176,0
99202,0.3629252858045686,0
93570,0.36287271136424953,0
47858,0.3628481990287426,0
54386,0.36279388818560016,0
37668,0.36279339353050577,0
43897,0.36275564735441634,0
72355,0.36274788541990166,0
23036,0.3627147227848605,0
2622,0.3626900710588325,0
62398,0.36263740288538915,0
74956,0.3626247527246493,0
94642,0.36259542801857797,0
63210,0.3625627856237728,0
60710,0.3625580942777571,0
11461,0.3625210420425739,0
25780,0.3624911481467581,0
79678,0.3624762655060982,0
51975,0.36243939243803425,0
73057,0.3624314867872356,0
30884,0.3624218794762496,0
65544,0.36239898041594654,0
72790,0.36235887879652134,0
39706,0.36235108813717287,0
11300,0.3623433810420306,0
61731,0.3623419967814028,0
7427,0.36231615330213296,0
69636,0.3623072096096749,0
20127,0.36228868966800426,0
2456,0.36227943563949333,0
20944,0.3622792936919102,0
20399,0.3622462266595279,0
32530,0.36224449603488357,0
72393,0.3622227548371481,0
91532,0.362194732998476,0
52248,0.3621902859732067,0
92198,0.3621892399307361,0
89206,0.36211427171459376,0
58279,0.36211072710989817,0
12034,0.36207750292601776,0
43933,0.36204424890176834,0
20150,0.3620395683853621,0
30743,0.36200724159934494,0
44201,0.3619754864995055,0
48856,0.361914887896342,0
56874,0.3617614046869704,0
35241,0.3617511878633892,0
23075,0.361745943102512,0
33631,0.3617320068102146,0
56912,0.36171808325435123,0
29034,0.3616733462876976,0
73840,0.3616356753015571,0
78713,0.36160173766696896,0
16755,0.36156987551603076,0
69051,0.3615522324891455,0
51202,0.36153966162457657,0
54826,0.36152547811728464,0
10021,0.3615049890950924,0
24396,0.3614910399667756,0
74816,0.3614682304352959,0
79774,0.36141192947731204,0
91864,0.361409475537505,0
73810,0.3614035339292583,0
72180,0.3613934938741775,0
62964,0.36138889516304007,0
13315,0.36138074339921394,0
60855,0.3613618753193618,0
5356,0.36135558938793416,0
69276,0.36135448036914675,0
38347,0.36131686562006393,0
58131,0.36130788053274454,0
21950,0.36127254146725934,0
71089,0.36126937950913746,0
53703,0.3612587091130318,0
9391,0.3611934493737052,0
14916,0.36119081817344156,0
51623,0.3611280210861462,0
95959,0.3611044933340563,0
68536,0.3610763028653915,0
35183,0.3610464960891506,0
38290,0.3610402029584639,0
6563,0.36103759185883955,0
92768,0.36103720878287376,0
92367,0.361027150384323,0
35805,0.3610240273955572,0
85392,0.36100676838529977,0
19962,0.3610037419423025,0
54687,0.3609778122748468,0
97684,0.3609560018435631,0
63640,0.3609483598556183,0
84376,0.36094396303560183,0
40682,0.360919314234151,0
34808,0.3609191988751391,0
63467,0.360916382817556,0
10808,0.36091511155634165,0
70097,0.3608756661066373,0
75985,0.3608663432820267,0
75532,0.36077249916627857,0
64740,0.3607425947507624,0
58443,0.36068740196028687,0
74754,0.3606646556890987,0
51817,0.3606292509160488,0
40239,0.36059096796679985,0
57104,0.3605789838633121,0
18047,0.36053580142190206,0
78772,0.360518270898301,0
97063,0.3604770896302487,0
95513,0.3604729529983389,0
46362,0.3604715256299455,0
15297,0.3604327930143769,0
43217,0.3604050121378476,0
97169,0.3603966157983846,0
87123,0.36038964365663834,0
50316,0.3603557185888368,0
30600,0.3603491469415559,0
8806,0.3603204267392269,0
72087,0.36031787471967097,0
47769,0.3602986699337641,0
16557,0.36027925014379836,0
57269,0.3602481866425822,0
26044,0.3602128156842911,0
59265,0.3602101195556589,0
36394,0.360199251120864,0
5370,0.36015296111970896,0
75349,0.36014394679634226,0
22004,0.3601367222866115,0
13550,0.36013459122518887,0
61000,0.3601248332640369,0
91885,0.36011292202029566,0
23038,0.3601059058509003,0
24758,0.36008423591605004,0
55574,0.36002057565209244,0
2056,0.3599956226394843,0
375,0.3599497329208246,0
9852,0.3599465986124846,0
70444,0.359929974938041,0
68613,0.35991990634002424,0
66602,0.3599138624462445,0
26484,0.35988718967211225,0
3145,0.35987701059489074,0
15970,0.35984176987583577,0
45195,0.35983542963984344,0
93630,0.35983192141981835,0
87720,0.35983165576556114,0
60040,0.35979424271534205,0
76034,0.3597867463516159,0
25576,0.35977939212664545,0
21916,0.3597445627783027,0
70314,0.35970166046918534,0
55639,0.35969216044361885,0
80427,0.35964916738976743,0
85292,0.3595803661012845,0
64122,0.3594900068402063,0
39858,0.3594686834210971,0
60030,0.35946747409711993,0
98484,0.35936215283394024,0
27850,0.3593521597773728,0
56192,0.3593451801322116,0
71153,0.35934099642088146,0
29180,0.3593343508857536,0
64533,0.35932568357137795,0
3377,0.3592869177903591,0
83133,0.3592833509475869,0
75727,0.3592801785705324,0
38463,0.3592628732286172,0
73825,0.35926040176240603,0
50917,0.3592501930426803,0
33352,0.35924417405584474,0
45324,0.35922953273618097,0
43356,0.3592281053195014,0
1270,0.35922404764863536,0
94513,0.3592198080520777,0
24029,0.35920528035717675,0
90254,0.3591963045617394,0
59572,0.3591587615455045,0
25102,0.3591467680159606,0
16926,0.35913809687208326,0
58050,0.3591207544524925,0
86728,0.3591140641500446,0
2868,0.3590757571149435,0
94584,0.3590615516017314,0
89269,0.3590250157027479,0
71201,0.35901084479425605,0
51040,0.35898974395950545,0
70505,0.35898966781169106,0
41952,0.35894478384545114,0
53705,0.35893040643807095,0
27530,0.35891020845585925,0
45698,0.3589101342638978,0
15902,0.35888353670840223,0
5533,0.35887017538119115,0
22655,0.3588320048728755,0
28873,0.35882922303647125,0
65614,0.3587985551379187,0
6750,0.35875286306325804,0
95245,0.3587198296218819,0
76445,0.35871005100512493,0
11621,0.35870295046988776,0
49755,0.3586974277035546,0
51010,0.3586899630747512,0
62629,0.35867950994462905,0
17697,0.35867378716372544,0
52543,0.35866325001955207,0
71209,0.35863256243522945,0
62167,0.35862102855003775,0
33870,0.35862047849330386,0
57708,0.35856160642572793,0
35219,0.35855407926751254,0
47466,0.3585275615910119,0
90334,0.35850102682872126,0
2591,0.3584962596703365,0
92111,0.3584922431405615,0
77061,0.3584852495410409,0
45573,0.35848337820974463,0
27723,0.3584790597861518,0
45791,0.3584776483495096,0
17162,0.35847315084138937,0
93293,0.35846821873236556,0
57928,0.35846411319055105,0
33892,0.35843746999037956,0
87345,0.3584294727947006,0
44467,0.3584169699690667,0
19890,0.3583904963124211,0
36119,0.3583590440986095,0
69361,0.3583570104979533,0
95252,0.35835346288959974,0
74909,0.3583431707766657,0
88142,0.3583266623232207,0
782,0.35832500121932165,0
42261,0.35831907179687245,0
13236,0.3583157948803243,0
79459,0.35823167740083023,0
62569,0.35821492953587847,0
2027,0.35821142149083807,0
23971,0.35820593869237716,0
43651,0.3581819283129154,0
81589,0.35816454431921996,0
17629,0.35814531899289453,0
49278,0.3581263893451239,0
99960,0.3581058138673069,0
74884,0.35810202675326985,0
97634,0.358096083334403,0
18325,0.3580954484046625,0
85943,0.35808775041166596,0
60165,0.3580701945345859,0
23499,0.3580646624299412,0
49049,0.3580009489867108,0
65136,0.3579803010707668,0
40349,0.35797679128773413,0
24491,0.35796109205287097,0
20590,0.35793673108530527,0
83166,0.35793532589216726,0
83101,0.357933528839762,0
25055,0.35790659878164627,0
81078,0.35789992918145713,0
31550,0.35788507324737456,0
3738,0.35786801810463065,0
5626,0.3578669127207075,0
50851,0.3578578708841231,0
55725,0.3578168863058731,0
20926,0.3578166317972569,0
73768,0.35778975569729704,0
83943,0.35777961752202364,0
49020,0.357766716894942,0
37806,0.3577334159493231,0
86085,0.35766712538951195,0
58530,0.35765856299726273,0
49803,0.35764633173392724,0
60851,0.35761666682269433,0
55647,0.35760643748990617,0
35933,0.35760560288654114,0
68345,0.35760368070735477,0
35292,0.35760255233642396,0
68776,0.35760047778150295,0
56546,0.3575667512985453,0
67591,0.35756381527409975,0
42975,0.3575535799396454,0
8610,0.3575351042399651,0
59162,0.3575311205559185,0
47847,0.3575303424011262,0
57195,0.3575093835367547,0
73265,0.35749615827417347,0
28405,0.3574561770126965,0
90345,0.3574365886199053,0
31504,0.35742309713490616,0
20413,0.3573917238114469,0
23734,0.3573733655802081,0
66327,0.3573644315077865,0
73902,0.357363370050898,0
92644,0.35731625610809237,0
54222,0.3572804533931386,0
18644,0.35727854270544535,0
40385,0.35726233666813967,0
8407,0.35723537666417243,0
79313,0.3572132020806748,0
5233,0.35719929501894854,0
14509,0.35719834805463413,0
33201,0.3571489856993828,0
98553,0.35714342802844984,0
10516,0.3571034310422155,0
47748,0.3570867076894544,0
29794,0.35700754854904426,0
33326,0.3570010035014182,0
38380,0.3569920499248911,0
53451,0.3569883809342414,0
54131,0.35698247880108075,0
53937,0.3569756387123462,0
90269,0.35694559189861935,0
31620,0.3569268897711506,0
17419,0.35690035164282974,0
66025,0.35688837849083677,0
93735,0.35688283499133305,0
37235,0.35687000851305456,0
61300,0.3568540653558363,0
20476,0.356849067397995,0
86197,0.35683466377352063,0
37593,0.35680431926894235,0
20615,0.35676314453318475,0
40943,0.356753021693619,0
50488,0.3567129707885932,0
92079,0.3567090428250601,0
42811,0.35665477269602935,0
23485,0.35664610463160307,0
48022,0.3566265407929215,0
15583,0.35662322879295055,0
23738,0.3566163076946537,0
76676,0.3566090917533786,0
22173,0.3566045644059869,0
31364,0.35655073459442876,0
25721,0.3565458986623762,0
5724,0.35654177016621524,0
97397,0.3565369519751442,0
39251,0.3564982247702695,0
42068,0.35649475039228856,0
87453,0.35648907400592345,0
82715,0.35647476022105373,0
54283,0.356442151348554,0
37711,0.3564404440945195,0
64792,0.35639034134645337,0
27849,0.3563762385998162,0
93949,0.3563731564840872,0
20910,0.3563707226421584,0
72535,0.35634369345881106,0
51486,0.3563014297335469,0
56362,0.35629747716694254,0
71648,0.3562672785702995,0
51479,0.35621982257489004,0
15224,0.3561523420750223,0
55139,0.356135641228057,0
92125,0.35613264215800183,0
91289,0.35613134369989996,0
22954,0.35612785585884627,0
68255,0.35611990682142297,0
16412,0.35611252719971614,0
40955,0.3560961985736443,0
79935,0.3560934102393181,0
92725,0.35605168624692096,0
43212,0.3560396908343757,0
87568,0.35603775282084266,0
67368,0.356030643825653,0
96257,0.35599713533573607,0
78420,0.3559929411906827,0
4728,0.35598099760317364,0
73127,0.3559786507591749,0
72064,0.35596815727553754,0
75936,0.35595208095703895,0
21005,0.3558860493660995,0
92115,0.3558347659166939,0
65012,0.3557850859181567,0
130,0.3557368380691289,0
46937,0.3557233847037723,0
28868,0.3557211218506348,0
77356,0.35569738633171855,0
91022,0.35568312898721943,0
55032,0.3556310571169583,0
93908,0.35562901807327146,0
71480,0.3556212121674548,0
18370,0.3556183474209653,0
99348,0.35556767859668403,0
53426,0.3555548199042337,0
85581,0.3555316477868187,0
6178,0.35552083843499094,0
38856,0.3554884495110368,0
74239,0.355401074508983,0
50616,0.35539246015276765,0
50993,0.35534149577366786,0
48455,0.35533650710601206,0
58869,0.35532877645635086,0
53048,0.3553248761776592,0
88106,0.3552943075163913,0
90440,0.35528646788248097,0
85217,0.3552748199211534,0
50437,0.35526275811608965,0
43604,0.35526180677268493,0
10046,0.35524705732684597,0
57846,0.35524487538462285,0
25618,0.3552189177336065,0
39592,0.35520230261190766,0
95203,0.3551701239328214,0
3833,0.3551439557021012,0
66195,0.3550902751794848,0
14430,0.3550758358122355,0
80781,0.35506024800489294,0
23083,0.35505558403003,0
63412,0.3550311500978035,0
15636,0.3549783212689026,0
80601,0.3549760796014522,0
47882,0.35494519511438116,0
56684,0.35493326660291713,0
93601,0.354930047839091,0
84215,0.3549102217732243,0
63557,0.3548987201741805,0
98282,0.35489312913928855,0
34449,0.35487205337069383,0
48913,0.3548698006928711,0
76236,0.3548216208956205,0
47821,0.3547463524376465,0
47004,0.3547251033387328,0
43778,0.35471725382147795,0
9625,0.3546920555185781,0
18842,0.3546912487663164,0
83325,0.3546784530747254,0
28995,0.35466151452437944,0
98722,0.3546614902496993,0
11661,0.35459419586313523,0
38938,0.3545941578790877,0
11015,0.35453540012514906,0
82566,0.35452131798972597,0
47695,0.3545207958807429,0
12144,0.3544949156527044,0
63381,0.3544786387719436,0
17849,0.3544576148223506,0
36020,0.3543922835227658,0
14696,0.3543550210080071,0
30997,0.35434736768043973,0
8712,0.35433545426336616,0
55893,0.3543270222539961,0
46768,0.35432111823170664,0
13148,0.35431953936655813,0
24469,0.3543018029479,0
36360,0.3542379246770184,0
44326,0.3542363153642127,0
36726,0.35423571726184416,0
29295,0.3542208781454173,0
87251,0.35421633590062795,0
30452,0.3541649567134546,0
57469,0.3541601811720769,0
50247,0.3541099742340445,0
87997,0.35410969124541253,0
74479,0.3541086973970202,0
52202,0.3540620950159885,0
62275,0.3540258785068695,0
16075,0.3540216365268962,0
42809,0.3540190384310559,0
96425,0.353950291534499,0
20276,0.3539176030854132,0
83585,0.3538962186659404,0
19282,0.3538667575299952,0
92425,0.35386114824048404,0
44991,0.3538494321274756,0
99210,0.35382103141862437,0
41570,0.3537242336685725,0
907,0.3537110784277432,0
4381,0.35370535001280407,0
9090,0.3536886172968647,0
21072,0.3536844307811273,0
22793,0.35368035241178775,0
25854,0.35367138697276407,0
45780,0.35362788585047433,0
88456,0.3536200625459313,0
51077,0.3536148585901988,0
9583,0.35356751968872163,0
25957,0.35356488221114235,0
20042,0.3535504816030292,0
31171,0.3535487321741005,0
98574,0.3535363039694096,0
24065,0.35344776622967194,0
74584,0.353442861582898,0
5290,0.353423490723395,0
13929,0.3534192292496433,0
7429,0.3533925979186742,0
79798,0.35338443778204165,0
5664,0.3533688760203156,0
77210,0.3533670521432734,0
90042,0.3533640290867209,0
2370,0.35336326494863485,0
19950,0.35332255425099474,0
38051,0.3532992811092237,0
70117,0.35326840155405037,0
22923,0.35316198688399064,0
1105,0.35315044463084216,0
57307,0.35312025787772866,0
23387,0.3530994013925287,0
80766,0.3530867421742632,0
26591,0.35305363073344087,0
87786,0.35303523699609635,0
22964,0.35298965983463826,0
24611,0.3529331844516464,0
29464,0.35288559177967777,0
76937,0.35287194635436603,0
77818,0.3528706317707035,0
89253,0.3528654473506791,0
79987,0.3527486171458626,0
29384,0.3527148901043971,0
17223,0.3526976978559109,0
75478,0.35269178118865085,0
57251,0.3526513679373205,0
98477,0.3526471800044476,0
36340,0.35264657659655735,0
96926,0.3526044347468486,0
57593,0.35260416111740206,0
64631,0.3525371303025655,0
5450,0.35252505140077295,0
67791,0.35245711999825724,0
96982,0.35241528132981664,0
36870,0.3523896196937758,0
7483,0.3523867071390455,0
12552,0.35237433326469686,0
21755,0.3523272852410282,0
5443,0.3523169140928243,0
13064,0.3522487190388505,0
60558,0.35221399534143183,0
96809,0.3522136870370479,0
90189,0.3521932237568838,0
49724,0.3521726158289329,0
49566,0.35216165398103955,0
34112,0.3521390765494526,0
6164,0.3521298509956847,0
92001,0.35210409067301507,0
88913,0.3520994514075201,0
43252,0.35208012479968126,0
7991,0.352073242861798,0
23859,0.3520135537852919,0
67114,0.3519990456641163,0
88966,0.35196869040200124,0
2276,0.3519594174722765,0
13551,0.3519483749683564,0
89359,0.3519466097845557,0
24477,0.35193396263749144,0
37903,0.35191721395966014,0
44458,0.3518557674368081,0
25059,0.3518302675813841,0
11711,0.35176712183333414,0
29341,0.35174321164455985,0
61638,0.3517120255337989,0
42488,0.3516581418224234,0
4326,0.35158093886981406,0
24859,0.35153899296672436,0
14376,0.3515380940482014,0
24331,0.35149537669855935,0
58736,0.35146149147148054,0
55531,0.3514523613233449,0
49880,0.3514463614976994,0
20217,0.35141209461442824,0
98265,0.3514118298285049,0
64374,0.3514002106690971,0
43968,0.3513724210786065,0
48887,0.3513618620422333,0
7872,0.3513555182222268,0
34710,0.3513373616381114,0
64485,0.3513086000221961,0
15662,0.35130476104759073,0
9915,0.35127402684019843,0
96213,0.35127242469792885,0
75221,0.3512206401984259,0
40089,0.35121425526282835,0
98971,0.35121165798913734,0
28655,0.3511770723117872,0
73923,0.35117137480787936,0
18121,0.35114116862491107,0
24361,0.3511295758046169,0
50540,0.3511228455042514,0
80817,0.3511016666644092,0
23755,0.3510857467527115,0
58923,0.35107841636497467,0
51465,0.3510619319448527,0
40803,0.3510409278769796,0
68027,0.3510399601606442,0
78500,0.35103964452092273,0
32959,0.3510325457421804,0
13966,0.35102613339021915,0
53182,0.3510065139791792,0
42678,0.35098564986247777,0
18371,0.3509823456835056,0
60620,0.3509792112934136,0
36199,0.35097307936750965,0
21336,0.3509270802691943,0
51813,0.3508328894810437,0
55141,0.35077297577719596,0
68311,0.3507595640881703,0
46633,0.3507588736884722,0
87495,0.35073500005147973,0
50260,0.350720335781809,0
64161,0.3507180113381648,0
12390,0.3507151573607541,0
59954,0.3506531567271737,0
10131,0.3506358450926349,0
97720,0.35063345511393146,0
57172,0.3506195260048679,0
26746,0.3505963685235981,0
69385,0.35059280168508056,0
43567,0.35055682892143203,0
86869,0.35055337103663764,0
83821,0.3505300654752811,0
3752,0.35050135560223955,0
19859,0.3504863998657865,0
58826,0.35044415941191454,0
93098,0.35026224315415355,0
24420,0.3502606202620665,0
9998,0.35025962056144105,0
68652,0.3502589209488279,0
46329,0.35022966111282283,0
96617,0.3502261747907442,0
25276,0.35021595827328017,0
92278,0.3502154810866549,0
60310,0.35016678781861793,0
67940,0.3501641925465271,0
41785,0.35014990039994276,0
46308,0.35010626234271297,0
56331,0.3500916676056687,0
253,0.3500881857637532,0
2935,0.3500680708432848,0
36725,0.3500536309361334,0
36599,0.3500439965518183,0
17225,0.3500239391165958,0
17904,0.3500026144737148,0
7514,0.34996822194265037,0
96327,0.34995448623318626,0
34420,0.3499376207374019,0
13911,0.34991852204647406,0
46737,0.3498548713198473,0
94996,0.34983850766500274,0
15549,0.3498380716457166,0
80775,0.3498354075719276,0
46823,0.34982617269825594,0
26811,0.3498097370687724,0
15345,0.34978392883511833,0
58393,0.34976763708537645,0
78876,0.3497609622514732,0
65912,0.3497402739041355,0
46900,0.3496626703587319,0
94021,0.3496625158438644,0
88032,0.34960812133200003,0
76294,0.34960409538700044,0
89939,0.3495871200714786,0
19642,0.34956205668926865,0
97338,0.349558878282385,0
94739,0.3495502423878154,0
81813,0.34952880637429334,0
743,0.3494872580069781,0
3527,0.34948306351336983,0
71416,0.3494451388859415,0
3256,0.34942892325247926,0
74020,0.3494257511119111,0
56278,0.3493890713253779,0
60529,0.3493687172388597,0
31168,0.3493279679967268,0
87848,0.34930983374682933,0
7894,0.34930400476410495,0
24882,0.3492928668723043,0
89555,0.34928593605395114,0
55328,0.34927512719835696,0
52506,0.3492544243940223,0
85573,0.3492299907848909,0
50571,0.3492042984713426,0
46310,0.3491796149242177,0
56381,0.3491750161000115,0
70614,0.3491410458200812,0
13514,0.34912874973319014,0
35139,0.3491206851755774,0
60242,0.349032074743511,0
1749,0.3490095423292152,0
59243,0.3489952406920459,0
85939,0.3489848245966037,0
76514,0.3489663409480153,0
73776,0.3489266386760134,0
75516,0.34889325986456354,0
34463,0.34888508330684137,0
48463,0.34886728712253173,0
90769,0.34885341675840703,0
1666,0.3488397192625472,0
72334,0.3487868934224076,0
79213,0.34878680582338273,0
71596,0.3487797676884439,0
49541,0.34877832551811583,0
36757,0.3487392724155094,0
76488,0.3487356540013565,0
75590,0.34871305295608285,0
9886,0.348701597600834,0
56949,0.34869891711656037,0
26773,0.34866581115881756,0
55388,0.3486539927066093,0
27504,0.34863954355531923,0
21415,0.34863302586663375,0
51676,0.3485914218552372,0
89087,0.34857193606986114,0
69745,0.3485655206981244,0
37263,0.34855245023254033,0
44055,0.34845561711758055,0
22590,0.3484547648151468,0
7685,0.34845291018511965,0
22877,0.34844009563049705,0
10851,0.34840967811333773,0
50728,0.3483945871697407,0
11427,0.3483819957597434,0
23627,0.34837754992928655,0
81283,0.3483367246002761,0
66298,0.3483357613133513,0
33304,0.3483023368516135,0
76637,0.34826559562153664,0
15341,0.34822622040122186,0
35798,0.3482210852869151,0
21616,0.34820399558434695,0
38813,0.3481902043038601,0
69475,0.34810298076839413,0
66080,0.34802799720058974,0
29827,0.34800098795814255,0
73313,0.34799617664036825,0
16767,0.34798751790385424,0
31518,0.3479542798112449,0
69620,0.34795377977461633,0
43543,0.3479084230529435,0
70031,0.3478505853550947,0
68764,0.3478499226895177,0
92509,0.3477974148934189,0
70569,0.3477957379492401,0
70079,0.3477727030254182,0
70516,0.34776508923302524,0
11758,0.3477634228669316,0
97415,0.3477347302982009,0
60326,0.34770414489826185,0
39323,0.34767321882866387,0
47322,0.34766955870461175,0
64307,0.34766308221788716,0
57870,0.3476037566715347,0
85106,0.34760209582692664,0
26729,0.34758771551382117,0
67770,0.34756426875357016,0
97851,0.34742283377906225,0
58679,0.3473870611070335,0
8058,0.34721645823243186,0
57075,0.34721319823492075,0
47412,0.3471166111507507,0
7213,0.34705352794314515,0
43083,0.3470479148950244,0
19737,0.3470140961151216,0
44266,0.34700177310671465,0
10650,0.3469448369709048,0
19455,0.3469369656596344,0
93697,0.34692275743988177,0
79511,0.3468841026875307,0
87657,0.34688327442261857,0
39169,0.3468832331890748,0
10307,0.34688295267918384,0
14464,0.34687651565592104,0
33940,0.34686706594289235,0
49052,0.34685986926229134,0
88596,0.3468558113124142,0
49293,0.34682253782207756,0
47733,0.3468042954785873,0
78152,0.346802705317878,0
55260,0.346796176806203,0
5586,0.3467815461910325,0
86282,0.34675966170539074,0
59252,0.34675567456824646,0
33600,0.3467061265303382,0
86488,0.34670431484766556,0
8551,0.3466529662306766,0
86412,0.34665096704865755,0
15481,0.346639931854034,0
1815,0.3465731115333402,0
72858,0.34656955022478075,0
50424,0.34652718428732343,0
85785,0.3464569130663669,0
3339,0.34644222286342574,0
78273,0.34644109554300423,0
18925,0.34641508296491896,0
4979,0.34639777420313356,0
83231,0.3463525591129242,0
26947,0.346346808468582,0
20960,0.3463402309923915,0
71053,0.3463351972194327,0
88872,0.3462992744604598,0
94630,0.34629348809736843,0
10715,0.3462921343709175,0
58757,0.34629025108117545,0
9337,0.3462796238524846,0
24713,0.3462646783914697,0
56983,0.3462249352946106,0
86587,0.34621593317343785,0
26367,0.34619670324872326,0
91484,0.3461831254355046,0
217,0.3461788044469851,0
95488,0.3461490240543548,0
16842,0.3461244643413948,0
84391,0.3461199916375504,0
854,0.3461191738755977,0
30653,0.3461131486473459,0
27875,0.34609198508555133,0
84675,0.3460900734827053,0
77281,0.34606519858446727,0
73264,0.3460575768226301,0
75479,0.34602846255408126,0
6951,0.34602687589807757,0
6764,0.3460091478400475,0
55181,0.3459868676257187,0
81890,0.3459533116232188,0
32699,0.34590614790761826,0
15327,0.34588082891348193,0
66968,0.34587157573583116,0
67453,0.3458593041771307,0
63508,0.3457991842825964,0
28769,0.3457959280368444,0
64163,0.34579005379112404,0
34331,0.34579000549974787,0
42656,0.3457788490917004,0
41413,0.3457771635205433,0
50451,0.34574938417193396,0
68672,0.3457461493616083,0
55125,0.3457382240061025,0
89432,0.34569284372950265,0
62252,0.34568136238535613,0
90980,0.3456761199524519,0
37107,0.34565670909433616,0
17416,0.34565312005011906,0
55581,0.3456451987364841,0
31813,0.345580711570633,0
7182,0.34557907366773394,0
92039,0.34557835003469667,0
61118,0.34557506432628055,0
33481,0.34557397363371384,0
93611,0.34551077176731654,0
24802,0.3454849676172235,0
49939,0.34547513225342136,0
27278,0.34542907668901274,0
69335,0.34541395003344094,0
75003,0.3454080744259601,0
27617,0.34539828754287083,0
87919,0.34539570629909755,0
2500,0.34537563773102803,0
41141,0.34535250531534795,0
11349,0.34532641699555094,0
17427,0.34532481586497604,0
17709,0.34532215079039397,0
89450,0.34532017110788105,0
83804,0.3453169287639589,0
2488,0.34528617608420287,0
56432,0.3452554174558965,0
13769,0.3451892987776687,0
94939,0.345159883579685,0
26762,0.3451337239355432,0
60572,0.34510079222828616,0
2067,0.3450896926283963,0
59186,0.3450441566340027,0
93149,0.34504398940022596,0
11314,0.3450084417381815,0
90794,0.3450078563017939,0
4452,0.3449908998374518,0
23796,0.3449850072288882,0
25713,0.34496456867211256,0
13552,0.34494424833424553,0
32048,0.34494423582260625,0
14079,0.3449354114070918,0
36692,0.34491364308718364,0
62672,0.34488716671119196,0
6904,0.34484356112336484,0
81033,0.3448425886394203,0
91854,0.3448295110786194,0
88096,0.34477671840728785,0
77584,0.3447748787833476,0
17429,0.3447699144300801,0
27832,0.3447590143827624,0
63618,0.34472173615271756,0
76758,0.3447091438379699,0
70699,0.3446921130511864,0
72637,0.3446901937049047,0
18602,0.34468517997150777,0
26670,0.3446716348733958,0
25995,0.3446665933561862,0
47774,0.34465177297967514,0
52348,0.34460071702380735,0
73832,0.3445856442611866,0
79631,0.34451836265098007,0
63103,0.34451075800191067,0
10955,0.34449838673049615,0
85175,0.34447957224472026,0
16325,0.34443752622804763,0
72842,0.3444302744817679,0
63603,0.3443884302552402,0
12380,0.34437078627264595,0
64301,0.3443554300769789,0
65822,0.344333208498952,0
78478,0.34427168521735385,0
71916,0.3442587305566149,0
7516,0.34425244189083654,0
64734,0.344240487161155,0
77871,0.3442370070612752,0
61339,0.34421530976078,0
82884,0.3441752501448853,0
46884,0.3441683607201855,0
36988,0.344159337138858,0
49010,0.3441589884694161,0
68295,0.344123846171605,0
58791,0.3441030453311702,0
73668,0.34408961813598615,0
74018,0.34403409418513803,0
97202,0.3440166807043462,0
28843,0.34397855275558425,0
26863,0.3439708447696899,0
78816,0.34394725647908464,0
25148,0.34390746666104716,0
2791,0.34387110506909613,0
29926,0.34386747701635906,0
48108,0.3438267864271305,0
87634,0.3438093387713173,0
64864,0.3438004987531092,0
64561,0.3437585629038778,0
50809,0.34372778964545636,0
23304,0.3436826529567561,0
33718,0.3436510336410332,0
17633,0.34362226712847754,0
89446,0.34355687073036073,0
68859,0.3435411772025288,0
38903,0.3435382197167193,0
16195,0.34347484601765793,0
29308,0.3434601639227622,0
68799,0.34342245134344884,0
10768,0.34338470158701817,0
23680,0.34337894466731034,0
67688,0.34337887979275733,0
83998,0.34337404584814346,0
96435,0.3433398331805491,0
50949,0.3433349134094208,0
25699,0.3432662313632698,0
50236,0.3431970139959673,0
63580,0.34318375149494157,0
69876,0.3431739156769715,0
49282,0.34316479835878927,0
39651,0.34313885388496307,0
69388,0.34312473480729017,0
17386,0.34311645540140195,0
69203,0.3431059728583928,0
46047,0.3430439292892967,0
59178,0.34304049288816474,0
99742,0.3430299132042556,0
62192,0.34302469383215284,0
15998,0.34302321022060217,0
69061,0.34295509178961486,0
46739,0.3429248159774561,0
22341,0.3429075756078745,0
30363,0.3428610933010374,0
20966,0.34285372333797487,0
10553,0.34284230338452093,0
34557,0.34282364708493007,0
70267,0.3428208338569697,0
52891,0.3428024020274137,0
21350,0.34280175191438955,0
87082,0.3427407351496663,0
86578,0.3427088023720451,0
56695,0.34270808787920626,0
39014,0.34270272377433614,0
74536,0.3427002073337031,0
94577,0.3426827703398247,0
33267,0.3426805915983113,0
47797,0.34262764616876307,0
29156,0.3426216874067636,0
76360,0.3425935827700377,0
89797,0.34259352222838435,0
80257,0.34253633876086914,0
17345,0.34252537861984433,0
56665,0.34250198916463137,0
71341,0.3424993948414127,0
13734,0.3424830046955435,0
50870,0.3424735485919363,0
64416,0.3424707946904208,0
12503,0.3423526851204407,0
83104,0.3423393344465667,0
90684,0.34228350446154127,0
95942,0.3422691122555636,0
3649,0.3422399472245973,0
92756,0.34223834280870574,0
42222,0.3422161077734203,0
37231,0.34221518461010647,0
94335,0.3421901467163054,0
63064,0.3421640543894107,0
47538,0.34215000854458233,0
38385,0.34214839931592705,0
19030,0.3421308881667019,0
24601,0.3421288898660064,0
28235,0.34211597121361986,0
50334,0.3421067496601847,0
44860,0.3420972822310567,0
74957,0.3420936705256041,0
80899,0.3420839213806828,0
25328,0.3420633595178406,0
8660,0.34205440379906565,0
44088,0.34204183798997634,0
65994,0.34203706253285165,0
1600,0.341927981179309,0
29203,0.34192214872335047,0
10204,0.3418743645789484,0
14988,0.3418456313882761,0
59038,0.341686830814082,0
38129,0.34168144642795384,0
82915,0.34166463048948187,0
66546,0.3416354232731004,0
62304,0.3416185591245288,0
40967,0.3415851972338146,0
78399,0.3415496504897114,0
23432,0.34151441534797966,0
27180,0.3415086587588193,0
77187,0.34149908379061683,0
76803,0.341466421404079,0
48371,0.3414616073887916,0
6873,0.341426293776907,0
4481,0.3414011985821463,0
19475,0.3413428085124611,0
78392,0.341340771674349,0
19949,0.34130001213793715,0
72394,0.34128406939836564,0
85295,0.34128112967489754,0
74948,0.3412757343380572,0
89187,0.34127033699586173,0
38209,0.3412386480894297,0
36127,0.3412377460728423,0
14082,0.34122799568701956,0
76250,0.3412016694535652,0
4168,0.3411889766513903,0
79815,0.34117889843699584,0
73585,0.341165806170009,0
14493,0.3410578084086758,0
95478,0.3410558068121878,0
84622,0.3410536202090482,0
3067,0.3410505261174805,0
22520,0.3410473021910354,0
58246,0.34103097209958466,0
25470,0.34097862787939603,0
61380,0.34096413386227004,0
94175,0.3409330109175646,0
8252,0.3409077789700351,0
49730,0.34089718834349875,0
71511,0.34089221180940965,0
71736,0.3408839027536158,0
41645,0.34086735658943523,0
72081,0.3408421944749634,0
19922,0.3408418115877692,0
34668,0.340820134066065,0
78655,0.34082009155574117,0
51439,0.3408193412053015,0
85522,0.34081876163144803,0
30539,0.34080052535249156,0
82510,0.3407931020648476,0
22521,0.34075606149337373,0
89171,0.34072989185279484,0
36721,0.3406797439508451,0
45952,0.34067896552457166,0
89071,0.3406570323319751,0
57603,0.34065679292584594,0
21318,0.3406269924396442,0
32903,0.34061113058462544,0
44510,0.34059969678636276,0
14923,0.34058030908671194,0
62650,0.34057832420211104,0
54164,0.34054233823380775,0
75832,0.34048185770608086,0
81002,0.3404698200625921,0
99945,0.34041559110898373,0
29893,0.3404108728164767,0
53141,0.3404079983595933,0
35375,0.3403794012675483,0
9616,0.34036178619521257,0
64041,0.34031875523097943,0
95776,0.3402965190491349,0
31743,0.34028707694930505,0
10617,0.3402640831463912,0
15971,0.3402593396027211,0
56790,0.3402242827260803,0
22250,0.3402109876327828,0
51488,0.3401845439254793,0
91103,0.34014473680641094,0
40055,0.34012296726605307,0
99640,0.34009590500530784,0
49667,0.34007836728136576,0
30857,0.3400689182551443,0
39806,0.3400674673917674,0
30963,0.3400635076527974,0
29233,0.3400421262717881,0
83606,0.34003050362547,0
28362,0.3400190585088211,0
78049,0.3400099126988171,0
77572,0.33999115060915575,0
44574,0.3399893131033648,0
47117,0.3399877111056368,0
46499,0.3399705268166864,0
48001,0.3399465484027642,0
4200,0.3399238762715591,0
33605,0.33989605866676537,0
28386,0.3398889491131241,0
43261,0.3398504041481927,0
65054,0.3398089518527716,0
20547,0.3398075997534399,0
69346,0.33975582962210543,0
78247,0.339754793943507,0
10414,0.3397398647395936,0
88878,0.3397282654859403,0
74328,0.33972663830693506,0
10933,0.3397255982169937,0
75481,0.33971713029029627,0
57226,0.33963165501245046,0
77545,0.33963102934463,0
95518,0.3396293513340031,0
68403,0.33962861181788123,0
69139,0.3396230741321344,0
38774,0.33961742119374116,0
61768,0.3395614608490016,0
39184,0.33949272457600227,0
39418,0.3394485940386232,0
85944,0.3393921364701014,0
12436,0.33939158455030377,0
87156,0.33937243363259,0
28535,0.3393550162895848,0
60108,0.33935408098775915,0
45100,0.3393297559475881,0
12237,0.33932556111780643,0
59575,0.3392805062674658,0
67914,0.3392294917417025,0
5536,0.33921382863194294,0
22258,0.33920544167259725,0
5452,0.3391794018005051,0
45800,0.33915890372128393,0
89686,0.33915141450843067,0
49413,0.33913344101205306,0
90496,0.339114161732227,0
85663,0.33906020135553894,0
51848,0.3390415314838087,0
1328,0.33902749506074337,0
81417,0.3390042506408824,0
44980,0.3389913377757326,0
57623,0.33898652006121677,0
6215,0.3389840893701049,0
69849,0.33898120560685124,0
13171,0.3389796184148545,0
56702,0.33894032665509977,0
7921,0.3388992677692599,0
3212,0.3388890647836488,0
85246,0.33888804813990314,0
99288,0.33888093187378426,0
21092,0.33886167736119166,0
28070,0.3388571303597118,0
93944,0.33885124037589354,0
4872,0.3388360208614476,0
30859,0.33878966223284745,0
71185,0.3387848390514565,0
69859,0.3387628528335365,0
80084,0.33875485886839457,0
34158,0.338722830350418,0
25015,0.3387085499960702,0
5725,0.3386833697678991,0
94928,0.33859971321511567,0
48761,0.33858588595079614,0
9527,0.3385856166498996,0
91253,0.33858318679066307,0
52575,0.3385635069792465,0
86190,0.33855890861133703,0
27498,0.33855018745850435,0
24679,0.33854570159233033,0
16,0.3385456136087769,0
77116,0.3385320902182817,0
50927,0.3384970208621922,0
45933,0.33848591392951466,0
70367,0.3384833958385909,0
19792,0.3384704276478152,0
24426,0.33845182131952717,0
35646,0.33845101420839285,0
93116,0.3384387059581056,0
77442,0.33842642618144725,0
58435,0.3384262736742247,0
18864,0.3384254114941941,0
50680,0.33840832884718414,0
71507,0.3384010911061958,0
25900,0.338365718914986,0
58258,0.33834694835265744,0
78260,0.3383326832180632,0
41452,0.33833255517036753,0
88779,0.33831368668565887,0
82146,0.3382682588083499,0
82091,0.33825271818986075,0
3144,0.3382262039120461,0
704,0.3382213616422657,0
77330,0.3381955990303589,0
82237,0.3381799105717216,0
8879,0.3381651865919305,0
32246,0.3381609583689676,0
43694,0.338105340852456,0
35580,0.338104136165153,0
64898,0.3380896714050987,0
25142,0.33808634799339504,0
75589,0.33806211354010524,0
3347,0.338060936166274,0
61833,0.33804877056093796,0
45704,0.338042931459521,0
75562,0.3380401420391242,0
9158,0.33802637504008937,0
83999,0.33794999117662694,0
15254,0.3378996048190783,0
52865,0.3378912917117432,0
89379,0.3378837692437414,0
25839,0.33787626486186356,0
73159,0.33787561122104065,0
17741,0.33785306787722735,0
84405,0.33785091389870603,0
44278,0.33784323151522666,0
770,0.3378377706974713,0
68195,0.33781572859199455,0
71250,0.3378057933877163,0
53118,0.3377857441424703,0
15449,0.33773387401355204,0
10593,0.3377073619898843,0
24459,0.33769527579879305,0
24049,0.3376415913897354,0
43404,0.3375935193690358,0
21800,0.3375881810130323,0
63982,0.3375434411410999,0
45188,0.33751661546679423,0
40410,0.33742631423292235,0
56829,0.33741378360426194,0
95459,0.3374135351124333,0
76599,0.3374121725541444,0
4775,0.33740516170236734,0
78837,0.33739523796538035,0
1630,0.3373678742118572,0
8569,0.33736765065690655,0
38354,0.3373453625480154,0
89787,0.3373055058484521,0
10369,0.33729734484199875,0
16402,0.3372972366412278,0
76555,0.3372776064934869,0
28487,0.3372652978329876,0
63979,0.33724107475283943,0
66908,0.3372382855298037,0
51602,0.33723599341892063,0
83032,0.3372032524481047,0
89047,0.3371799869239201,0
99861,0.33711905644239953,0
82274,0.33705332831233614,0
71533,0.33705095580065286,0
24291,0.33703559408714867,0
27406,0.33701951530041024,0
45621,0.33699635977786907,0
53124,0.33689619210003413,0
58841,0.33689380747889575,0
86016,0.3368774902138992,0
20448,0.3368585319567446,0
15618,0.3368383483342799,0
2450,0.3368345494370471,0
64961,0.33680028042818366,0
21880,0.336793235337282,0
49222,0.3367907235747322,0
67677,0.3367875588308152,0
3141,0.33678140991894595,0
5846,0.3367738766216742,0
39532,0.33676255711111697,0
2201,0.336739064867784,0
85758,0.3367107221322929,0
58745,0.3366839254612259,0
67059,0.3366704258451986,0
95932,0.3366671294954185,0
93041,0.3366624337081775,0
54530,0.3366532965855675,0
70075,0.3366500825717951,0
46120,0.33664644810740774,0
11520,0.3366344457220848,0
25605,0.3366242641625924,0
68792,0.3366219423046735,0
73424,0.33658081162388964,0
21988,0.336578443838465,0
79679,0.3365423427874045,0
6506,0.33653814393030657,0
80636,0.33650042365452104,0
43640,0.3364714486962002,0
73456,0.33646191352741883,0
21111,0.33645775419515045,0
15080,0.33642324701391496,0
21346,0.3363627130471039,0
46559,0.33635696515960684,0
21332,0.3362942424977448,0
73067,0.33627297317269667,0
16056,0.3362607899332002,0
81090,0.3362315558620894,0
70297,0.336229717296396,0
11960,0.33618695952554234,0
37713,0.3361672411501796,0
31959,0.33614115028249103,0
45286,0.3361081346593823,0
80371,0.33610287223260193,0
97596,0.3360955729376108,0
97592,0.336081411487817,0
12395,0.3360662721988447,0
57183,0.33605328377677546,0
78166,0.3360347351493366,0
45316,0.3360324472956001,0
46309,0.3360298625758658,0
35846,0.33599904871053615,0
23140,0.3359670403607808,0
9066,0.3359624419032179,0
39531,0.335961418206684,0
77745,0.33593256662241705,0
62119,0.33592504873744,0
41977,0.33591131687381354,0
71112,0.3358801893433194,0
57275,0.33583982103085813,0
42936,0.3358340318046383,0
87172,0.33583353026454155,0
74528,0.3358321735714425,0
76659,0.33582103938788743,0
59416,0.3358121022262511,0
56880,0.3358022005824015,0
74161,0.33579624153909865,0
15996,0.3357806595778973,0
50965,0.33576818376179635,0
45256,0.3357584322906607,0
70381,0.3357454342894415,0
11336,0.3357396193090971,0
12149,0.33571875176151655,0
5065,0.3356729868705217,0
85820,0.335636750996653,0
65908,0.33563464644098295,0
65060,0.33558996951049014,0
58864,0.335512531105271,0
93622,0.3354851548344045,0
77532,0.3354829357510322,0
45875,0.33547147444336783,0
38528,0.33546807197687856,0
19002,0.3353442002371722,0
6883,0.33532794459199444,0
6375,0.3353039971407381,0
67349,0.33523074986309886,0
78663,0.3352304670857863,0
82526,0.33522436598251726,0
10293,0.3351936788446355,0
16494,0.3351491920677466,0
77445,0.33506268674546047,0
98676,0.33506030313138163,0
58043,0.3350146834641236,0
88426,0.33500760292899756,0
55012,0.3349901362613459,0
31846,0.3349755848672374,0
54136,0.33495276043975686,0
33480,0.3349187754054168,0
68865,0.3348003452910429,0
36001,0.3347715637217972,0
87189,0.33475828234710414,0
84525,0.3347550672205052,0
61448,0.33470292630611176,0
27792,0.3346738490007053,0
55312,0.33463613315420826,0
48862,0.3346181741072912,0
19845,0.334593705152457,0
34107,0.3345659356443384,0
35884,0.3345449339694483,0
77257,0.33454462851428257,0
37405,0.3345328803815407,0
22673,0.33450062750498327,0
91096,0.3344996774337712,0
16125,0.3344780202600301,0
38681,0.3344773743957207,0
65650,0.33445053281027604,0
21516,0.3344054151889863,0
10118,0.3344016966598419,0
34474,0.33439462452311464,0
31687,0.3343695476997026,0
47191,0.3343565380322833,0
74055,0.3343503204869905,0
18367,0.3343422662037404,0
45311,0.3342893789358673,0
91264,0.33428736388395114,0
32661,0.3342796419131655,0
52234,0.3342228482883508,0
49951,0.334177954714164,0
81056,0.3341686810373551,0
60889,0.3341592176430294,0
62559,0.334158391231294,0
47706,0.33413013536982306,0
28918,0.3341227890503463,0
41129,0.33409210981045373,0
94049,0.334081037860734,0
65590,0.33405895902548655,0
55245,0.33403940952302996,0
40209,0.33402913018218194,0
98944,0.33402261643545317,0
41318,0.3340111153019042,0
72736,0.3339942719932072,0
77310,0.33396585609093005,0
26819,0.33388722778738983,0
52322,0.3338346382661409,0
61159,0.33381924684827574,0
97160,0.3338184709242052,0
99086,0.3337980784193971,0
37326,0.33377020979301264,0
96753,0.3337458399206941,0
65123,0.3337151475165353,0
63659,0.33360332493902145,0
5679,0.3335938099637949,0
44714,0.3335663756512273,0
84891,0.33352424448316037,0
8659,0.333477784151632,0
77500,0.333461643026293,0
65868,0.3334132955374296,0
70039,0.33341071287873103,0
91989,0.33340894577577923,0
96472,0.33340817709848597,0
87515,0.3333953630761017,0
32668,0.3333834952940492,0
93201,0.33332221775075316,0
36690,0.33331962850827457,0
40401,0.33331761306729685,0
42028,0.3333107580261323,0
84499,0.3332902394872313,0
41170,0.3332702752114218,0
65064,0.3332549473298266,0
35071,0.33325198568530917,0
74684,0.33322248194881543,0
81566,0.3332112687827268,0
22042,0.3331685240511009,0
37511,0.3330876437406905,0
43055,0.3330466967983557,0
24981,0.3330447889207592,0
97011,0.3330418651034022,0
33626,0.3329837960049372,0
94155,0.33295907320009877,0
58112,0.33294757688575327,0
69071,0.33291937829326257,0
15745,0.3328939894340912,0
40337,0.3328879743467652,0
55650,0.3328741819315287,0
2675,0.33287272604983886,0
48120,0.3328151198287961,0
57716,0.33281083288507995,0
23469,0.33280051507731534,0
29366,0.3327802720015931,0
7398,0.3327526735912985,0
19793,0.33274148390177555,0
53989,0.3327119464611691,0
72905,0.3327118709165809,0
76710,0.332636634205461,0
95397,0.3326146056356513,0
75330,0.3326123070301229,0
71496,0.33256303581116714,0
68939,0.3325178957723957,0
40544,0.3324992150372723,0
45241,0.33249162118460507,0
13086,0.33246048091926766,0
67193,0.33241699535893193,0
44818,0.33238524681898785,0
78839,0.3323790051900645,0
96705,0.33233889270468153,0
21688,0.33231133598988233,0
43001,0.332293732153645,0
86114,0.3322865947159245,0
28875,0.3322830514249572,0
56921,0.33227949411001945,0
35144,0.33225409211466667,0
58154,0.33224680180106003,0
77526,0.33223940947336106,0
80589,0.33221886727295447,0
89436,0.3321870169712058,0
90101,0.3321730591805516,0
50839,0.3321708130123207,0
44880,0.33216245507388337,0
95360,0.33212532677089823,0
93730,0.3321055597232133,0
41897,0.33208963692843324,0
40998,0.33208422241000196,0
68584,0.3320299437573872,0
97903,0.3319979088385112,0
50137,0.3318880627996824,0
39057,0.3317931572928326,0
73706,0.33174605246589023,0
83361,0.3317440240060718,0
43185,0.3317073767002905,0
49462,0.3316988069651609,0
52762,0.3316944570085232,0
49938,0.3316911144586341,0
88943,0.3316726292769392,0
29010,0.3316463014476797,0
3381,0.33160996571458545,0
17719,0.331607079156247,0
15842,0.3315981295389363,0
53167,0.3315829449251334,0
7732,0.3315716997479668,0
47599,0.3315538167764636,0
73327,0.33153888668494735,0
87779,0.33153605543140274,0
63069,0.3315208746999069,0
86605,0.331516970027742,0
50850,0.3315036791638274,0
8716,0.33149076277845274,0
40621,0.3314869051981962,0
23875,0.3314485464980837,0
62908,0.3314360662843962,0
77313,0.33143540442838293,0
82218,0.3313984123115968,0
5723,0.33138461218200904,0
39932,0.3313789718496552,0
29903,0.33134936540291354,0
21942,0.33130961461048114,0
28031,0.3313021838781447,0
20098,0.3312919064447728,0
31942,0.3312697462406557,0
60813,0.3312657058766774,0
76529,0.3311955685915824,0
66483,0.33119119720850365,0
66552,0.33114087969921846,0
24589,0.3310699979578681,0
71323,0.3310678182713417,0
88908,0.33105701956235345,0
21541,0.33101938151238386,0
21632,0.3310093737626581,0
27774,0.3309663898971494,0
78547,0.3309352639589263,0
99184,0.33089075155576114,0
28959,0.330852183130375,0
87289,0.3307991247793375,0
19275,0.33079108938917134,0
237,0.33076390349431267,0
65656,0.33072922718196335,0
81671,0.3307144257993098,0
98494,0.3306636150192046,0
58711,0.33064723505529375,0
93230,0.3306269866395737,0
30212,0.3306206916571588,0
63516,0.33061086775806015,0
66585,0.3305947414928778,0
25700,0.33053286477524274,0
19482,0.33051365388901655,0
99660,0.3304982040722284,0
65272,0.33044045534308986,0
20004,0.33042748600586946,0
27500,0.3303886390987755,0
20601,0.3303884639484589,0
78167,0.33034025852884785,0
60154,0.3303110137476506,0
64663,0.3302884730922884,0
55136,0.3302411511743456,0
92661,0.33017137950376346,0
91338,0.3301432075256662,0
10822,0.33012643193490654,0
23705,0.33010786140489523,0
47458,0.3300952188745566,0
1372,0.330078763868211,0
99591,0.3300700862817654,0
43220,0.330051272156113,0
83607,0.3300410412896292,0
39690,0.33003500227813093,0
92404,0.3300090972913751,0
84265,0.3300038902111034,0
79809,0.32998492046405903,0
60579,0.3299404721091648,0
74779,0.3299393699947282,0
95637,0.3299280364943031,0
84134,0.3299145931236747,0
92757,0.32989104646284656,0
83506,0.329842768488668,0
31451,0.32982975021231326,0
41001,0.32981914883487545,0
93198,0.32981122508538163,0
92532,0.32980527158732875,0
14678,0.3297183781406112,0
1089,0.32966424224272645,0
49706,0.32966067648100994,0
17596,0.3296497219406937,0
29373,0.3296398212505869,0
32019,0.32963091327010735,0
675,0.32962844596060403,0
36745,0.32962650213006206,0
64880,0.32962643667307745,0
81778,0.32960108496931034,0
54118,0.3295796842617512,0
81442,0.3295634635683865,0
62283,0.3295345554559887,0
72943,0.3295260852556941,0
64813,0.3295067900329759,0
65528,0.3294983831480395,0
55584,0.32947169033059637,0
78493,0.32946122860602595,0
39772,0.3294460543563046,0
84275,0.32935238233197217,0
11351,0.3293483936321535,0
14003,0.32934214816774365,0
51351,0.32932694377491967,0
77126,0.3293145580665858,0
44861,0.32930896660471826,0
51322,0.32929208778383706,0
59555,0.32927692941661074,0
2811,0.32926627756762544,0
6066,0.32921873199762697,0
9320,0.3291961194754342,0
1993,0.32912605313342125,0
44747,0.3291128084602405,0
34938,0.32909568567983305,0
25919,0.32907993627675114,0
97989,0.32904852470389107,0
49883,0.3290443389895307,0
51745,0.32904197374124716,0
7797,0.3290258795049261,0
33155,0.32901883768675544,0
73732,0.3289802657992814,0
94778,0.3289461082723301,0
32966,0.3289098057922372,0
49753,0.328869121088463,0
60658,0.3288581490318864,0
42490,0.3288432354350585,0
31716,0.32883681202365944,0
55748,0.32881201136099153,0
5354,0.32881174308758576,0
95145,0.32879808462410876,0
9032,0.32878181209526347,0
47017,0.32871802966339136,0
65425,0.32870531308853135,0
86743,0.3286715351853573,0
40890,0.3286382747105789,0
56,0.3286311959955776,0
46929,0.3286272846327648,0
85397,0.3286162256036919,0
55239,0.32860140304474206,0
13221,0.32859168034340475,0
55114,0.32859092770511295,0
5159,0.32858374590805345,0
39985,0.32857014148401065,0
36554,0.3285553776158796,0
98058,0.32855528006605916,0
78209,0.3285325479739796,0
41816,0.32852598113112486,0
37284,0.328521985281732,0
44657,0.328412260720475,0
75760,0.3284121828501511,0
82319,0.3283744927324003,0
80736,0.3283617178144305,0
52289,0.3283568739113712,0
41416,0.328321930823694,0
91059,0.32828460031481754,0
94805,0.3282651249506192,0
92582,0.32822094610268093,0
89219,0.32814513929493533,0
49942,0.3281408469429654,0
9837,0.3281260979469325,0
8765,0.32810257698808787,0
78480,0.32802994646943956,0
10020,0.3280028483406402,0
70462,0.3279976813184947,0
77522,0.3279628693560195,0
36430,0.3279394198333522,0
83069,0.3279380580006634,0
41904,0.32790746026772455,0
42535,0.32790381574736643,0
35730,0.3278982622095554,0
12789,0.32789168660452506,0
51909,0.32788404634539453,0
95681,0.3278521547963514,0
52054,0.32780718201931486,0
34954,0.32778897689007874,0
74972,0.3276916640165386,0
77564,0.32765894894482905,0
78785,0.3276579455248015,0
79546,0.3276502627056966,0
115,0.3275833457528446,0
86222,0.3275768274265607,0
79633,0.32755326171665744,0
64123,0.32754492619860764,0
27101,0.32753614075318244,0
69527,0.3275348061460008,0
82021,0.3275221311983018,0
26848,0.32747401254909103,0
86512,0.32743616651625335,0
18967,0.3274265899480704,0
27652,0.3273971205477794,0
97130,0.32738545054481755,0
86971,0.3273510786503441,0
45877,0.3273380946493034,0
9514,0.32727693937972574,0
52529,0.32724987665294253,0
63693,0.327243968235472,0
51523,0.3272382336571461,0
630,0.32721762102383545,0
26473,0.3272021554589614,0
75734,0.32718805247139887,0
39888,0.32718319329879947,0
82190,0.32716617391813346,0
94044,0.32716070953363036,0
61848,0.3271522884979595,0
79286,0.327130094411626,0
49694,0.3270380399658576,0
26991,0.32702091606113975,0
98824,0.32698151945015774,0
19361,0.3269548863290943,0
11326,0.3269453898262819,0
95754,0.3269086430961444,0
35964,0.3268994354369541,0
79652,0.32688445681176564,0
56322,0.32687964443213213,0
40566,0.3268776426599756,0
65644,0.326866111588476,0
84926,0.3268638145192184,0
46270,0.3268617217928626,0
21306,0.3268359060812279,0
7255,0.326824901499891,0
46946,0.32678915751311044,0
72731,0.32676415760579836,0
70140,0.3267394495918151,0
56305,0.3267235575874822,0
38702,0.3266749475908896,0
2432,0.3266687606167869,0
67998,0.32666484173807353,0
36577,0.3266375430594689,0
98664,0.3266097592833994,0
23621,0.3266097203969689,0
67030,0.32660426979812157,0
32402,0.32660308032666435,0
347,0.32660048492838595,0
70488,0.32659773788433627,0
53627,0.32658137640464746,0
69271,0.3265727435038506,0
56007,0.32654583571683554,0
28437,0.3265410632661691,0
47911,0.3265280654701789,0
8247,0.3265239856661828,0
28963,0.32649623450495135,0
77660,0.32646098883554386,0
24815,0.3264151621578507,0
1474,0.32628257745975847,0
7397,0.32627435021465845,0
17519,0.32627264300655284,0
44520,0.3262470180828109,0
46735,0.32623732882387707,0
50853,0.3262344560426498,0
34195,0.326205432765751,0
80889,0.32620148502104984,0
41497,0.3261774553760571,0
31920,0.32617679175143477,0
62224,0.32615119442273127,0
80567,0.32610970660177796,0
25596,0.326084744699339,0
87787,0.3260172823016544,0
93470,0.3260118255608738,0
51867,0.3259775797311797,0
54659,0.32595759755565773,0
82630,0.3258769868437691,0
26204,0.32586536986571746,0
93093,0.3258412096054327,0
44211,0.3258264755935368,0
6648,0.3258033894648196,0
98479,0.32573168456530627,0
77667,0.3257145257895521,0
71407,0.32570312925359407,0
46252,0.32569655645872597,0
16377,0.3256579336065391,0
57781,0.32559839964567355,0
85080,0.32558025959068504,0
16992,0.32555851820979576,0
37760,0.32555392736571565,0
42179,0.32554662916050287,0
69767,0.32553470803078793,0
58020,0.3255307100597014,0
49891,0.32550227372158924,0
16084,0.32547925623905416,0
23447,0.32547513755932295,0
51128,0.32545685557314485,0
18182,0.32542338208319393,0
56467,0.3254136779993398,0
95246,0.32539410226221144,0
46791,0.3253850353843102,0
8524,0.32537670852866457,0
93202,0.3253641609545212,0
60205,0.3252966245168461,0
38722,0.3252728236065418,0
57141,0.32520760414889754,0
8307,0.325177108469902,0
7970,0.32515931721736907,0
97969,0.3251226332783265,0
47012,0.32510976590814433,0
8113,0.3251064048597247,0
52415,0.32507969727267183,0
13460,0.3250719964334194,0
19236,0.3250438432397238,0
76633,0.3250319695187566,0
72336,0.3250044178181153,0
55949,0.32499325592890377,0
67327,0.32495249771882084,0
39164,0.3249520153599514,0
9838,0.32494987865649083,0
38487,0.3249385803653538,0
8120,0.3249326339548279,0
59061,0.32487306437112606,0
4045,0.32485106229250915,0
10224,0.3248495130495125,0
67864,0.324776966571296,0
31952,0.3247644240233274,0
57189,0.3247351779040265,0
93602,0.3247186043750168,0
7464,0.3247155393200013,0
35116,0.32469211420742594,0
57386,0.3246736476855019,0
92464,0.3246346027461961,0
39599,0.32462333677607125,0
16003,0.32460884669776824,0
15852,0.3245876878509162,0
39573,0.32458576589133215,0
2755,0.32458171605153047,0
32107,0.32457257935262673,0
55053,0.3245646314479193,0
1066,0.3244983604275833,0
97391,0.3244864135271627,0
36875,0.3244804786308712,0
90811,0.32446424408986274,0
79863,0.32446416744899087,0
76787,0.3244463741882062,0
20819,0.3244345164375995,0
9745,0.3244322305927151,0
17550,0.3244114560268833,0
32857,0.32440922231278563,0
94350,0.3243756489467876,0
92701,0.3243716604041252,0
58930,0.3242306505986295,0
96886,0.3242217107856832,0
26424,0.32419396098098147,0
58548,0.324113934718447,0
27311,0.32411271970660605,0
94980,0.3240384519018348,0
53382,0.3240353926697763,0
598,0.32402063786193597,0
79299,0.3240133840191598,0
31069,0.323948231662121,0
82241,0.3238120950536012,0
72346,0.3238063805800363,0
51437,0.32379570014328035,0
82792,0.3237427265496392,0
67701,0.3237408157138206,0
247,0.3237240167490687,0
90244,0.3237030494081932,0
5622,0.3237005977138979,0
51461,0.3236397618368247,0
98760,0.32359166199099926,0
93100,0.32358600898891887,0
11003,0.323584739183418,0
24011,0.3234389766973535,0
13615,0.32342046086527,0
62732,0.3234137825698804,0
76093,0.32340633251983997,0
61614,0.32339415111596337,0
79712,0.32338858743506754,0
61024,0.3233511030289417,0
51296,0.32331524369901793,0
5026,0.3232848109778803,0
94215,0.3232744001967989,0
65661,0.32326826695034055,0
9580,0.3232532579051844,0
96735,0.3231345372690995,0
50173,0.32304483329613687,0
51953,0.32303427323357753,0
57601,0.32300033613784324,0
79849,0.32294527043337035,0
7980,0.32292849099862386,0
4560,0.3229202091903895,0
74887,0.3228942419662269,0
97680,0.3228868309108817,0
74662,0.3228604706739979,0
42101,0.3228243804177401,0
74116,0.32280629885491297,0
48725,0.32270009812225664,0
70132,0.32268406932189553,0
45931,0.3226600683742232,0
74917,0.3226558716922854,0
86764,0.32264459118363353,0
7981,0.3226367879110295,0
48609,0.3226364309409832,0
53161,0.3226359455567007,0
25562,0.3226184959076892,0
98149,0.32259758878287864,0
70806,0.3225912172902585,0
973,0.3225835038427607,0
37017,0.3225751920825118,0
72524,0.3225503191809515,0
75390,0.3225398224386026,0
9958,0.3225145854053065,0
81617,0.32250621826028186,0
79537,0.3224929139071013,0
55973,0.3224353210845206,0
34297,0.32241142626642777,0
72806,0.32237580132869864,0
16778,0.32234554248884095,0
51,0.3223322035236399,0
7253,0.32232996524748336,0
54779,0.32232538055639487,0
15668,0.3222674339388627,0
81572,0.3222210896444176,0
75358,0.3221775039312141,0
82489,0.3221075765686584,0
24018,0.32206868267713723,0
41334,0.3220657301628445,0
34402,0.3220393141786938,0
43930,0.3220234075137177,0
97663,0.32200389079496383,0
77392,0.3219950338063811,0
23712,0.3219638476367578,0
28781,0.3219589768230809,0
40630,0.32194279804970344,0
68742,0.32187481945493124,0
77970,0.3218694282373754,0
7259,0.3218314382241676,0
44359,0.3218151196688727,0
57590,0.32180478958676034,0
61127,0.32179885034480943,0
39213,0.3217867865228012,0
41439,0.321770260585773,0
88721,0.3217505321238573,0
26411,0.32174523448745984,0
17487,0.32173041904065447,0
40008,0.3217283472205973,0
60039,0.3217143925689082,0
14961,0.3216933288926552,0
3387,0.32167457105490316,0
43669,0.3216535744767479,0
62094,0.3216504494462805,0
50604,0.3216345269113154,0
13208,0.3215855175780775,0
18079,0.32154759010625084,0
13689,0.3215276383809401,0
7019,0.3214895372764082,0
67568,0.32146370415047715,0
55319,0.3214614459327707,0
85241,0.3214394149247807,0
15095,0.3214138466732541,0
38888,0.3213940345130982,0
68356,0.3213814461161247,0
32267,0.3213684034164047,0
70092,0.32134883803549136,0
36986,0.32134526731454083,0
30469,0.3213310450534436,0
93460,0.32131343366412796,0
49717,0.32124011326630364,0
29759,0.321238697563675,0
45088,0.3212192390373426,0
54088,0.3211964329780272,0
77706,0.32117906203076046,0
23308,0.3211282869986253,0
96409,0.3211089556855629,0
22385,0.32109057955292375,0
29909,0.3210401221233907,0
8979,0.32103281424969893,0
15661,0.32102930178506706,0
43005,0.321014304867835,0
11422,0.32101141953518714,0
63642,0.3209770195095729,0
38924,0.3209746865326193,0
26791,0.32096826942103734,0
63292,0.3209678899303328,0
91994,0.3209660502357654,0
53377,0.32089725874949815,0
95163,0.320893662486476,0
93945,0.32088959882995827,0
13630,0.3208179025820599,0
97269,0.32081424311149837,0
6023,0.3208001742267038,0
90255,0.3207855003084857,0
98754,0.3207832690667874,0
43882,0.3207625020287248,0
71149,0.320758097449987,0
82953,0.3206734153073101,0
77510,0.32066397318669987,0
64861,0.32064390951198296,0
67223,0.3206378379318714,0
85458,0.3206028833941143,0
42257,0.3205825129419974,0
76680,0.3205785770629265,0
78060,0.3205625989433737,0
77376,0.3205612431369854,0
85501,0.3205539020455555,0
44947,0.32053467223107324,0
18964,0.32053420323039233,0
52754,0.32050118126861116,0
13108,0.3204995769000139,0
36049,0.3204666323784772,0
59386,0.3204417838969961,0
7157,0.32043763500042116,0
37768,0.3204340693257119,0
46704,0.320400372906558,0
10295,0.32038615690601513,0
22051,0.320359982517808,0
33187,0.3203557185536555,0
35915,0.3203337565016356,0
91245,0.3203162366671794,0
93346,0.3203147564902134,0
45164,0.3203099054451364,0
88396,0.3203017328278202,0
41619,0.3202494266852647,0
69014,0.3202459479840053,0
88664,0.3202447212289398,0
19212,0.32022115688546066,0
7145,0.3202022152090146,0
22357,0.32011569959339503,0
17387,0.32004932185142054,0
89690,0.3200365197977243,0
3217,0.32002415565540804,0
49177,0.31999297928396253,0
98621,0.3199039543872801,0
36336,0.3198973252607706,0
70359,0.31986201020732946,0
74753,0.31983246126107984,0
1674,0.3198308257368832,0
63797,0.3198195780939916,0
43540,0.3198159269853239,0
77074,0.31981121755324493,0
47814,0.3197810580979158,0
87227,0.3197776826067312,0
81305,0.31976430762337094,0
87701,0.31976283846105147,0
56914,0.3196443848537318,0
49595,0.319634834663581,0
59695,0.319582838359866,0
63463,0.3195265276183181,0
6479,0.31945990843177174,0
74282,0.31942285349824884,0
97094,0.3194123778365395,0
22837,0.3193941796627855,0
1421,0.31938285197077904,0
65263,0.31937892445808713,0
88889,0.31935315573837947,0
89708,0.3193445204011467,0
37681,0.31934034761673935,0
49426,0.3193371415144413,0
68955,0.31933534649533546,0
30795,0.31932044896392314,0
28652,0.3193044880228221,0
33844,0.31930091407564914,0
2489,0.3192087884568668,0
4868,0.3191244615720274,0
14472,0.3191171394895605,0
78825,0.31908776291498053,0
55518,0.3190331956338987,0
85521,0.3190317297774232,0
73533,0.31893602136256005,0
75057,0.31893507894358414,0
57895,0.31893367997789834,0
52004,0.3189297374408997,0
78303,0.31890417321663556,0
58979,0.3188957272964428,0
49523,0.3188892960371472,0
87845,0.3188778988006224,0
97815,0.31885526338055664,0
10314,0.318813832009982,0
93332,0.3188019985720632,0
92118,0.3187871782144781,0
50155,0.31878709205802486,0
52666,0.318773910931171,0
69264,0.31876339956065525,0
56245,0.3187103978697767,0
9372,0.31866126449372345,0
54578,0.3186528586610869,0
33956,0.3186432381296519,0
69531,0.31861838466079734,0
93212,0.31861496546887624,0
75125,0.3186120864739386,0
47895,0.3185973397746162,0
12953,0.31859027540820195,0
35626,0.318547345890821,0
2809,0.31851222795792755,0
97175,0.3184629996811644,0
57673,0.318442914430943,0
46114,0.3184350077845302,0
9420,0.31842788799449945,0
6899,0.3184240113087539,0
88795,0.3184014741237838,0
62505,0.31839390782223836,0
55044,0.318361128777068,0
1580,0.31836078284748526,0
65920,0.31833359270110595,0
5144,0.3183188903603799,0
49841,0.3183187467262693,0
22674,0.31829153729196696,0
567,0.31825498341180203,0
75344,0.31822205253262853,0
5720,0.3181905182796141,0
61013,0.31818543082393824,0
49280,0.31815667613380594,0
65468,0.31815249605693235,0
38714,0.31811912215729465,0
55089,0.31808249112224185,0
27022,0.3180647472912471,0
46444,0.31805220089415853,0
75520,0.3179641168887787,0
63839,0.31794607460598046,0
30869,0.3178545365269168,0
67283,0.3178534502974679,0
70256,0.31785298471779255,0
48169,0.31776329304672873,0
72020,0.31770141408287206,0
39591,0.3176941398005741,0
83080,0.31769378145189775,0
98827,0.31765279843312894,0
81215,0.3176006719028523,0
57135,0.3175712412995126,0
37641,0.3175576807865755,0
15430,0.31754800035392566,0
73037,0.3175206096858258,0
29418,0.3175054744543695,0
8696,0.3174858314270546,0
5193,0.31747374478560053,0
30950,0.317460007671285,0
60652,0.31744634064571203,0
23920,0.31744561934402576,0
30195,0.31744258300121864,0
20532,0.31737889981864253,0
61325,0.31737863073474143,0
66884,0.3173732623785206,0
315,0.3173722049735839,0
71934,0.3173523483099798,0
6980,0.3173148517046856,0
35881,0.3173118850767238,0
97501,0.3171189822627944,0
57360,0.3171086968769462,0
38878,0.31709981667737686,0
37845,0.3170910855706549,0
65435,0.317048477534326,0
27116,0.31697878514187594,0
95398,0.3169373717574144,0
52765,0.3169372412729082,0
59750,0.3169298261436958,0
42828,0.3169205684915757,0
1780,0.3168381025707655,0
20326,0.3168373140215298,0
64077,0.3168336085908073,0
91417,0.3167971659092719,0
55195,0.31676257495645926,0
95589,0.3167158860541115,0
7604,0.3167151608595969,0
84934,0.3166716148310629,0
8461,0.3166711773532506,0
84278,0.31666434707766733,0
32140,0.31665005402216784,0
53794,0.31664564066050593,0
83916,0.3166047273492418,0
52367,0.3165713980625216,0
91848,0.31656455254330457,0
32194,0.3165635243267533,0
42671,0.31651537686493614,0
6010,0.31644748117082144,0
25769,0.31642569030129103,0
62716,0.3163709487042415,0
99208,0.31635926801468806,0
62654,0.31632287709102425,0
51686,0.31632130551731874,0
78846,0.31630662613725796,0
20528,0.3162706970682408,0
60877,0.31621414922984,0
11822,0.31619599932319653,0
12128,0.3161744259570936,0
84039,0.31617079767826733,0
98749,0.31616573122240604,0
13088,0.31606426116281927,0
82956,0.31603850985304865,0
72963,0.3160320238266555,0
12621,0.3159707494801374,0
33724,0.3159079175465375,0
50681,0.31590605774242336,0
39725,0.3159015928571091,0
52697,0.315894275037197,0
45061,0.31588837451748564,0
43616,0.3158727516000481,0
64387,0.315858104920728,0
34598,0.3158180122001487,0
35973,0.3157834659415215,0
28531,0.3157592109483547,0
26736,0.31575200031034406,0
75223,0.3157367991529461,0
48614,0.3157123763503114,0
43522,0.3156801439335714,0
70309,0.31566300829570804,0
9630,0.3156512777184418,0
79922,0.3156127291656423,0
68300,0.31557425830169583,0
97668,0.3155610575582538,0
66428,0.3155588537956509,0
76316,0.3155064245267178,0
39200,0.31549623621349615,0
39177,0.31549110962339716,0
53303,0.31548570021728445,0
49973,0.3154783715119673,0
8195,0.3154646804676662,0
53086,0.31544460140520403,0
71400,0.3153635097474855,0
99501,0.31535590907067,0
8205,0.31534781393970085,0
56052,0.3153350109300138,0
81438,0.3152740188108773,0
92924,0.3152259530460682,0
10551,0.3151902727604496,0
3392,0.3151329703943647,0
68036,0.31512559388039324,0
74789,0.3151160723619355,0
75180,0.3150862707794974,0
60549,0.31505728416893647,0
92271,0.3150036577520245,0
87404,0.31498023829685656,0
89840,0.3149664574171189,0
79873,0.31496632475926584,0
42121,0.31490042044113814,0
99504,0.31488961125727527,0
8646,0.3147696067177399,0
80448,0.31473935083722143,0
68846,0.3147133865741531,0
83781,0.31470321558122566,0
15909,0.3146726775815244,0
32743,0.31465257492667037,0
91089,0.31462278201792204,0
91509,0.31458914900973295,0
58184,0.31458470118751414,0
33138,0.31455979546533835,0
61082,0.31452518793248124,0
96105,0.31451137877616586,0
71604,0.3144658429809466,0
26880,0.31444788630997356,0
46385,0.31441198120255276,0
76286,0.3144058391777561,0
15344,0.31439015315104657,0
10635,0.31428286462609084,0
52598,0.31428164536979925,0
49946,0.3142467423006941,0
30704,0.31420120201616675,0
22927,0.31414061214630834,0
95572,0.3141255217003762,0
77841,0.314102619790741,0
63841,0.3140916597124506,0
16665,0.3140716804196841,0
16130,0.3140549118749205,0
15107,0.31403546494270956,0
85811,0.3140278810404053,0
14411,0.3140057087492453,0
77772,0.31400201420405033,0
79255,0.31398951766207034,0
85947,0.3139840292434936,0
41462,0.31395788268695934,0
18611,0.31395512638667517,0
49758,0.3139527300128604,0
81892,0.31394378423962216,0
95188,0.31393295364943036,0
83922,0.313883780598066,0
48053,0.31385875435982136,0
21746,0.31385699753110013,0
28675,0.31384392234773184,0
14314,0.31384285260723865,0
1480,0.3138398389953902,0
2236,0.3138268678427595,0
61155,0.31378541960029444,0
31707,0.3137700773961433,0
70799,0.31372598759102344,0
39117,0.31367958649671723,0
7084,0.31367617070306175,0
88210,0.31365096604562254,0
64046,0.3136289392818555,0
96351,0.31362157709711935,0
54787,0.313587600011084,0
22136,0.31358385505817393,0
14071,0.3135770700853079,0
69259,0.31357443333922996,0
75162,0.31356795401306126,0
17653,0.31351879782570796,0
89896,0.31351662185281665,0
64567,0.31350878853455216,0
94748,0.3134740342513263,0
67765,0.31345856265317057,0
86528,0.31342901154778385,0
66365,0.31342332379140886,0
64298,0.3133944611652062,0
63117,0.3133817588022599,0
22005,0.31337873210093997,0
53971,0.31336200500961214,0
9629,0.3133528572692258,0
75654,0.31334455076613843,0
64973,0.3132619593179008,0
99573,0.31319870964513485,0
54690,0.31318873852140877,0
69316,0.3131859365814801,0
48144,0.31315624238620926,0
38996,0.3131316752158954,0
32645,0.3131200197814701,0
30441,0.31308232324478785,0
33024,0.31304369888902767,0
53307,0.3130395017288845,0
80478,0.31302464167149013,0
24156,0.3129983954196246,0
2885,0.31297875762590543,0
62905,0.31296801721670425,0
25945,0.31292684357502293,0
63994,0.3128986863449862,0
3137,0.3128834607422604,0
95328,0.31285253189162554,0
82528,0.3128204204210153,0
28779,0.312818019157466,0
97343,0.31281559262224534,0
76284,0.3128118651580784,0
76127,0.3127972378687467,0
89918,0.3127969323783394,0
70065,0.312749589776182,0
18740,0.31274729876015817,0
23895,0.3127413784316505,0
837,0.31268643263578,0
54460,0.31264320601176754,0
21971,0.3126395983724116,0
7021,0.3126367666402294,0
43004,0.3126309838955805,0
62655,0.31259878865757224,0
4721,0.3125763708103411,0
69979,0.3125550946377995,0
6094,0.3125451026394573,0
75094,0.31252622660457446,0
58034,0.31248101149538177,0
77836,0.31242176415732603,0
51195,0.3123955651836625,0
91071,0.31237093829409873,0
7652,0.3123438542609647,0
98864,0.3123431427956348,0
73167,0.3123158222032489,0
6673,0.3123040425261762,0
48546,0.3122352362212864,0
57960,0.31223500743405364,0
85710,0.31222411463298977,0
41164,0.31222335886294084,0
14098,0.31219694524601127,0
65003,0.31217321977470947,0
15331,0.31215420610660544,0
90702,0.3121348369883871,0
71114,0.31211764215026666,0
88130,0.3121166971245927,0
43644,0.31208629104299845,0
88896,0.3120546605389222,0
69586,0.31203875453749197,0
54224,0.31201582013472207,0
55852,0.3119969039538193,0
37298,0.3119648863262427,0
65583,0.31195571695763985,0
90565,0.3119528857189153,0
20237,0.3119320259020911,0
42916,0.31192980948320076,0
23331,0.3119188913479467,0
80924,0.3118838950436681,0
16458,0.3118820540219766,0
8874,0.3118786121863805,0
10660,0.31186575964887847,0
1896,0.31174868215380613,0
63338,0.3117195127010732,0
78533,0.31170481470406175,0
48645,0.3116908003318506,0
60198,0.3116818333810654,0
73072,0.31164466957499765,0
1991,0.31163701843957986,0
88276,0.31160092064489453,0
621,0.31159719661260854,0
153,0.311593528261589,0
5895,0.31158402600714746,0
49153,0.31148231769187446,0
59647,0.31146289976417707,0
11769,0.3114350652894078,0
72534,0.3113669362858954,0
72280,0.3113590061235017,0
53404,0.31133691201192815,0
40015,0.3113296209078344,0
79283,0.31129843943280994,0
69679,0.3112806756542867,0
50725,0.31125909167917853,0
65163,0.31123742981252617,0
45700,0.3111863854104182,0
58378,0.3111449233743817,0
87928,0.3111328192985154,0
54533,0.311100924911094,0
86178,0.3110884040734012,0
77585,0.3110795885122003,0
32455,0.31105080076565106,0
14679,0.3110459405532697,0
47634,0.3110375266499046,0
49368,0.31100246845516727,0
47223,0.31095865604639195,0
83563,0.31095020333043233,0
65726,0.3109103824338852,0
21418,0.3109070435462866,0
62579,0.3108939229488402,0
63115,0.31084837939784504,0
64302,0.3108458192867261,0
22935,0.3108117006067838,0
85203,0.3108085899270117,0
68707,0.3107592786465935,0
67040,0.3107318816567439,0
25464,0.3106858643240372,0
92349,0.3106453308087928,0
35403,0.31063108859987326,0
73305,0.31062498533561433,0
36502,0.3105673544765772,0
61168,0.3105211586758613,0
97807,0.3105205034034453,0
85613,0.31047818084037226,0
69725,0.31047063218350673,0
18213,0.310403320893069,0
38140,0.3103969363895471,0
18382,0.3103629989698264,0
42574,0.31034704336055347,0
69633,0.31027980736065647,0
56640,0.3102772106352264,0
62977,0.31025756294199613,0
63575,0.31020416862522215,0
55129,0.31020372669624713,0
3946,0.3101888205227358,0
64025,0.31011817542017023,0
88513,0.3101110639243779,0
67935,0.31008458663733013,0
67555,0.3100804925797288,0
53237,0.31007963339124944,0
4180,0.3100789094951359,0
4968,0.31005276252535396,0
84686,0.3100312227785967,0
31015,0.3100223772899919,0
93861,0.31002215906119157,0
79608,0.31001132480359384,0
98954,0.31001096443700166,0
57582,0.3099921034801251,0
65573,0.309958625544646,0
86991,0.30993501281569114,0
76442,0.3099267863204192,0
32105,0.30991001360987613,0
92350,0.3099077448585098,0
62834,0.30984035471812743,0
47648,0.3098377165278452,0
42336,0.3098163214615093,0
51667,0.30980262518764995,0
41678,0.3097894184922465,0
58635,0.3097852492000733,0
89547,0.3097657763003808,0
11974,0.30973883873061975,0
58717,0.309696630099991,0
86709,0.3096897870554769,0
85425,0.30967324208756286,0
45763,0.3096700401640443,0
71783,0.3096353370556433,0
70355,0.3096104789419876,0
58276,0.30960805110842504,0
74721,0.3095751815539264,0
60075,0.3095601654461995,0
62424,0.3095588928068049,0
8797,0.3095534048775996,0
21265,0.30955328934649845,0
5709,0.30952819619187144,0
11044,0.30951719039227193,0
15958,0.30949122333696144,0
70950,0.3094898972686144,0
28059,0.30948865380763635,0
53072,0.30948773448380745,0
47094,0.30947380561614923,0
22555,0.3093837826590414,0
8349,0.30938126982118896,0
71092,0.30938050223842845,0
93178,0.309372696407128,0
70210,0.3093686634382378,0
76267,0.30934130737227394,0
9222,0.30933508108525093,0
62560,0.30932433788727143,0
91964,0.3093143028389022,0
95330,0.30927914131508,0
51894,0.30927365707765536,0
46167,0.3092468179599956,0
49112,0.3092442543036924,0
46558,0.30923075904643343,0
30065,0.3091408490815656,0
87108,0.30913773295983504,0
49109,0.3091155844007365,0
40425,0.3090444723387266,0
78580,0.3090338158594166,0
78251,0.3090229315313309,0
89632,0.3090143856066599,0
25446,0.3089929057950596,0
12698,0.30898740764562144,0
68697,0.3089239446485377,0
51082,0.30890480133223974,0
3989,0.30887288756516057,0
81450,0.30885340317112964,0
76396,0.3088528942959669,0
36470,0.30884823879612083,0
88641,0.30880268180091996,0
64167,0.30878229532312423,0
60159,0.30877042353492784,0
40913,0.30875281179070924,0
75554,0.30874064503914694,0
56777,0.30872598343052116,0
33969,0.3087143655660867,0
3944,0.3086960811939482,0
6595,0.308686576537756,0
59196,0.3086374859714105,0
98826,0.3086219807495348,0
27551,0.30858018600032616,0
73292,0.30857046226058304,0
93134,0.3084798549372567,0
77125,0.308473638394307,0
54194,0.3084616012413266,0
3070,0.3084306341062196,0
14175,0.30841497615274793,0
56635,0.3084124227890608,0
82110,0.30840766269274433,0
31748,0.308372004037464,0
55756,0.30836528731098956,0
69580,0.3083342259809164,0
87656,0.3083284352294682,0
50696,0.3083218367622241,0
71020,0.3082875280374736,0
43782,0.3082799959011857,0
38351,0.3082653408412163,0
86577,0.30825314061363546,0
35941,0.3082190017787617,0
421,0.3082128428517324,0
62306,0.3081991825579734,0
10210,0.30817327010455925,0
94389,0.3081717682348218,0
80517,0.3081470503426415,0
78645,0.30811901255495283,0
19525,0.3081178398464782,0
35775,0.3081020138688587,0
78248,0.30810066920012413,0
83641,0.30807375366158807,0
84185,0.30806668666265413,0
45789,0.3080365076280211,0
71222,0.3080362422096623,0
98603,0.30788837650158124,0
55315,0.30783710727318253,0
31956,0.30781622208436205,0
91804,0.3078152683697967,0
82743,0.3078151822054861,0
87022,0.3077958162322108,0
57999,0.3077840454178427,0
32923,0.3077491298080369,0
50936,0.3077338710403588,0
84202,0.3077218965667978,0
5499,0.30767013477555977,0
34227,0.3076691801754589,0
44629,0.307650022712975,0
80730,0.3076170894409456,0
14365,0.3075950596989037,0
75672,0.3075824136194952,0
2793,0.3075798379118044,0
30170,0.307561769885906,0
799,0.3075414512847628,0
86890,0.30752138208186325,0
8077,0.30749807663358963,0
28649,0.3074970240070849,0
84969,0.307496842615421,0
31812,0.30747613107519894,0
43036,0.3074673928632571,0
84284,0.30745301067429487,0
98002,0.307440303698807,0
94310,0.307426239860003,0
92219,0.30742468857669447,0
73808,0.30742222714918854,0
93596,0.3073992659211904,0
55019,0.30738621217295026,0
49418,0.3073715756329539,0
24080,0.30735878120203336,0
71423,0.30735315415514736,0
64300,0.3073422717279972,0
85133,0.3073382005045787,0
74654,0.3073070909477271,0
68178,0.3072775811158701,0
95687,0.30727615248193685,0
68207,0.307270706105515,0
62728,0.3072442987367158,0
46835,0.30722764029212063,0
82925,0.3072021967862909,0
20668,0.30716620618756174,0
65182,0.3071361272045052,0
89415,0.3071227475248456,0
25922,0.3071123046594782,0
33250,0.307111391845023,0
56212,0.307104979855391,0
62081,0.3070755754249005,0
71062,0.3070650585639332,0
51808,0.30706382827875717,0
61176,0.3070431959282014,0
48540,0.30703481497210905,0
82171,0.30696575401448994,0
96400,0.30695891238022,0
74247,0.3069295715022201,0
63899,0.3069194173947804,0
61975,0.3068375083366266,0
93223,0.306833795591149,0
28489,0.3068245819736307,0
70189,0.30677872167167547,0
88121,0.30677612655399195,0
68095,0.3067687473014676,0
60342,0.3067627894072677,0
13362,0.30673174701116623,0
78638,0.30671440610487866,0
1628,0.3066843906304763,0
55246,0.306678879324217,0
6397,0.30667161368796897,0
19094,0.3066692523481186,0
91440,0.3066606319316362,0
74886,0.3066553448279286,0
64144,0.30664792692335774,0
75906,0.306609959910195,0
29555,0.30660181464632347,0
14351,0.3065874300177772,0
46875,0.30658669927447063,0
10144,0.30656400560597097,0
58701,0.30655769557647594,0
65404,0.30655242594681475,0
48126,0.3065514346878654,0
68054,0.3065496341217242,0
17636,0.30651313279270764,0
72543,0.3064826939063773,0
19487,0.30648087603575785,0
32878,0.3064773777255157,0
70037,0.30647315494629657,0
34092,0.3064657035214234,0
23813,0.3064509697057939,0
60343,0.30642922072813605,0
41073,0.30642743563751085,0
77521,0.30642092081426114,0
58984,0.30641984503781533,0
71524,0.30641577008190807,0
75099,0.30640692214571397,0
42555,0.3064009869676441,0
1064,0.30638838426441195,0
31376,0.30638170540173926,0
61561,0.3063805488937999,0
58971,0.30635451001436786,0
31458,0.30635304630742577,0
18234,0.30635168544505403,0
17756,0.30626704870657845,0
83378,0.3062400633246638,0
78220,0.30621749100873996,0
30762,0.30621600686719147,0
43597,0.306202471737474,0
13589,0.3061995240508964,0
26724,0.3061946690931123,0
69971,0.3061928201866328,0
91730,0.30614332290268725,0
22321,0.3061367473522743,0
43756,0.30612130848997965,0
1553,0.3060778906186829,0
41695,0.30607509754849405,0
31366,0.3060700365700167,0
69305,0.30606172916398205,0
72183,0.3060315531532669,0
52443,0.30601658354306055,0
54582,0.30600002260339876,0
74021,0.30598481311677206,0
20797,0.30597108304226783,0
81382,0.30594795179950224,0
33836,0.30594291375825133,0
82346,0.30591616912612024,0
2049,0.3059150415263194,0
91651,0.3058775858704509,0
57282,0.3058617943770751,0
68665,0.30585873853586976,0
87598,0.3056785355065704,0
90461,0.30566505937254074,0
16566,0.3056488550737074,0
91408,0.30563569856325845,0
96173,0.3056267789919029,0
50063,0.30555512911225075,0
48905,0.30555226803778873,0
30573,0.30554029872569133,0
21510,0.3055384031754682,0
59609,0.30552154499166173,0
657,0.3054709709615726,0
62907,0.305469851968281,0
39076,0.30545232808682143,0
16332,0.3054036692770658,0
50441,0.30537109553254155,0
28729,0.3053503441609311,0
26979,0.3053465975990127,0
41704,0.3052877808959074,0
51169,0.3052860601262602,0
64079,0.30528524118928024,0
28885,0.3052791370555307,0
91540,0.30526406742793283,0
30270,0.30526051749371413,0
82798,0.30524266493710245,0
63713,0.30524008624514504,0
73798,0.3052348511463031,0
55387,0.3052172222195869,0
367,0.30521046311619665,0
67004,0.30520771307480493,0
94942,0.30516442586332115,0
10008,0.30510708504761624,0
48421,0.30510373708002997,0
55616,0.3050999522771062,0
16047,0.30509023638850946,0
78879,0.30500494730037986,0
25848,0.30500275948276834,0
37377,0.30499756306958986,0
78915,0.3049867937606771,0
88671,0.3049773902707353,0
37709,0.3049768985989973,0
73500,0.30496863203181596,0
14243,0.30496248230373585,0
7119,0.3049622059160843,0
35154,0.30493455425071425,0
5730,0.30492942620256275,0
73529,0.30492397709159025,0
61368,0.3048814990642698,0
83168,0.3047915577652045,0
3400,0.3047871284967259,0
27506,0.30478409154130476,0
82045,0.30476181679774894,0
38496,0.3047609544440383,0
71299,0.30474660363827294,0
48166,0.3047348425606935,0
45519,0.3047347097039707,0
25421,0.3047165025190385,0
72221,0.3046966958967853,0
65018,0.3046905253795215,0
53094,0.30466725060921346,0
80752,0.3046535003079323,0
39886,0.3046134350894713,0
32202,0.3046048803229289,0
5972,0.30458277741915624,0
68082,0.30455821915436504,0
73891,0.3045524161695893,0
34750,0.30452356966153016,0
78221,0.3044609507074282,0
35460,0.30444129375548784,0
15443,0.3044145787389783,0
41849,0.3043666785898067,0
65749,0.30433996786252837,0
8900,0.3043049278018755,0
86911,0.3042938743998004,0
20803,0.304233564656121,0
15205,0.3042276012933435,0
17562,0.3042201342445598,0
65335,0.304182395092503,0
36801,0.3041429691682041,0
31496,0.30410545399528616,0
52770,0.304087054272751,0
62110,0.30406986046838186,0
72010,0.30406857909086765,0
79363,0.3040387322969561,0
82794,0.30401048244366774,0
93083,0.30400172298291994,0
31040,0.3039911110672708,0
13731,0.3039802016719729,0
49174,0.30396326648436056,0
73322,0.30395318001597516,0
65309,0.3038707487619012,0
59132,0.3038568590990805,0
71438,0.3038443532507681,0
89773,0.30378012072768157,0
43747,0.30376224081080644,0
24824,0.3037429597942726,0
96812,0.3037249993526395,0
99235,0.30366769874673766,0
75619,0.3036063036048517,0
87584,0.30359043504761885,0
37784,0.30357889728238435,0
50659,0.303565064520802,0
86494,0.3035406050659097,0
49991,0.3035347528347625,0
57753,0.3035238189041095,0
68761,0.30352066536078076,0
39383,0.30349320603731117,0
67382,0.30349081633678404,0
46008,0.30347809818936367,0
40054,0.30344342182490563,0
41354,0.30343335676265154,0
89963,0.3034212272977036,0
23624,0.30337826261830114,0
88830,0.3033494102777786,0
58308,0.3033171629226571,0
36220,0.30323011155268687,0
71307,0.30320816180950777,0
33179,0.30316945686837066,0
61398,0.30314489380438014,0
17141,0.3031408442310709,0
94606,0.30312819608915975,0
25522,0.30307589352006675,0
94445,0.30306494659482847,0
82844,0.3030573229994241,0
63889,0.3030360057903413,0
2150,0.3030253099010628,0
53222,0.3030156879206618,0
72528,0.30300150258265457,0
99673,0.3029888305470755,0
1373,0.30296975685840716,0
42786,0.3029427797376037,0
11345,0.3029111417593422,0
16184,0.30290718663085214,0
93931,0.3028922210768429,0
45051,0.3028858227489806,0
48178,0.3028759549533858,0
99087,0.3028731085407513,0
96857,0.3028587292684623,0
74420,0.30284872914533106,0
85409,0.30284752637047246,0
94641,0.30284375426206256,0
28911,0.3028280633498309,0
44519,0.3028257756488637,0
94082,0.3028253873009838,0
62640,0.3028040268497378,0
62859,0.3027476592718516,0
26170,0.3027320510319538,0
59879,0.30272670271212904,0
29925,0.30271578937654725,0
32738,0.30265696966886924,0
69063,0.30265348143899623,0
27539,0.3026488586643951,0
77830,0.3026302676964067,0
86919,0.3026250505152889,0
86223,0.30261034890003696,0
73114,0.30257773104249547,0
8891,0.3025414232903843,0
46462,0.30247501244642533,0
85900,0.30243810084782446,0
53867,0.3024084711240892,0
10109,0.30238308519453644,0
399,0.3023753680921077,0
61018,0.3023272492249228,0
33349,0.3023182055413345,0
14596,0.30231271754535977,0
23608,0.3022899854693023,0
83416,0.30228244446356956,0
49615,0.30223246690736566,0
86721,0.3022317210105196,0
66394,0.3022164862661709,0
21927,0.30217871515063316,0
67322,0.3021783626369626,0
13601,0.3021767994229778,0
1999,0.30212435430635004,0
77070,0.30205865314080044,0
8599,0.30203655463056306,0
34351,0.3020358118220066,0
95579,0.30200748926478943,0
626,0.3019510860980626,0
54055,0.30192704570480394,0
35467,0.30192164937809185,0
19673,0.3018821596231946,0
37831,0.3018425292739258,0
66579,0.3017968339685013,0
85525,0.301766376490331,0
81902,0.3017638970711375,0
42218,0.30176370066546243,0
3258,0.30175952115989546,0
75951,0.3017577160653991,0
57086,0.3017340743484803,0
58490,0.3017327087790829,0
16466,0.30171789005234145,0
58817,0.30168250077185127,0
5297,0.30168018016282044,0
38042,0.30167455534163906,0
96579,0.3016565029226196,0
57405,0.3016481040806749,0
99011,0.3016252513466231,0
43442,0.3016012901505598,0
70820,0.3015992588209172,0
66571,0.30159402783905753,0
34025,0.30159197557449846,0
47913,0.3015725018948776,0
1954,0.3015351286477067,0
53699,0.30151298441938407,0
25795,0.30149499178885764,0
31010,0.30148731607213763,0
95093,0.3014292476682633,0
44094,0.3014133625677818,0
74177,0.3014010316788979,0
4370,0.30138955919578986,0
31455,0.30138744317218924,0
97576,0.30137430735714343,0
14072,0.3013471657767247,0
19656,0.3013108482372203,0
59275,0.3012841231751815,0
42958,0.30123867380894886,0
79868,0.30121198279485145,0
29389,0.30119094491821713,0
72930,0.3011798717585045,0
45858,0.3011754873897609,0
72424,0.3011672080020768,0
31145,0.30113638604806714,0
97827,0.3011138164821011,0
65389,0.3010847591223917,0
83656,0.30102567458122537,0
99658,0.30101925994157913,0
89094,0.3010021842686728,0
91321,0.3009852146296907,0
20669,0.30094098267954345,0
80674,0.3009374137195645,0
87144,0.3009039996638692,0
57351,0.3008911416202899,0
59909,0.3008606697951211,0
48955,0.3008488147641028,0
23402,0.3008455892144401,0
7807,0.3008232327211706,0
83126,0.30081687981466504,0
92706,0.30079844872107725,0
57652,0.3007715464883124,0
22056,0.30071595561909,0
23725,0.30070612748815256,0
32708,0.30070276685071634,0
60727,0.30069899586374266,0
85362,0.3006879134815651,0
36491,0.30065130854075983,0
77349,0.30063844345982804,0
70783,0.3006194190189015,0
12993,0.30059924262597326,0
44667,0.3005456054601215,0
50600,0.3005283042624893,0
19510,0.30052374072353333,0
97731,0.3004877021006464,0
38754,0.3004857714857741,0
23667,0.3004600953763251,0
12405,0.3004469375342505,0
41536,0.300442944088106,0
96682,0.3003965864112614,0
71461,0.30035738643910215,0
86654,0.3003432322657374,0
18508,0.3003182704472382,0
34738,0.3003103916076621,0
44069,0.3002950027452351,0
6661,0.3002869062078496,0
47807,0.30028428556514786,0
84328,0.3002790087026858,0
74855,0.30027356235440134,0
68107,0.300259256202397,0
74048,0.3002089965063453,0
80464,0.30018145516287714,0
42933,0.30016086800530467,0
44223,0.30015976927495064,0
60631,0.30014616285921825,0
1802,0.30013214581888376,0
87813,0.30012606523031116,0
84038,0.30010728283369514,0
37842,0.3000887995178775,0
63706,0.30003445645599275,0
79049,0.3000289419658702,0
59645,0.30002827322902526,0
72185,0.30002372041821873,0
69176,0.29998729187782747,0
98364,0.2999779380993305,0
86490,0.29994685027381984,0
68046,0.29987887029337257,0
17486,0.2998498360688241,0
67579,0.299772342289286,0
74650,0.29975608216996374,0
77129,0.2997337697445365,0
86314,0.2997112353708511,0
27754,0.29970943161570845,0
41958,0.29969236609433175,0
58609,0.29968684611006063,0
44466,0.2996837425841705,0
49835,0.29963825876374917,0
43144,0.29961146862832594,0
78401,0.299583234882391,0
39253,0.2995531279695704,0
60145,0.29952299691957884,0
64521,0.29951645269417704,0
70850,0.2995095916992497,0
48601,0.299475151337363,0
79395,0.2994280350959832,0
39934,0.299420083357763,0
77936,0.2993628507878795,0
46616,0.29936142222358775,0
27318,0.2993587397486977,0
73925,0.29934691361709614,0
23630,0.2992758544987377,0
20521,0.2992340044892866,0
60964,0.2992099165038362,0
23530,0.2991498332950614,0
11167,0.29913731519295206,0
89813,0.2991279855140399,0
88723,0.2990802387434796,0
11841,0.2990753255853414,0
8500,0.29902808105096673,0
36419,0.299018451301922,0
12753,0.2989899885742668,0
23855,0.2989679837063853,0
38734,0.2989609741595783,0
62516,0.29895469565302807,0
78019,0.29895275230493756,0
39833,0.2989455836431096,0
30926,0.2989451129270705,0
45712,0.29891807595123365,0
42655,0.2989042214191793,0
76875,0.2988624669508466,0
4912,0.29885919146050666,0
92130,0.2988531126646555,0
34317,0.2988437117923227,0
48956,0.2988378114533089,0
87854,0.2988332533597765,0
97701,0.2988210161213261,0
73228,0.29870795335234895,0
50185,0.29857964451672897,0
27331,0.2985632872659522,0
65657,0.2985533481720184,0
20032,0.29852467424012563,0
16287,0.2985243680247547,0
93043,0.2984423523542331,0
21594,0.29843408854523995,0
53022,0.2984182224184233,0
29822,0.2983967883782162,0
31510,0.29828420311257264,0
29419,0.29827685663315884,0
20494,0.29827568615750727,0
68680,0.29825772768908804,0
24671,0.2982327804644783,0
85591,0.298230768606899,0
99982,0.29820800384075663,0
41115,0.2981661746852508,0
60261,0.2981599064152359,0
40010,0.2981518942335938,0
91995,0.29812903560500265,0
16815,0.2980636105444476,0
97509,0.29805215711551863,0
85402,0.2980249184161747,0
79134,0.2980013988531504,0
56707,0.2979999845133593,0
25830,0.29799094050232217,0
25606,0.2979655627203401,0
12079,0.29795084456031035,0
76544,0.297877783491024,0
27411,0.2978543187925066,0
44002,0.29781023611683016,0
7097,0.29776354722881654,0
12209,0.2977424290253413,0
75664,0.2976889892660253,0
94694,0.2976719712826719,0
98411,0.29766176981227427,0
5792,0.29765766020941775,0
30132,0.2976489589555915,0
20704,0.2976229565908462,0
97930,0.29757705607049123,0
1167,0.29753553434050006,0
25197,0.2975353486201092,0
99408,0.2975131891333313,0
57146,0.29747773220924073,0
25299,0.2974712505394074,0
29501,0.29745867232644696,0
80224,0.2973991267435361,0
24167,0.29735987726065793,0
98456,0.2973397587896467,0
23952,0.29729377034712323,0
32184,0.2972637541212875,0
7127,0.29724252637086823,0
77723,0.29722036334668006,0
81101,0.2971823855743167,0
83903,0.2971169285809919,0
97106,0.2971026909709976,0
44909,0.2970966161663065,0
42350,0.29706517558601614,0
59550,0.297041604731182,0
57965,0.2970401580538829,0
54831,0.2970218351644807,0
2491,0.296980227080849,0
45086,0.29697382011987894,0
52481,0.29692477939880385,0
6577,0.2968995930835221,0
17941,0.2968597607483908,0
5121,0.29684829885429576,0
50543,0.29677538886849103,0
94873,0.29674543602245884,0
56444,0.29673674710387293,0
48975,0.29673359594395754,0
63490,0.29672603820962695,0
47618,0.29671184707229714,0
68850,0.29669299773862,0
24639,0.29667522231270493,0
56567,0.29666684271599464,0
16888,0.29665509436233933,0
75174,0.29659881922669323,0
98542,0.2965826508161643,0
96237,0.29654555343841016,0
12399,0.2964670699585721,0
21416,0.29644686544161913,0
38033,0.29643380029164,0
87705,0.29641433189249555,0
58896,0.2964054911758615,0
12799,0.2963268051845661,0
43033,0.2963224205805237,0
60085,0.2962738922749806,0
69784,0.2962501446293741,0
33384,0.29622530684957993,0
72152,0.2962047861007051,0
3413,0.29620376977812496,0
13489,0.29620194178345705,0
18081,0.29619192758486707,0
8651,0.29617801811677347,0
38133,0.2961729628756598,0
3166,0.29616558776590973,0
36236,0.2961633142097935,0
93789,0.29614490032500324,0
32590,0.29612222927704174,0
23663,0.2961129239282334,0
50730,0.2960786099845631,0
78752,0.2960693348996142,0
48063,0.2960046043182071,0
86312,0.29600015955865455,0
68720,0.2959845668103648,0
87999,0.2959596009733974,0
33971,0.2959375018840509,0
66399,0.29593251414929295,0
79793,0.2959120605832145,0
57137,0.29587497112854455,0
19109,0.2958519299165938,0
63124,0.295839604748858,0
42724,0.2958345683065864,0
19430,0.2958196425655784,0
83934,0.29581961247760785,0
39845,0.29580890685117367,0
66147,0.2957932084502685,0
88127,0.295787558129319,0
56209,0.2957695278386184,0
60751,0.2957647841121773,0
62427,0.29573326226724267,0
27346,0.2956980455173018,0
56075,0.29566411746789917,0
14632,0.29561497428222816,0
23965,0.2956016689021114,0
75010,0.29560166307615743,0
86489,0.29557274885653867,0
73479,0.2955632735462532,0
7567,0.2955399832698724,0
33655,0.2955218043371647,0
66511,0.29550323479957935,0
62674,0.29549858163310294,0
24313,0.2954876027495871,0
70166,0.29547488844192815,0
69109,0.2954011155770568,0
61886,0.29539880200166296,0
38741,0.29536708509399034,0
14572,0.2953641337958344,0
395,0.2953230554254833,0
6269,0.2952985238279695,0
92151,0.2952515870219676,0
81962,0.2952365349194816,0
78117,0.2952279254753154,0
61066,0.2952172039043548,0
1776,0.29513534193179985,0
67762,0.2950771849584553,0
33487,0.295061449805331,0
46482,0.2950174269651497,0
78095,0.2950037019021554,0
73752,0.2949739966272241,0
16730,0.2949618255656011,0
84837,0.2949540201805458,0
27158,0.2949015953746265,0
52356,0.29489931397960695,0
98882,0.29489358832474444,0
45765,0.29488457777010063,0
49143,0.2948839383801187,0
62203,0.2948354658421139,0
39704,0.29482799187219416,0
72595,0.29482066244367916,0
5358,0.2948109864848931,0
66293,0.2947658471835355,0
26830,0.2947567305547402,0
49535,0.2947523176482908,0
51501,0.29474963236442814,0
21107,0.29474368049448424,0
90682,0.2947275965675524,0
80805,0.29472072614462946,0
36691,0.2947019108912723,0
98056,0.29462521943812153,0
91125,0.29458132847480945,0
13500,0.2945712858390322,0
36662,0.29454954549121093,0
85389,0.294534955824679,0
43477,0.2945337436053763,0
43588,0.29449790240839574,0
71853,0.294485290968817,0
18594,0.2944779511824699,0
72469,0.29446519041403363,0
68421,0.29445578486291707,0
41184,0.29440863266612144,0
84694,0.2943855983362042,0
42037,0.29438553902565345,0
95755,0.29438017019540424,0
30320,0.29435848328586506,0
44420,0.29435163963364785,0
80135,0.2943483578712933,0
99200,0.29430781553876506,0
18482,0.2943004115953289,0
74653,0.2942513632196769,0
37220,0.2941833856926158,0
9272,0.2941504810439898,0
38870,0.2941458052466999,0
90962,0.2941447240593562,0
12655,0.2941381572362367,0
17975,0.29411839302344084,0
41065,0.29405303955855583,0
94084,0.29403079790013176,0
46576,0.2940250242627308,0
64196,0.2940100646367915,0
35902,0.29399167162599577,0
84662,0.29396175095582705,0
37025,0.29395755986999894,0
70998,0.2939178743406056,0
98210,0.2939123591316098,0
93571,0.293893562707244,0
70017,0.29389031780650793,0
25891,0.2938805855021061,0
96050,0.29387497926804884,0
37959,0.29387272561135336,0
77534,0.2938645535366403,0
6576,0.2938227342311783,0
45285,0.29377608907745073,0
69846,0.29377433843185113,0
37943,0.29376426535499656,0
49722,0.29373416431158805,0
34255,0.2937186292445806,0
7244,0.29370061744601117,0
61522,0.29368544432100574,0
87979,0.2936682142558474,0
28831,0.2936599775633235,0
74747,0.2936595166134388,0
65078,0.2936311605891187,0
78219,0.29362764651007117,0
56454,0.2935866514459892,0
77617,0.2935677045873907,0
83933,0.29356189548052,0
4610,0.29348793103657855,0
66755,0.2934742105415555,0
5074,0.2934699188609256,0
9543,0.29342896727830936,0
53990,0.2934238363556393,0
48708,0.2933681519813581,0
30500,0.2933424252948083,0
8300,0.2933292110070611,0
57866,0.293318381139727,0
2652,0.2932981859806481,0
89946,0.29324405719257857,0
84266,0.2932102394379446,0
77385,0.2932004588003157,0
33357,0.29318861953278924,0
97640,0.2931579601469526,0
4178,0.29314712400769105,0
20661,0.29313976155737886,0
84447,0.2930906312694272,0
55280,0.2930469639109405,0
83582,0.29303999477746046,0
93904,0.2930162021958365,0
53520,0.2929915863488748,0
91823,0.2929891579644269,0
50961,0.2929764638022048,0
43587,0.29295939260069975,0
38824,0.29293472831390494,0
27990,0.29293419020323735,0
89741,0.2928588257212922,0
12847,0.29284293148507284,0
67335,0.29282984374789073,0
38837,0.29282699598699974,0
57523,0.2928213613740674,0
47887,0.2928177171315767,0
83194,0.2928012727979066,0
93139,0.29277844214151333,0
27640,0.29277399547496796,0
21663,0.2927602603298021,0
20715,0.2926913077541183,0
31819,0.2926787714913756,0
88656,0.29266773801740226,0
71668,0.29265147061441177,0
92203,0.2926338149943638,0
39823,0.2926301504667443,0
36728,0.2926261550075297,0
63256,0.29259465942220525,0
21159,0.292594532693493,0
47804,0.29256939656087755,0
86852,0.2925674507514744,0
63854,0.29254857893881087,0
53536,0.2925266857710989,0
53079,0.2925009338829837,0
42425,0.29249751238028243,0
97321,0.2924817870523721,0
97350,0.29244102084803864,0
64437,0.2923900834465817,0
26368,0.29237432732193785,0
46998,0.29234496353813144,0
29605,0.292322198026121,0
41789,0.2922931710849113,0
27837,0.29226836645356324,0
67274,0.2922648988664928,0
20291,0.29223325168309117,0
42790,0.29221067607560447,0
35182,0.2921906821050476,0
8534,0.2921847523080139,0
70247,0.29215581173559774,0
27164,0.29215008012446203,0
32960,0.2921293955888165,0
39500,0.2921277173036677,0
52375,0.29212041998358096,0
55542,0.29207923000635755,0
85850,0.2920618924336872,0
25638,0.2920519045434371,0
99713,0.292038254896716,0
6046,0.2920365567307254,0
28782,0.2920350583962346,0
46535,0.29193658576446274,0
51564,0.2918908724223797,0
9725,0.29188147691956523,0
50304,0.29184193181749163,0
40992,0.29182481372540875,0
61162,0.29181935747852045,0
45485,0.2917858834636339,0
52850,0.2917744419936148,0
78033,0.2917655645254865,0
98996,0.29176323860202436,0
73206,0.29175855091443964,0
32183,0.2916571410772104,0
18676,0.2916419160134749,0
79621,0.2916343763932951,0
76950,0.29163083381287375,0
30465,0.29161619614681283,0
32091,0.29161392057935553,0
42949,0.29160827011831914,0
42740,0.29160008372066176,0
26463,0.2915977795225629,0
90989,0.2915827253140827,0
1792,0.2915814522981983,0
82035,0.2915778550839823,0
93222,0.2915257844927045,0
52714,0.2914923277134702,0
80908,0.2914669705981599,0
40861,0.29143116834705507,0
64394,0.2913937882069915,0
64060,0.2912988790602402,0
73602,0.2912931208377475,0
93224,0.29128690398467777,0
27481,0.29127510521993566,0
57099,0.2912713389398839,0
52340,0.2912673824143155,0
30557,0.29125925153700694,0
71522,0.2912532224344482,0
67456,0.2912509468031278,0
94911,0.2912469177606054,0
96702,0.2912460673324004,0
63692,0.2911994798453137,0
67071,0.2911380513248054,0
76210,0.2910748619664122,0
42815,0.29104682986087305,0
84353,0.2910117890755558,0
7759,0.29100656269676234,0
48729,0.29099387574931496,0
34215,0.29098665900043685,0
34358,0.29095688209101606,0
83824,0.2909500259907156,0
19320,0.29090007338414214,0
63871,0.2908787699989862,0
96256,0.2908783991763324,0
89702,0.290858887402361,0
1256,0.2908298222205452,0
73115,0.290786768674355,0
49367,0.29076265723469763,0
70966,0.29075590871835605,0
21428,0.2907439227624783,0
13268,0.2907129486798634,0
62969,0.29064340197320365,0
66242,0.2906055366561229,0
38188,0.2905789501952838,0
21273,0.29057601373858044,0
74086,0.29056635808805015,0
59583,0.2905642346430212,0
42928,0.290564142429611,0
27738,0.29054061185975927,0
74476,0.2904518592758426,0
96160,0.29044605102528015,0
16899,0.29044133723429577,0
81277,0.290433671390318,0
19589,0.2903945365241818,0
38643,0.29038802521057494,0
33300,0.2903661854554116,0
59581,0.2903427835484665,0
42021,0.290326267817142,0
7228,0.29030432635194015,0
53511,0.2902465599428663,0
22340,0.29022908501473554,0
34424,0.2902191514432436,0
58201,0.2902114068637699,0
50412,0.290139150938948,0
25092,0.29013477537547344,0
58423,0.2901238915446651,0
52159,0.29010629565262624,0
20108,0.2900922926899846,0
89372,0.2900295134475773,0
16694,0.2900176356703026,0
15375,0.29001154980912525,0
74172,0.2899640792494842,0
27639,0.2899466263679713,0
85629,0.2899396894309669,0
66239,0.2898774756195413,0
13329,0.2898515071100183,0
89015,0.28984578581154113,0
74791,0.2898397764480017,0
81464,0.28983467115505795,0
92507,0.28980666004830685,0
98068,0.2897974096111842,0
28744,0.28975633462353095,0
50364,0.28973557611268275,0
68583,0.2897258071882259,0
70175,0.2896999638072368,0
19492,0.28969394167050516,0
28853,0.289692064448117,0
32322,0.28961312473374184,0
81463,0.2895863690442074,0
88197,0.28954826325900673,0
90327,0.28953859429759127,0
46012,0.2894902299928689,0
57506,0.28948909860652344,0
82043,0.28947895248513966,0
4510,0.2894765760408113,0
95571,0.2894155766595432,0
9190,0.28939862138491185,0
80833,0.28938531384560895,0
15250,0.2893705573112809,0
92780,0.2893350510100311,0
72669,0.2893139640433032,0
84810,0.2892457694122903,0
19135,0.2892264486092241,0
27199,0.2891796032028345,0
44038,0.28916537385929925,0
84481,0.2891618086641224,0
60332,0.2891444531210924,0
70986,0.28913677622798034,0
68111,0.28911393443311756,0
18718,0.28907496196173055,0
24935,0.28906794580997014,0
26851,0.2890211379085282,0
68055,0.28898543758034284,0
63559,0.2889574680386034,0
90191,0.2889542823996149,0
44107,0.2889498504323516,0
49113,0.28893840175850294,0
14792,0.28893098952726787,0
56168,0.2889110548099307,0
47003,0.2889046167369174,0
75422,0.2888838024259499,0
43454,0.2888727607092439,0
20368,0.2887739768980881,0
65926,0.2887598369784386,0
8975,0.28873029898115354,0
28807,0.28866901161038394,0
42309,0.28866120860459266,0
15698,0.2886454205935595,0
86888,0.28863158704436287,0
97124,0.2886227947197455,0
62602,0.2885737424228783,0
50660,0.2885580060616372,0
17569,0.2885438768715753,0
62480,0.288529966185151,0
17445,0.28850644368611045,0
99436,0.28849183979165105,0
79744,0.28847103415891784,0
54654,0.2884451911794475,0
40452,0.28841500496738404,0
42450,0.2883496102156841,0
44573,0.28832917536865715,0
36827,0.2883179768583166,0
36042,0.28831453913073907,0
87797,0.2882871202601777,0
15126,0.2882677160963411,0
10614,0.2882525758290837,0
37531,0.288225549561585,0
6141,0.288209412639833,0
95050,0.2881960255690684,0
95056,0.28819203451956493,0
84433,0.28817870059158074,0
40389,0.2881385564196284,0
95720,0.28812070657450417,0
86472,0.2881042189428516,0
70648,0.28806693098867353,0
54449,0.2880579424983529,0
74444,0.2880176984567199,0
52547,0.288017544720862,0
45483,0.2879941723783505,0
89853,0.2879741142463898,0
58465,0.28794039391299203,0
20795,0.28793708349321556,0
74575,0.2879292116750218,0
43638,0.28792902449414853,0
69645,0.28791254523465537,0
27717,0.28788681767033064,0
89631,0.2878603336334584,0
61328,0.2878359247464293,0
17441,0.28781963989676396,0
74545,0.28778543763134584,0
72408,0.28777899244965627,0
75528,0.2877763674349169,0
19127,0.2877557305790011,0
53071,0.2877263540352004,0
74783,0.287693851882464,0
32373,0.2876772350820162,0
11457,0.28765607867070064,0
33949,0.28759160226223923,0
99783,0.2875821576768216,0
25765,0.2875397323775921,0
30390,0.2875339956494275,0
6674,0.28753130984320324,0
28382,0.2875166232671679,0
93579,0.2875159778558737,0
60838,0.2873502080802455,0
76788,0.2873316674902267,0
17685,0.28732640366789586,0
7467,0.28732423524925255,0
89871,0.287280569755673,0
64759,0.2872739735020759,0
35736,0.2872722232558021,0
608,0.2872641619097766,0
29470,0.287239219137714,0
45874,0.28722887391206114,0
6813,0.2871920843114033,0
72512,0.2870419659555327,0
50536,0.2870293617209177,0
16201,0.2870205633317562,0
84999,0.2870189387329508,0
33161,0.28701526188794685,0
67590,0.2870050012540531,0
55827,0.28694259488275736,0
59159,0.2869379659702055,0
86937,0.2868849034174369,0
13114,0.2868685914689112,0
24175,0.2868544584186385,0
32955,0.2868011876841114,0
85730,0.28677556529121145,0
31125,0.28677229254845127,0
87406,0.2867575846600887,0
34530,0.28675726637655347,0
9385,0.2867518764216846,0
81437,0.2867482322114257,0
13291,0.2867392614180402,0
37484,0.2867169119023377,0
82706,0.2867067409632509,0
20626,0.28665974923277543,0
53659,0.2866480893112919,0
74393,0.2866416305675366,0
86593,0.2866383290144731,0
6546,0.2865881057012568,0
98325,0.2865865388585788,0
63590,0.2865856550586355,0
8236,0.2865568852966291,0
5560,0.2865378300642251,0
11849,0.28653220331322315,0
8153,0.2865314362236653,0
93269,0.28652354100911975,0
99089,0.2864941408716367,0
78887,0.2864728070643342,0
3553,0.2864715932934489,0
55147,0.28647115789933436,0
82818,0.28645823452516855,0
48711,0.2864511136512453,0
17616,0.2864465368228036,0
88698,0.28644538965595756,0
84203,0.28639887692042626,0
20751,0.2863847903597509,0
4806,0.2863679485386944,0
11308,0.28636140087409623,0
69153,0.2863510666335569,0
27071,0.2863351391646519,0
30765,0.2862939087496232,0
74591,0.2862676651093292,0
51533,0.28625701101280854,0
67805,0.2862499171951219,0
34096,0.28621238581680497,0
36885,0.2861766006565342,0
91909,0.286122354895066,0
92417,0.286079217016012,0
71318,0.2860541470189444,0
78172,0.28603233761476216,0
36056,0.28602507224099394,0
85691,0.28596848817878473,0
88023,0.28595363947776925,0
43194,0.2859397506773199,0
92455,0.2858532870227245,0
75172,0.2858290439997857,0
77573,0.2858088993774222,0
20390,0.28579428772783844,0
68509,0.28578201427428057,0
13074,0.2857287466933716,0
65987,0.28572675679861814,0
99243,0.28571505573740597,0
35607,0.28569389435255405,0
74608,0.2856587185070109,0
57899,0.2856259410624305,0
93281,0.2856252501798369,0
78971,0.2855751644336053,0
54431,0.2855737690623708,0
5392,0.28557167359173696,0
46927,0.2855612218519586,0
84907,0.2855378713010897,0
39280,0.2855364335719388,0
44833,0.2855267996129613,0
6698,0.2854992810461175,0
23211,0.2854951244030633,0
7389,0.2854899765131883,0
22203,0.2854296269979467,0
16975,0.28541711257019137,0
55833,0.2853883615249448,0
80710,0.2853746388873959,0
10721,0.28526560206536905,0
63609,0.2851991783412457,0
34211,0.2851962410007152,0
70174,0.2851449937011999,0
57048,0.2851348071256131,0
58213,0.2850779542100681,0
2648,0.2850675089154475,0
7425,0.2850631587170148,0
63088,0.2850420010150638,0
63963,0.28500488394341383,0
22561,0.28488999817008065,0
64271,0.284866643466773,0
5324,0.2848665311590967,0
72563,0.28486022316035275,0
84242,0.28485806719124784,0
17763,0.2848445753648452,0
69010,0.28484127020189437,0
40419,0.28483125264153064,0
504,0.2848133258712353,0
76591,0.28476898543569595,0
69503,0.28476661433474115,0
72488,0.2847461653474227,0
83966,0.284738527854747,0
47328,0.28472943028677,0
42128,0.2846505945967025,0
34222,0.2846356463014384,0
99138,0.28463520867622455,0
6062,0.2845497811770236,0
79023,0.2844956446615062,0
56183,0.2844796663676583,0
5482,0.2844641726960492,0
25952,0.2844378188131183,0
85857,0.28442027351867355,0
20638,0.28441580360957586,0
11273,0.28441460689931236,0
76431,0.284402621690467,0
43538,0.2843940409506636,0
66060,0.28437497919266924,0
22762,0.28437214850916975,0
96137,0.2843494956304,0
7670,0.2843454457242514,0
48119,0.2843395965843719,0
6783,0.2843220879187556,0
28702,0.28428732755553066,0
94378,0.28428380670775744,0
2987,0.2842414096092007,0
28049,0.28424027185701345,0
68149,0.2842290318324403,0
94549,0.28421760388515366,0
67391,0.2841925917543457,0
12828,0.28417339536364156,0
66808,0.2841124244723021,0
22108,0.2840581734242568,0
93801,0.28403987152657834,0
61464,0.28402797116048145,0
55078,0.2840119624858325,0
81385,0.28399783273652457,0
37419,0.28398393018806484,0
60890,0.28397190543962075,0
43765,0.28394158381918333,0
84529,0.28390922443187805,0
54700,0.28386725389073286,0
56470,0.28385995987770385,0
13953,0.28385948931387495,0
51090,0.2838515965026547,0
87137,0.2838495412975389,0
87676,0.2838494537509386,0
31361,0.28383205163127784,0
27767,0.28381011394064437,0
22402,0.2838038837526832,0
99076,0.2837771028053818,0
24031,0.2837655739081716,0
71459,0.2837573900965115,0
50474,0.28375322608365583,0
26872,0.2837443929970064,0
61620,0.283744309419767,0
88157,0.28373253200982096,0
80315,0.2837049669826881,0
28493,0.28369488265321635,0
12536,0.2836946649930761,0
9600,0.2836889674899163,0
73958,0.28363971636006646,0
33086,0.2836185138715719,0
49331,0.28360800718396645,0
15848,0.2835976839280362,0
63178,0.2835644893691828,0
45647,0.28356209634620494,0
55578,0.2835262535613781,0
82511,0.2834784166767399,0
55987,0.2834561033394268,0
82111,0.28345544737717376,0
61804,0.2834476445321161,0
28226,0.28343453526093676,0
90982,0.283431865823729,0
46856,0.28339724984586145,0
94002,0.28335687518951835,0
96013,0.2833106316974543,0
44265,0.28327815898725717,0
703,0.283276518499112,0
55884,0.2832720705972626,0
1643,0.283184879743901,0
67839,0.28317720677878394,0
94755,0.28315255921369736,0
81060,0.2831088431835641,0
22335,0.2831078134001216,0
92053,0.2830662282516816,0
53160,0.2830301559997651,0
75283,0.28302988066199375,0
71633,0.2830076591345134,0
87161,0.2830063042331699,0
72750,0.282985556387278,0
63177,0.2829701193530168,0
80934,0.2829612270065891,0
87062,0.2829266519254475,0
5870,0.282903069386486,0
93115,0.28286960820567575,0
78705,0.28284372418155707,0
7531,0.2827603509598777,0
92838,0.2827423900709069,0
91000,0.28273806437523546,0
40120,0.28270757483549586,0
98938,0.2827063279604949,0
191,0.28270508457795107,0
82013,0.28269795708498663,0
67336,0.2826824195161813,0
38195,0.2826588750603013,0
14361,0.28259904595388324,0
98191,0.2825808971432934,0
20900,0.282495910520442,0
79247,0.28249012017634645,0
59533,0.2824874693348094,0
50398,0.2824742558679519,0
31911,0.28247024141631255,0
39026,0.2824138258455318,0
96077,0.28239373383436905,0
38640,0.2823798469989088,0
78078,0.28237704473696534,0
43148,0.2823757479363,0
68276,0.2823010716088014,0
95061,0.28226937024552234,0
77339,0.2822631388963625,0
37698,0.2822582963779698,0
50058,0.282215544521541,0
92860,0.28213554596012047,0
70805,0.2821187367231924,0
77156,0.28210144958147876,0
65664,0.2820709712036882,0
94915,0.2820432275322999,0
81032,0.2820417786897524,0
23716,0.281955717860729,0
75485,0.28194135227569517,0
3092,0.2819407809857629,0
11517,0.281778233899034,0
91527,0.28170852230723886,0
71731,0.28170139572388164,0
35230,0.28169553020925875,0
25471,0.28169288969292045,0
69184,0.281652631671501,0
16308,0.28164530042748764,0
88427,0.2816374186582977,0
13641,0.28160636182512727,0
75017,0.28159115709359056,0
10045,0.2815646397216733,0
31226,0.28150282005547306,0
9324,0.28149441611448506,0
27584,0.28148131014901323,0
11272,0.28145721831999904,0
34612,0.2814461273798098,0
57856,0.28143506739182567,0
95366,0.28137226331505116,0
83704,0.28137012964513036,0
87294,0.28135059948953994,0
74732,0.2813504745183733,0
43971,0.2813357502779856,0
61416,0.2813338025050232,0
45969,0.2813087304796323,0
20579,0.28129812844375907,0
59331,0.2812354847955,0
35090,0.2812258065209252,0
43443,0.28121260590079855,0
2841,0.28119952126312064,0
59837,0.28119347080123164,0
77159,0.2811760395911731,0
58586,0.2811292900381929,0
26962,0.281117509433448,0
4766,0.2811000931644292,0
56525,0.28108992955138223,0
58776,0.2810801778452163,0
40524,0.28105890452695753,0
3321,0.28105348017332377,0
22772,0.28104611033570076,0
81625,0.28097566715309913,0
67734,0.2809405959968334,0
72308,0.28091187554360253,0
44199,0.28085914294351705,0
21567,0.2808516451918612,0
46851,0.28082972244781396,0
55986,0.28076650419849025,0
70387,0.28068797728744044,0
43676,0.2806682837520106,0
36785,0.2806285451918443,0
30156,0.2805270528636501,0
72956,0.2805140121377201,0
60559,0.28047869365562333,0
33850,0.280473796448153,0
79910,0.2804244704098342,0
64204,0.28029608420851865,0
16932,0.2802617349342283,0
37507,0.28025019459505707,0
52909,0.2802475024355143,0
98377,0.28016737643990175,0
19841,0.28014475911979536,0
42516,0.28013984999661296,0
75574,0.280125354059674,0
27625,0.28010357412301073,0
51589,0.28009808265985303,0
26598,0.2800342150209937,0
91209,0.28001062908927454,0
40571,0.27997191118295006,0
97830,0.2799611179484711,0
92533,0.27995323208672135,0
4551,0.2799519489161978,0
66176,0.27994867299405185,0
19339,0.2799372927868748,0
77872,0.279913739204243,0
26257,0.27988712184255304,0
46899,0.2798339343540814,0
35470,0.2798004866165557,0
57957,0.27979823183736,0
70952,0.279769093992606,0
67296,0.27974697657826875,0
79923,0.27971382901212144,0
56620,0.2797126628643023,0
11627,0.2797105809547944,0
60223,0.27969304888787766,0
92340,0.2796522197253362,0
6846,0.2796361228834051,0
78368,0.27962362169795923,0
23143,0.27957621980557334,0
338,0.27956829706997555,0
86117,0.2795632037141212,0
3447,0.2794999589647504,0
28983,0.27949327958418996,0
66065,0.27948830854340645,0
94884,0.2794702203374693,0
66253,0.2794437384701445,0
87237,0.27944336629522204,0
71386,0.2793702351093015,0
77615,0.27936111755130283,0
29381,0.27934533638010806,0
18637,0.2793068568674716,0
23821,0.27929617251825717,0
848,0.2792650324580894,0
54264,0.27925255421694434,0
97060,0.27923298711192585,0
37733,0.2792144740465639,0
71355,0.2791967899124811,0
55289,0.27918346339722583,0
30220,0.2791806255555847,0
33371,0.27917571810503095,0
52129,0.27913859485310427,0
45000,0.2791094327693622,0
78008,0.2790867730568951,0
58678,0.279079223676763,0
21277,0.27906553849308874,0
48642,0.2790273963164812,0
53240,0.27901904133309496,0
52435,0.279015953972567,0
26423,0.27900245469448176,0
11705,0.278990547566977,0
99281,0.2789882318167326,0
94845,0.27894894688737776,0
30524,0.2788991186583186,0
96977,0.27886662289976766,0
15278,0.2788252956596637,0
70907,0.27880038434907556,0
79066,0.2787902096746187,0
62996,0.27878220792862884,0
22854,0.2787701815207105,0
87202,0.27876953996136217,0
1934,0.2787338653843076,0
49703,0.2787302028948288,0
87379,0.27871976694862666,0
6723,0.27867785888281527,0
94434,0.27864763012433946,0
80258,0.278643858653655,0
42456,0.2786378591634626,0
60489,0.2786268075655701,0
24158,0.27859809758997006,0
23074,0.27859526534156587,0
45578,0.2785813701525666,0
73278,0.2785471326962669,0
14557,0.2785194366379095,0
86302,0.2785122905885914,0
53708,0.2784938710335458,0
38932,0.27847057502796685,0
29975,0.2784561787818393,0
8480,0.27842910594886855,0
77877,0.27841071680603174,0
39878,0.27838305261750107,0
59330,0.2783759311253849,0
34027,0.2783587552311393,0
35106,0.2783402724124785,0
23341,0.2782816518931385,0
42111,0.2782782336162505,0
80319,0.2782735055180797,0
5487,0.2782570322491653,0
13376,0.27823327887129695,0
42066,0.27817085963465477,0
69966,0.2781692407636199,0
91974,0.278159594639719,0
76732,0.27815625465426735,0
71800,0.2781477754948183,0
64330,0.2781160684902436,0
72642,0.2781099794519479,0
79674,0.2780847202826473,0
25335,0.27806342520381555,0
51675,0.27803397771179184,0
88245,0.27799111108701313,0
3279,0.2779868210701765,0
85545,0.27797268592018726,0
12650,0.2779186321599013,0
48841,0.2779107366406119,0
31970,0.27786844666985155,0
75775,0.2778377652853869,0
39318,0.27781905423677794,0
97365,0.27779380283461663,0
90770,0.27775060077139224,0
15203,0.27773354806358963,0
85438,0.27770162916464736,0
10062,0.2776939661712647,0
81292,0.27764030625270214,0
48579,0.27762131259317036,0
49520,0.2776122179638863,0
92285,0.27752717817199574,0
78798,0.27751101982551446,0
42709,0.27750932939247047,0
64646,0.27748545475813474,0
56701,0.27745556698498325,0
74761,0.27745228013930395,0
17960,0.27740081994715193,0
73700,0.27738286764831865,0
10544,0.27738167251611057,0
22864,0.2773504647529131,0
57194,0.27734185384768695,0
62456,0.2773217615952414,0
56966,0.27731234918551434,0
60485,0.27729418469693545,0
94435,0.27728627319304433,0
39293,0.2772537909206909,0
52196,0.27721874412652847,0
67258,0.27719551387436525,0
76907,0.2771777649491086,0
87270,0.27717150276643876,0
72237,0.2771586903660447,0
52249,0.27712635577750033,0
79339,0.2771202467199672,0
36452,0.2771152200953401,0
44561,0.2770891439596583,0
91601,0.2770637100295832,0
45501,0.2770600240521691,0
84625,0.27702471939222034,0
74250,0.27701626325866474,0
47314,0.27700388839420664,0
81228,0.27699782553109287,0
37065,0.27699660843997465,0
22566,0.276994292179549,0
60341,0.2769732492359786,0
70717,0.27696571604821946,0
42983,0.276935408062032,0
77856,0.2769084213177462,0
83399,0.2768954232900619,0
88589,0.27686373920535307,0
81397,0.27684888389943973,0
89750,0.276813420130452,0
87681,0.27680089028267985,0
51381,0.2767806399130772,0
48826,0.2767734078002672,0
92310,0.2767652279577441,0
49182,0.2767298859963173,0
71267,0.276700087164417,0
82935,0.2766194682686419,0
76075,0.2765958719251793,0
72261,0.27657330772086214,0
3572,0.2765256843762737,0
70749,0.27651468047310396,0
70347,0.27648095126789785,0
96967,0.2764636077337237,0
20584,0.2764346819089394,0
45738,0.27642556322310524,0
716,0.2763844257653923,0
27872,0.27635288210461234,0
67466,0.2763250098338021,0
80786,0.2763135175310623,0
2137,0.2763115532415093,0
82632,0.2763114828500888,0
16533,0.276286560620354,0
70529,0.27628158211570497,0
65271,0.2762807445751497,0
34881,0.2762733054500441,0
60241,0.276265097367191,0
37525,0.276251223048275,0
47878,0.2762491080848894,0
42969,0.27621562577157327,0
31218,0.2762013697826386,0
31393,0.2761912109808145,0
75790,0.2761819688390194,0
7620,0.2761066595489881,0
41850,0.276093913623056,0
36678,0.2759998645012373,0
64020,0.2759787682646183,0
60191,0.27593503592709895,0
81532,0.27592685252034543,0
86752,0.2759252451306211,0
96415,0.2759032168149359,0
37817,0.275886660569206,0
90602,0.2758793116828581,0
91950,0.2758697418096999,0
41284,0.2758499497336504,0
16019,0.2758224208331589,0
50087,0.2758155990437992,0
28725,0.2757999661339629,0
42800,0.27578408139214,0
17757,0.27578372332059886,0
72837,0.27577587784293484,0
49587,0.2757671529168221,0
35659,0.2757620272996547,0
89778,0.27569911866446933,0
81342,0.27568962320666285,0
81989,0.27568743065672174,0
30615,0.27568327884086685,0
57401,0.27562766355318097,0
74760,0.27560354779082424,0
34398,0.27552342610960634,0
23795,0.2755178562834971,0
15572,0.27549170844446236,0
53213,0.2753945067598899,0
64821,0.27532755371786954,0
72680,0.2752944277653499,0
13494,0.2752883402498034,0
32361,0.27527094403999003,0
83024,0.2752607904214155,0
46536,0.27524705463525917,0
93103,0.27519565409772795,0
99952,0.2751657812849773,0
40959,0.2751231627066446,0
27301,0.27511376525077375,0
43826,0.27510971715879,0
92614,0.2750837881013248,0
83427,0.27503865030645497,0
19670,0.275032695607686,0
26975,0.275017892935488,0
20769,0.27496693224739044,0
30687,0.2749186483133817,0
79613,0.2749135283115862,0
55429,0.27491234538544673,0
39634,0.2749045289064114,0
92992,0.27489472113289837,0
38023,0.27488206827258077,0
51872,0.2748797124061662,0
32495,0.27487376134659725,0
23923,0.2748667913005509,0
97941,0.2748391088545395,0
75041,0.274837460333325,0
20887,0.27480387282708457,0
74242,0.2747863108141405,0
43406,0.27477489165731084,0
94344,0.2747680602330112,0
34051,0.2747469079831536,0
65936,0.2747069446648931,0
17698,0.2746992643996037,0
29730,0.2746899302625922,0
44021,0.2746632832182394,0
51518,0.2746411359433103,0
75496,0.2746355727208708,0
21938,0.27460146397564233,0
70463,0.2745870901259249,0
46295,0.2745468077335598,0
90034,0.2745300189630694,0
60774,0.27451138251752794,0
29931,0.2745018965695587,0
48404,0.2744845579628961,0
95672,0.27448150796611387,0
83424,0.27447983053899777,0
57260,0.27438288099482067,0
29924,0.2743534301087956,0
79683,0.27432872404317293,0
36552,0.27429584335966695,0
31195,0.27428236528120237,0
31540,0.27426842073511104,0
13009,0.2742501905402571,0
23506,0.2742410879757465,0
30852,0.2742214029300053,0
35111,0.27421989334877406,0
57800,0.27419647688880394,0
33033,0.2741776688155304,0
98585,0.27416567392117336,0
84333,0.2741269082379252,0
91054,0.2741152331215526,0
37179,0.27410703122007657,0
78680,0.27407153495287323,0
83965,0.2740638703725634,0
98253,0.27402973090094546,0
77691,0.27402674472820526,0
91970,0.2740208659031398,0
75756,0.2740145412861369,0
25029,0.2740066484693045,0
90209,0.2739813860600029,0
47157,0.27396221493094103,0
2208,0.27394775440309177,0
90545,0.2739339974839827,0
63824,0.2739224580573325,0
60626,0.2739157032163881,0
49517,0.27386815793687824,0
98028,0.27384511529109823,0
65132,0.2738253023732421,0
20540,0.2738010247338808,0
60738,0.273800326908178,0
90527,0.2737938633440083,0
57102,0.2737813772759577,0
33053,0.2737462756720014,0
50495,0.27372859969044644,0
7645,0.27372755575833296,0
68595,0.2737125861535864,0
43503,0.273650583003206,0
13765,0.2736382127399209,0
72521,0.27362047736398987,0
90278,0.27348057234827555,0
48671,0.2734722361060967,0
44935,0.27345884557356565,0
53860,0.27342548746061174,0
83542,0.2734109876095358,0
89052,0.27339820890875866,0
34777,0.2733813507707917,0
59885,0.27337234614524564,0
77731,0.2733674757539363,0
85002,0.27334201342832193,0
51630,0.2732895997270379,0
59776,0.27328572044907007,0
36847,0.27326168230241155,0
63059,0.2732505611499524,0
97046,0.27322024301042647,0
51096,0.2732187808325849,0
77004,0.27321741616478795,0
34309,0.27321134926049195,0
54181,0.27320010448137083,0
35919,0.2731856899990365,0
9577,0.27318420331521825,0
97664,0.2731779711391735,0
42312,0.27311148977586774,0
46880,0.2730644747044447,0
15997,0.27305340950776524,0
38502,0.27303968963020586,0
97806,0.27302161387745116,0
88778,0.27301238431839925,0
70008,0.27297112210453106,0
18538,0.2729361575377055,0
9078,0.27291963923825796,0
83253,0.2728699806142138,0
15783,0.2728583142978092,0
42197,0.2728534101073786,0
63707,0.272797833382424,0
99991,0.2727960124723342,0
47838,0.2727653721032812,0
11151,0.2727569488263528,0
46024,0.27275124348055974,0
31308,0.2727156777983683,0
99633,0.27270763593104125,0
53143,0.2726903946533525,0
87283,0.27268507572443695,0
54852,0.2726850059053057,0
57963,0.272683610301968,0
89713,0.27265421043484905,0
79159,0.2726274227565581,0
60537,0.2725827025942327,0
89230,0.27255243792842093,0
97717,0.27252636834312194,0
59141,0.2724379730334843,0
47547,0.2724072996046231,0
77738,0.27240158773790524,0
38213,0.27239565514011876,0
38190,0.27239424694898345,0
61121,0.2723664439918592,0
3683,0.2723576282504168,0
64314,0.2723391951561451,0
63931,0.2723385086693411,0
86010,0.27231928454751086,0
87224,0.27231618145215186,0
69421,0.27228411098563293,0
48045,0.2722696696579299,0
22813,0.27226823961678287,0
56348,0.272238748164895,0
88626,0.27217579632193106,0
94597,0.27215521367358453,0
39797,0.27212345446788866,0
88930,0.2721044462761288,0
68824,0.27209722218581817,0
1804,0.2720919015966418,0
44368,0.27201753933858647,0
80041,0.27200478097918784,0
11348,0.2719800502073975,0
73834,0.27197780454973536,0
97241,0.2719612596432819,0
93724,0.2719444560043444,0
11445,0.27192668599519276,0
64744,0.2719195430346015,0
58733,0.2719190028838292,0
8555,0.27191759430148676,0
87100,0.27189370416550207,0
66268,0.2718883871274787,0
91578,0.2718284930700847,0
58926,0.27181032826237306,0
67446,0.2717769638432432,0
29980,0.2717336896865708,0
14738,0.27171603657127047,0
66972,0.2715739464924863,0
87196,0.271572209421175,0
74099,0.27157145791317405,0
19491,0.271526191568638,0
72703,0.27145217393342225,0
89005,0.271447636324208,0
57514,0.27141689820794,0
59464,0.2714130048198638,0
67017,0.27140774358882475,0
53076,0.2713898869645983,0
44106,0.27138016074144405,0
58812,0.27137168646139376,0
63682,0.27136253521104153,0
24355,0.2713285001968683,0
58703,0.27132791921151866,0
34028,0.2713045737402249,0
97719,0.27129941882498504,0
53503,0.27124365089226044,0
98701,0.27123754247377146,0
59042,0.27112127683791387,0
52302,0.27111755958722733,0
99520,0.27111575880518446,0
57865,0.2709861415401539,0
53924,0.2709677082812611,0
63766,0.2709260429757088,0
71376,0.2709173715930851,0
33737,0.27091508420305876,0
45920,0.2708655861927123,0
53584,0.2708543807406465,0
10694,0.27081314426447817,0
16824,0.2707924517192159,0
57055,0.2707489922557226,0
46807,0.270728978410243,0
16626,0.2706908084920927,0
44569,0.2706766501705975,0
21500,0.2706713029675072,0
11383,0.27067118268289114,0
51583,0.27063686036428175,0
54385,0.2706098003513447,0
12321,0.270592907420538,0
45607,0.270587322058799,0
81580,0.2705798712069281,0
14520,0.27057353185996647,0
35293,0.2705615388512287,0
46141,0.27052643179733,0
51897,0.27050889548827955,0
37596,0.27049538450512994,0
84869,0.2704621748603733,0
71990,0.270393310279925,0
89198,0.27038067942286725,0
6475,0.27036699145517423,0
69373,0.2703511802835187,0
78155,0.27033820592725505,0
84792,0.2702342762968878,0
62537,0.27017318843485794,0
85496,0.27013684357701284,0
38331,0.2701128475878623,0
33866,0.2700598721885795,0
46600,0.2700351150367867,0
95087,0.2700182463265679,0
25481,0.27000264073751107,0
82003,0.26999489749227984,0
49341,0.2699751386771314,0
29414,0.2699710695864489,0
51690,0.2699660664943379,0
25459,0.26991033724314656,0
91315,0.2697536406656738,0
71022,0.26971908298097313,0
78365,0.26971453226241765,0
43473,0.2697135166167578,0
53613,0.2697120234294044,0
87368,0.26969152805370494,0
72846,0.2696326488911239,0
5559,0.2694904754169335,0
45932,0.2694635023415031,0
37767,0.2694605734549713,0
76504,0.2694301892227551,0
58372,0.2694241255828726,0
91064,0.26942361575695334,0
5529,0.2694194257421649,0
38491,0.2694180517373192,0
65752,0.2693967524391105,0
61302,0.26935599723207254,0
46460,0.26935077446333366,0
88928,0.2693347016379053,0
37914,0.2693337635450093,0
70268,0.2692865548696382,0
64035,0.2692191133738985,0
76240,0.26919786180711214,0
37544,0.26913871714443083,0
81333,0.2691167980874363,0
27372,0.2691149992373346,0
78037,0.2690951397371418,0
32212,0.26908363765066834,0
74841,0.2690651328130952,0
19791,0.26902417916559956,0
60827,0.2690105058629274,0
56623,0.26899495889768676,0
69953,0.26897706616452616,0
57859,0.26894868057409577,0
21181,0.2689421503884471,0
40595,0.2689338897967584,0
8706,0.2689283592625874,0
37573,0.26890826387253247,0
90650,0.26890567102510404,0
27776,0.26890226270621426,0
54031,0.2688852738169406,0
49641,0.26887320891466227,0
17478,0.26886906718898046,0
59760,0.26875802976061497,0
53250,0.26875625397878955,0
83453,0.26874899734592295,0
83870,0.2687466189772344,0
60271,0.26872506735227336,0
38080,0.2687125394569055,0
59608,0.26870009325723,0
69000,0.2686728149844029,0
90873,0.26865227087080923,0
87210,0.2685901603610796,0
49890,0.26858790946750444,0
55363,0.2685401488972029,0
18634,0.26853400899525404,0
57766,0.2685159166642603,0
16987,0.2685001265630566,0
77018,0.26847587484925617,0
79117,0.26847284669057936,0
48512,0.2684588536795865,0
17556,0.26841615751100073,0
91955,0.26841430323561694,0
85377,0.2683947697065556,0
93172,0.26833935091197914,0
72892,0.26833467490061524,0
21177,0.2683059745385676,0
86155,0.2682412039516783,0
94126,0.2682185098096324,0
84260,0.26821785171794593,0
56338,0.26821770787254784,0
9432,0.2682097985371258,0
75361,0.26820052422039925,0
72272,0.2681937670237281,0
74787,0.2681669464237326,0
84639,0.2681407559292913,0
85294,0.2681255432978047,0
72268,0.26807924197019045,0
73064,0.2680756175121599,0
19879,0.26806649641169245,0
90249,0.2680036433400131,0
96343,0.26800019155329435,0
66032,0.26798980199049294,0
58116,0.26797361319020563,0
92671,0.2679704794944135,0
84557,0.26796890450456123,0
58602,0.2679500301336298,0
10440,0.2679086666464849,0
47544,0.26788936737753766,0
33612,0.26787454921684456,0
70697,0.26781952240141643,0
81785,0.26778567037539175,0
86941,0.2677768609323959,0
78894,0.2677673320521219,0
87314,0.26772954892883555,0
28034,0.26764505744409856,0
99127,0.26763281611861084,0
54027,0.2676304110354906,0
54151,0.26761023398592093,0
8953,0.26760192852153264,0
76861,0.26759397009800595,0
41676,0.2675777447787582,0
39793,0.26753895057385246,0
27650,0.26753649775393523,0
12270,0.26751627154462526,0
47591,0.26751425371961096,0
50689,0.2675141856850439,0
40817,0.2675127559370015,0
39410,0.26747807457229195,0
94757,0.2674376091519229,0
85266,0.2674282771835618,0
92321,0.2674243994234853,0
35435,0.26741969660977577,0
63432,0.2673905099081526,0
28429,0.2673877924736897,0
62454,0.26736941495407274,0
62495,0.2673141769834852,0
68168,0.2673008348071005,0
47034,0.2672650050616951,0
19940,0.2672548248029325,0
8857,0.2672203547805353,0
80617,0.26721465158689545,0
64555,0.26718923226039965,0
60297,0.267189122831922,0
15717,0.2671874294935197,0
59224,0.2671864696314885,0
85335,0.26717098878728746,0
32765,0.26716951734947453,0
51413,0.2671537209537719,0
25883,0.2671379538302606,0
14584,0.2671211821247542,0
98901,0.26710295190789773,0
12960,0.2670996379479036,0
76451,0.26709935222461995,0
93299,0.26709846347124244,0
29812,0.26708302755089325,0
18956,0.2670685365899565,0
71601,0.26705642989519507,0
24363,0.26703823986472536,0
2847,0.26702250336195776,0
29657,0.2669922572784451,0
25334,0.26695182161673964,0
94958,0.26693583197774456,0
91380,0.2669132480638046,0
23145,0.2669119830353553,0
32114,0.2668962951570414,0
70586,0.2668889132716156,0
72388,0.266847831994347,0
16417,0.2668364826172221,0
8851,0.266803861713955,0
51701,0.2667886456519264,0
65161,0.26677719787599913,0
39991,0.2667754264491384,0
84030,0.2667242601661365,0
78009,0.26670101977117916,0
83602,0.26668510230555387,0
82212,0.2666850148944989,0
69951,0.26667424403792345,0
74432,0.2666721397515984,0
49449,0.26666047718091335,0
22630,0.26663598403320704,0
51183,0.26661739789138733,0
81729,0.26657263907376794,0
73126,0.26653750845107227,0
18700,0.26653546800432576,0
56488,0.2665249647654598,0
81751,0.26652388093893276,0
79528,0.2665201517978111,0
38006,0.2665081965438747,0
27666,0.2664849443839726,0
56785,0.2664304377871895,0
14809,0.2664291806344382,0
60416,0.2664268829217822,0
9236,0.26641316554385464,0
750,0.2663722038135172,0
34480,0.2663575559614858,0
56799,0.26635454845942175,0
23353,0.2663304737614182,0
25069,0.2663212566989463,0
9281,0.2662874650594689,0
45575,0.2662849243634325,0
79310,0.2662363900923227,0
93919,0.2662013169223384,0
95023,0.2661466368068893,0
53963,0.2660731813716343,0
40122,0.26606865337946656,0
24129,0.2660536724282437,0
31086,0.2660304108938601,0
25984,0.2660055897233523,0
11948,0.26600525965654104,0
15337,0.2659926101741129,0
35606,0.26596707619575044,0
32906,0.2659244073175403,0
78389,0.2659059712614275,0
56501,0.26588788807983976,0
74416,0.26586239682811447,0
38473,0.2658585968856776,0
69939,0.2658527714565754,0
65390,0.26584999359042344,0
87520,0.2658195513083892,0
93633,0.2657827493014356,0
84717,0.26576898495764967,0
80843,0.26575009101162533,0
92929,0.2656704893171739,0
65467,0.2656644693209621,0
91996,0.2656590607546677,0
5689,0.26560534719116724,0
52498,0.2655776011510291,0
9661,0.26556174187634907,0
56670,0.26554583634279355,0
57361,0.2655095119822097,0
82101,0.2654359103726671,0
69540,0.26540714491410716,0
52429,0.2653527239759362,0
55607,0.2653497532923212,0
73827,0.26530029536427324,0
83626,0.26529684796489245,0
48137,0.2652690679575168,0
33731,0.26525472425073876,0
68296,0.265251662503423,0
86469,0.2652062282654346,0
76334,0.26514756737067785,0
79675,0.26514007120113525,0
57112,0.26512731458079775,0
47608,0.26501809981751756,0
34998,0.2650146194247108,0
57659,0.26500767114548235,0
87061,0.2649958116019741,0
69831,0.264989597933657,0
19000,0.2649767685912659,0
63888,0.26497285203677656,0
62302,0.2649496345216688,0
26585,0.2649470211929457,0
12877,0.26491844009291016,0
81194,0.26488682908103295,0
69467,0.26487928853018256,0
75185,0.26485897468866343,0
90851,0.2648465677245223,0
48191,0.2648164314144141,0
85667,0.2647806926914356,0
84976,0.2647796929301509,0
58642,0.26476659896385246,0
95391,0.2647380396084217,0
97780,0.26473705188140817,0
41445,0.2647273653366366,0
16719,0.2647077961340541,0
38082,0.26470354332125917,0
5293,0.26465670655713075,0
62745,0.2646451046953294,0
49409,0.26463953577164706,0
84399,0.2646328614757534,0
35190,0.26460812972471115,0
51738,0.2645857274286933,0
35993,0.2645814430668565,0
44990,0.26457672069568183,0
87088,0.26446979423616834,0
50702,0.2644157785108745,0
95912,0.264395249802577,0
98303,0.2643907659310874,0
88134,0.2643891847706682,0
88242,0.2643592809424384,0
28840,0.2643433210285728,0
78098,0.2643367790100241,0
51775,0.26433004147706807,0
22711,0.2643296817775999,0
90919,0.26432558412925344,0
64484,0.2642951882320628,0
16499,0.2642915317187093,0
34144,0.26424653748519833,0
34375,0.2642214087916603,0
4085,0.2641776718688399,0
24240,0.2641746640123418,0
30298,0.264165235244587,0
79251,0.26416140214123973,0
87972,0.2641576340754084,0
39547,0.2641178431459759,0
87939,0.2641156473008789,0
85119,0.2640939425201674,0
26877,0.26407019626785133,0
95080,0.2640645119081395,0
87114,0.2640229579879593,0
9591,0.2639663703663926,0
55066,0.2639395802391335,0
97207,0.2639243929320017,0
84392,0.2639125936151241,0
23631,0.26388281543293224,0
14272,0.2638607337255562,0
75818,0.2638128539200357,0
77173,0.26378314681057063,0
85869,0.26376898434449086,0
26944,0.26376538775633096,0
68314,0.26374944252275623,0
67614,0.26374404546577535,0
92369,0.26372227571544854,0
52230,0.26370744359703,0
73809,0.26366317938026124,0
63075,0.2636611359455585,0
6036,0.2636247806371654,0
54355,0.26361702282369204,0
73608,0.26361103556116966,0
17511,0.26359000374223684,0
9995,0.2635816067028207,0
67,0.26356478380866905,0
80980,0.2635562392272213,0
77228,0.26352653067236925,0
24193,0.2634746355202534,0
88554,0.2634633177810171,0
76128,0.26342020177514963,0
29328,0.2633593469642028,0
62071,0.26333298709980235,0
90732,0.2633038977190177,0
35819,0.26329040878345406,0
59241,0.2632573326592031,0
52243,0.2632459331235178,0
17976,0.26321615968685597,0
80768,0.26321056956930017,0
45294,0.2631768744944851,0
62563,0.26313319655838435,0
32464,0.2630928817616153,0
40769,0.26308909736857733,0
55776,0.2630846832070616,0
93544,0.26305089923236197,0
89374,0.2630097592785112,0
6836,0.2629857290606231,0
70285,0.26297224786380535,0
40835,0.26294694272697816,0
62342,0.26294511676270654,0
88188,0.2629253122578487,0
44929,0.2629112211620543,0
39278,0.2628878747698681,0
90927,0.26285806037293996,0
92224,0.2628385934075274,0
80954,0.2628283763960971,0
23560,0.2627794666563447,0
85168,0.26276765701652827,0
80088,0.26276602976439783,0
26141,0.26276600835208686,0
27675,0.2627607954534883,0
86460,0.2627446394426773,0
83181,0.2627406766353484,0
97393,0.2627406195072284,0
88600,0.26273173855467885,0
51986,0.2627030073031264,0
15429,0.26266638838300677,0
75570,0.2626433643885449,0
71581,0.2626320007416392,0
46925,0.26261798663315555,0
14636,0.2626039689659413,0
59938,0.2626027910111944,0
17269,0.2626025957963422,0
71125,0.2625912612776785,0
92965,0.2625900646153165,0
58763,0.26258391187808244,0
41320,0.26254823238819736,0
67873,0.26253091486099217,0
93013,0.2624993256660146,0
45180,0.26247957741053807,0
42788,0.26244573802630217,0
17546,0.2624127287161571,0
95154,0.2624069965762307,0
15589,0.2624036458447339,0
5542,0.2624006812452124,0
32647,0.2623990174216744,0
68715,0.26239024824387996,0
3485,0.2623520481781165,0
90760,0.2622869384929495,0
73699,0.26225524828455943,0
85838,0.262252889700139,0
29776,0.262249586323589,0
66338,0.26215865500165203,0
10164,0.26215802223697954,0
54543,0.26212363700495644,0
82575,0.2620789026246521,0
75757,0.26207855654010825,0
4507,0.262028523930854,0
13091,0.2620144813503548,0
67191,0.261980817688996,0
31512,0.2619654915502641,0
15920,0.2619055483576397,0
52244,0.2618798932100438,0
42704,0.26182880909731643,0
70608,0.26180417062039424,0
20876,0.26176031966300084,0
41389,0.26174075049569845,0
69422,0.26173549266221613,0
91185,0.26169731375164423,0
86677,0.26154883333676043,0
65299,0.26154124036505433,0
47280,0.2615248650723507,0
28082,0.26151553878341743,0
88047,0.2614972768662844,0
85751,0.26149139362090185,0
7492,0.2614669795175364,0
30517,0.26145837028864743,0
34844,0.2614539496345964,0
95765,0.26143283155664754,0
75293,0.26141954233713116,0
73895,0.2614056831722578,0
85886,0.2613917862259488,0
56098,0.2613841596556016,0
89924,0.2613757584140715,0
12869,0.26136026454793787,0
75025,0.26133485880400836,0
89229,0.2613337607006645,0
52306,0.2613227732591171,0
19238,0.26131118710471174,0
78150,0.2612957218790186,0
51859,0.2612768980881684,0
10312,0.26126416991634777,0
25469,0.26120355118355015,0
54225,0.2611954555789523,0
36260,0.2611910467042788,0
54307,0.2611424801922621,0
46596,0.261138368895222,0
21741,0.261129709029878,0
55346,0.26106400684668274,0
74854,0.26106141349469153,0
83709,0.2610586900369102,0
97398,0.2610551566825731,0
82598,0.26102807887418705,0
53135,0.2609700373660461,0
33601,0.26092193897807453,0
74314,0.2608967792436831,0
59855,0.2608672596910279,0
2277,0.2608265877475887,0
70686,0.2608211044279114,0
57108,0.260786825022031,0
32336,0.2607786478375093,0
57372,0.2607761202495636,0
95240,0.260752189812595,0
91647,0.2607253925759475,0
98986,0.26070058081700065,0
70715,0.2606754843503919,0
16482,0.2606733881007423,0
10776,0.2606723746544818,0
95547,0.26065953878592135,0
36156,0.2606553388307706,0
54887,0.26065277517407504,0
30559,0.26061588274511627,0
23292,0.26057762403656376,0
57238,0.26053998750259266,0
33004,0.2605148532180117,0
92536,0.26051476026214065,0
80065,0.260435306109981,0
13035,0.26043524202688906,0
82094,0.2604095888794844,0
8135,0.2603563183407327,0
42592,0.26033172070556476,0
23915,0.26031685788555087,0
23866,0.26029808133669996,0
60680,0.2602965799885111,0
96625,0.26028051037371963,0
55180,0.2602523208020914,0
46090,0.2602072680778219,0
42159,0.26018427314050646,0
52788,0.2601707597195609,0
4802,0.2601539609211066,0
20930,0.2601409968913699,0
96573,0.2600832031172618,0
4466,0.2600721857261917,0
55854,0.2600554527758486,0
25944,0.26003117096252726,0
6489,0.26000434499390546,0
83115,0.25994249428076466,0
10105,0.25992344640845844,0
50690,0.25986355416098084,0
42047,0.2598510497006065,0
87655,0.2598223569544388,0
61810,0.2597968328285921,0
76141,0.25977799218561837,0
89576,0.2597724434073474,0
73480,0.2597592473250068,0
40137,0.2597096860217197,0
96768,0.2597024621746575,0
36696,0.2596884334074193,0
65365,0.25964322132046996,0
6319,0.25963028852441006,0
36567,0.25962566575866336,0
58086,0.259612873360267,0
17021,0.2596079116639665,0
72363,0.25960533888787996,0
15158,0.25959057482574305,0
53005,0.25957166166799206,0
17206,0.2595604041138858,0
32882,0.25947285279229737,0
82408,0.25947101626138014,0
96761,0.2594538470394922,0
92600,0.2594385730713018,0
17448,0.2594057225036619,0
82383,0.2594037917426349,0
44703,0.2593740768916448,0
95725,0.25936342161595755,0
4177,0.2592733035298698,0
64707,0.25922956647020917,0
27673,0.25921752245644875,0
68205,0.25914897579081303,0
47843,0.259127647454099,0
3723,0.2591126085198459,0
51388,0.25909960013463773,0
43816,0.25909223743534415,0
86229,0.2590673680452069,0
59432,0.25903100848404487,0
14963,0.25898629197778184,0
78548,0.2589710918915383,0
55397,0.2589499429702003,0
74643,0.25894881196717107,0
95882,0.25893970951421225,0
52972,0.2589263071548544,0
13643,0.25889445355752017,0
11754,0.2588710862750955,0
4659,0.25885864090544,0
36618,0.2588465599921355,0
19813,0.2588293522237472,0
60816,0.25882821913248183,0
91738,0.2587971173251677,0
92338,0.2587652784766574,0
90941,0.2587549457769721,0
22169,0.2587204035928124,0
32037,0.2587029743075208,0
66574,0.25868611695539834,0
5924,0.25858234427015214,0
95798,0.2585734080148567,0
46280,0.2585475342751505,0
62726,0.2585346127410305,0
49302,0.25850617676233906,0
1423,0.25849601915494363,0
86820,0.25845582044839144,0
31636,0.25845023338179335,0
38281,0.2584435749008096,0
77306,0.2584329714627207,0
14196,0.2584238507430902,0
19952,0.2583852506233817,0
52816,0.25838370373565983,0
88467,0.2583565875109341,0
16855,0.25833859623199734,0
64257,0.2583069165472735,0
79272,0.2582960932703403,0
22092,0.2582675068736556,0
15268,0.2582093684093404,0
93192,0.2582075154708816,0
45500,0.25820625740980385,0
20423,0.25816553026500727,0
6148,0.2581618939573588,0
35368,0.2581463324715005,0
42491,0.25810962703598817,0
26449,0.2580582130714312,0
80835,0.2580388980165151,0
16933,0.25800140377929787,0
91971,0.25798953260062873,0
76871,0.2579664309025685,0
85024,0.2579641445908928,0
61312,0.25795833818981323,0
61456,0.2578968574657269,0
63844,0.25788747456808625,0
1012,0.2578673857379504,0
37830,0.25784262321439255,0
73964,0.25779292639144213,0
83908,0.2577569537836717,0
78833,0.2577480999933751,0
70457,0.25774153343555867,0
98386,0.25771751577146573,0
88604,0.2577093353789191,0
73050,0.25769113712585917,0
52955,0.257685807920702,0
2662,0.25768522513360137,0
20103,0.2576698178104253,0
17919,0.25762400142684555,0
24282,0.25761278419644157,0
11666,0.25758587402665734,0
91947,0.25758262791852726,0
41287,0.25755868242744157,0
52376,0.25753596867283435,0
56365,0.2575331426493172,0
75967,0.25751180059375556,0
7971,0.25742113615842005,0
48947,0.25740579050898965,0
5467,0.25734290480606165,0
49914,0.2573315800185034,0
90294,0.25732997957923814,0
90740,0.25731411513078334,0
52682,0.25731327139521704,0
55704,0.2572825309795857,0
74820,0.2572769981417468,0
96476,0.25727688541494553,0
76266,0.2572665721436847,0
18710,0.25726293485002505,0
42560,0.25725820672692595,0
62080,0.2572452914617864,0
27448,0.2572208714114942,0
55956,0.2571951231143467,0
93624,0.257193737138711,0
62003,0.2571881178075275,0
82386,0.2571124398943869,0
99963,0.25710977878581953,0
80294,0.2570989803704446,0
63561,0.25707488816845625,0
23822,0.2570366314036837,0
5750,0.2569842636288582,0
77416,0.2569152420992831,0
38401,0.25691197689025685,0
14922,0.25687456398093744,0
94250,0.25686751805180275,0
60173,0.25684755987748265,0
77976,0.2568359708131348,0
55734,0.25682415390825036,0
39119,0.25681579179900405,0
55263,0.25679316282634945,0
80773,0.25677618515653916,0
75715,0.2567656056867225,0
76346,0.2567629862020911,0
35200,0.2567272241301656,0
12611,0.2567177496647172,0
66043,0.25671246597118397,0
97724,0.25669392806549485,0
66523,0.256654001704257,0
72034,0.2566315912397398,0
63765,0.2566078306914186,0
77412,0.25658601415919174,0
73420,0.25650372723924075,0
52329,0.25649458056089985,0
48002,0.25649267881749505,0
64680,0.2564587692864497,0
62869,0.25645596838516815,0
13894,0.25641960487812676,0
8625,0.2564192698065684,0
15784,0.2564190136997004,0
7812,0.2563172144046279,0
83774,0.2562678044825758,0
43758,0.25625606128722256,0
45389,0.25625056749770014,0
79245,0.25622999147758235,0
31971,0.25622023123975834,0
51650,0.2561859137146925,0
15441,0.25616734721845513,0
56522,0.2561595666684839,0
65067,0.25615623073569843,0
85921,0.2561477754463881,0
74004,0.25614222980994444,0
88515,0.25611823675567846,0
76150,0.2560163559933315,0
51190,0.25601348058730955,0
24394,0.2560102338128381,0
28703,0.25600270549550724,0
53855,0.2559922984005502,0
58903,0.2559796853680685,0
56877,0.2559663559882585,0
46421,0.25594076555213735,0
44127,0.2559385842075602,0
516,0.25593073262660493,0
82114,0.2559097328859525,0
89718,0.255871221878987,0
86898,0.2558684944272046,0
18487,0.25585220225125277,0
42846,0.25585034711403437,0
27661,0.25576369905258783,0
98615,0.255730937050311,0
68996,0.25569224358299425,0
6874,0.2556474571850526,0
86814,0.25564321637509224,0
88689,0.25560821932322425,0
72895,0.2556012811711599,0
45082,0.2555941078525118,0
10567,0.255582672369524,0
81578,0.25556527382341665,0
81238,0.255558785487022,0
2520,0.25553733378002236,0
80811,0.25551774869563365,0
45747,0.2555150170952675,0
79577,0.2555039461119677,0
94818,0.2554843929360221,0
63948,0.2554748320504681,0
47329,0.25546092370700835,0
76167,0.2554314781150487,0
99381,0.25533672961087994,0
63500,0.2553087407862743,0
25374,0.25529795487226165,0
849,0.25529231376598016,0
66922,0.2552795331413303,0
66687,0.25526460228777775,0
79498,0.25523927305091576,0
68685,0.2552392529853977,0
56133,0.2552277013161083,0
27847,0.2551867110895716,0
70729,0.25516536489868835,0
8020,0.25514805799366913,0
19442,0.25512910982843806,0
82416,0.255063795366209,0
36509,0.25506006093163136,0
95292,0.25502694567196754,0
53573,0.25501404007320444,0
39447,0.25500824766612795,0
32593,0.2550020190380356,0
22843,0.2549877801640215,0
18109,0.2549557046948788,0
70519,0.25493548485023665,0
4890,0.25493308711927265,0
38303,0.25493034181980695,0
89414,0.2548954816442764,0
91627,0.2548835706719389,0
29512,0.25485818987311254,0
17986,0.2548367449491016,0
43792,0.2548321725040705,0
87206,0.2548315694661013,0
84104,0.2548186170273378,0
71796,0.2548036265227201,0
97384,0.2547997591049462,0
59768,0.25479574979807035,0
96686,0.2547811072565996,0
45435,0.25477961730173027,0
86167,0.2547679231565008,0
66609,0.25472715007668456,0
96399,0.25471919098159146,0
27963,0.25464278106184984,0
58313,0.2546425827872233,0
51587,0.25462389319248424,0
46952,0.2546069748124404,0
51900,0.25456752652892584,0
93612,0.254562050259019,0
74374,0.25453730706883443,0
34321,0.25450965526084784,0
67527,0.25449147807849565,0
92761,0.2544831717852688,0
97936,0.25446765927770354,0
82515,0.25446203429332614,0
9492,0.25445247184902337,0
59740,0.25442760327548997,0
74413,0.25439369655015887,0
40455,0.2543703202408632,0
91180,0.2543581797614151,0
65285,0.2543552295211924,0
90348,0.2543455322281527,0
80017,0.25433781583795556,0
68714,0.25431020823630773,0
39855,0.2543014761298725,0
31503,0.25427748231715774,0
10794,0.25422462607476687,0
3827,0.2542068931352499,0
4547,0.25416479723824414,0
82728,0.25407237345266803,0
36177,0.25405286139850697,0
24112,0.25402572970455484,0
90582,0.2540126039941732,0
5832,0.25396368820275605,0
13438,0.25394921531503034,0
84118,0.2538931976494152,0
69239,0.2538525826234777,0
71040,0.25382441474028583,0
98588,0.2537847515438834,0
78780,0.2537758728596225,0
89309,0.2537638253854557,0
51391,0.253741786613653,0
19115,0.2537123796082271,0
46939,0.2536715774804238,0
1352,0.25364442606880805,0
5237,0.2536368676206741,0
50617,0.25363092162739465,0
93852,0.25361641808298807,0
96896,0.25361611444624216,0
82010,0.253531131227053,0
81191,0.25352575712748665,0
37489,0.25351201952713004,0
75340,0.2535077715441497,0
72961,0.2534952989481268,0
98269,0.253427915594662,0
96180,0.2534168180553956,0
66335,0.2534148737410045,0
24669,0.2533786732808639,0
73620,0.25337036210179303,0
50145,0.2533632315370066,0
32855,0.25336245814136005,0
1723,0.2533572167377175,0
82336,0.25332977386337335,0
60060,0.25326760756083216,0
80486,0.25325917840827383,0
17447,0.25324227336870325,0
20993,0.2532323174988295,0
69132,0.2532087279082785,0
10821,0.25320405266736384,0
15466,0.25318632303754013,0
91365,0.2531820147579498,0
86452,0.2531577332007507,0
33830,0.2531478203065794,0
16437,0.2531227620192345,0
31274,0.2530998833410937,0
40641,0.25309603239036815,0
63981,0.25309107112814033,0
19078,0.25308934985608345,0
97206,0.25307124770106815,0
86090,0.2530677236191439,0
3397,0.25302933311009107,0
61951,0.25302674957005283,0
1859,0.25301751575053555,0
26883,0.25298698779197665,0
9163,0.2529555259223447,0
84879,0.25295130985531095,0
46035,0.2529273681175355,0
68261,0.2529206227433841,0
59220,0.2528925693283705,0
80893,0.2528778784233505,0
50341,0.2527843639974119,0
8133,0.25275178259442016,0
96470,0.25271683234888426,0
58719,0.25269632363015604,0
69165,0.25267939296702613,0
76305,0.25265773068338515,0
79894,0.2526295889074924,0
21310,0.2526237066344681,0
33931,0.2526209470302159,0
62426,0.2526117924227975,0
93217,0.25259885818791816,0
62445,0.2525323366941321,0
6313,0.2525132591682431,0
68918,0.2524909822044033,0
83372,0.2524808088704286,0
56465,0.25247806682133206,0
16945,0.2524636542845698,0
19260,0.25246208654011104,0
40520,0.25244036603317166,0
8097,0.25243227209056845,0
26609,0.2523697702054042,0
2943,0.2522920815684173,0
47428,0.2522870105519197,0
58545,0.25222784963783257,0
60423,0.2522261882209142,0
71962,0.2522133702720324,0
26345,0.2521994731545318,0
72437,0.25215658001763425,0
45672,0.2520788880664,0
3532,0.2520620342039009,0
65203,0.2520556763891327,0
93413,0.25192340758924403,0
77233,0.25190004674726596,0
92577,0.25188200166978303,0
86049,0.2518036062980716,0
86742,0.2517976272913588,0
43059,0.25176898435163647,0
13239,0.2517662244807389,0
81031,0.25175316674122333,0
13907,0.25170724365656916,0
65986,0.2516304642789476,0
78371,0.25158692761974927,0
62118,0.2515633030900932,0
92562,0.2515312454422999,0
48632,0.25152751524435674,0
85050,0.25152012251293343,0
1031,0.25151568664290147,0
77974,0.25148233749671156,0
88787,0.25147715459789877,0
86318,0.25147019134029414,0
15851,0.25146606640726016,0
28747,0.2514409703431779,0
26954,0.2514290320957164,0
80045,0.25142026711855625,0
84585,0.25141346378225693,0
98777,0.2514072819359335,0
98059,0.25139011760301894,0
76052,0.2513791004036263,0
31978,0.25134066928744475,0
47090,0.25131846551266396,0
21024,0.2513113298421065,0
5962,0.25129928057161405,0
75785,0.2512559901518832,0
84708,0.25122078493125355,0
39101,0.2512092245098148,0
59450,0.25119134284371847,0
80227,0.25115104778990605,0
88294,0.2510929199346863,0
84672,0.2510928054648861,0
65019,0.25108026503675374,0
7741,0.2510629670791612,0
54325,0.2510158050036,0
15562,0.250965731842889,0
25756,0.2509633251935788,0
66993,0.25094146490466696,0
58714,0.25093462216000934,0
77930,0.2508976043749213,0
49516,0.2508905510996672,0
76583,0.25086532225260744,0
13427,0.25083974473682297,0
27345,0.2508201883324785,0
11140,0.25081290541596646,0
72362,0.2508124822761014,0
28211,0.25080099008144185,0
89389,0.25074039839166523,0
18075,0.25072915485972347,0
64511,0.2506989776804893,0
87153,0.25069009877655907,0
93375,0.25068539531141176,0
95369,0.2506811748969485,0
50526,0.2506735449950033,0
4036,0.25066309161876393,0
70868,0.2506087521776896,0
62871,0.2505662919642202,0
69452,0.2505338868019189,0
50875,0.25052399552484156,0
90020,0.2505233116279128,0
35844,0.25047298296713383,0
24131,0.25045790022079956,0
66174,0.250412566376874,0
73230,0.25038121146953446,0
85816,0.2503439189316438,0
84213,0.2503068602921339,0
32163,0.25028550145406503,0
4582,0.25024713434741785,0
92993,0.2501746253678591,0
90064,0.25011366366820276,0
7033,0.2500345181005066,0
97940,0.2500255361312954,0
98573,0.2499872662496018,0
73956,0.2499793728470129,0
52447,0.24996957847302498,0
94381,0.24996528654104352,0
84246,0.24996142404208319,0
16162,0.2499561525689158,0
95377,0.24994960614731646,0
69747,0.24993097211901324,0
43032,0.24992868350195677,0
94292,0.2498897680014081,0
61294,0.2498342045396307,0
3571,0.24982828199212673,0
31367,0.24979804316414997,0
15239,0.24972638510310807,0
34997,0.24970532968386516,0
30962,0.24967614951862638,0
78245,0.24967294427883402,0
65109,0.24965859386598663,0
92538,0.24962951956329102,0
40022,0.24962356734944763,0
36052,0.24949949945230984,0
14449,0.24949521826373466,0
83381,0.2494635937137358,0
39458,0.24945559783200102,0
3502,0.24944110481125975,0
63209,0.249414014348144,0
24567,0.24940819499654893,0
80990,0.24938578494182803,0
61253,0.24938293303302292,0
43739,0.24937366922081974,0
66144,0.24937021038320498,0
20959,0.24932463216019685,0
61263,0.24928887795513296,0
97476,0.249262762210528,0
13369,0.2492305628272618,0
29322,0.2491726102961077,0
28870,0.24915899290257992,0
64449,0.24911605560641947,0
51390,0.24909649971606967,0
73874,0.24909243035368672,0
45864,0.24908156967436856,0
88578,0.24903033419214946,0
48730,0.2490283437314188,0
19812,0.24899118340926585,0
23963,0.24894039399975643,0
53220,0.24893628838452303,0
32876,0.24892697173179743,0
43823,0.2489243880368123,0
70795,0.24890950341655335,0
76635,0.24890526157664453,0
88367,0.24889931776447446,0
68942,0.24888856076693192,0
67302,0.24887717363981626,0
65100,0.24884807121378755,0
37450,0.24883125450097487,0
93793,0.2488296345760382,0
50351,0.24882174206030938,0
5359,0.24881900843036425,0
56666,0.24879226965303203,0
91465,0.24878691291212893,0
99253,0.24876981966962675,0
98442,0.24874439651882876,0
45549,0.2487431575656206,0
55172,0.24871696778076416,0
58178,0.2486974345657796,0
18029,0.2486963134138547,0
56673,0.24865238434943335,0
63588,0.2486380384547531,0
23126,0.24863736716496962,0
10656,0.2486296360959265,0
34345,0.24862885236863985,0
84443,0.24860751318635615,0
27848,0.2486011309180248,0
40789,0.24858112674349492,0
14695,0.24858046338616485,0
46888,0.24856013842940475,0
50492,0.2485232772071461,0
4829,0.2485222234533719,0
11698,0.24850445271012556,0
82934,0.2484999816093575,0
1110,0.24849189995441331,0
88111,0.2484400077584446,0
93992,0.24843740692832433,0
57701,0.24840176441086273,0
14973,0.24838775473988922,0
65374,0.24838186483984412,0
38178,0.24837780059661158,0
39408,0.24836847486031804,0
37761,0.2483585943292558,0
82823,0.24834952557856024,0
96632,0.24833127566169982,0
18324,0.24826349222480662,0
93433,0.24819561959900177,0
58033,0.2481633655187006,0
7587,0.2481631940278465,0
83099,0.24811604316868513,0
76867,0.24811154269557587,0
99311,0.2481109194687311,0
98236,0.24804369888405045,0
15045,0.24804223307536802,0
1828,0.247991592508677,0
56253,0.24796553955851755,0
51175,0.24795889689769357,0
28956,0.24795622637932987,0
50120,0.24791946918147564,0
55267,0.2479125520976579,0
46553,0.24789321371298415,0
61924,0.247863700348,0
97621,0.24784489672016127,0
66451,0.24783637723213592,0
82697,0.24782257191235493,0
67385,0.24781511081949967,0
33105,0.2478091149399541,0
40980,0.2477669564033017,0
73983,0.2477410826984108,0
62570,0.24772109262880246,0
66560,0.2476843461237323,0
62971,0.24767187523733142,0
88906,0.24766990245724838,0
62641,0.24765924402565906,0
24216,0.24763831806803477,0
83848,0.24762771487708088,0
80374,0.24761630943832907,0
77481,0.24759924982039494,0
7283,0.2475663621410941,0
84375,0.2475662035268901,0
89300,0.24753097800889032,0
26637,0.2475053914876533,0
7551,0.24749486360114253,0
6685,0.2474831563479528,0
66150,0.24747526063656178,0
13794,0.24747331772884865,0
22860,0.24744200371509723,0
96798,0.24742696564984584,0
58256,0.2473666193135874,0
39909,0.24734776199850375,0
87102,0.24733761541334298,0
84248,0.2473144137942145,0
21337,0.2472870116231395,0
91564,0.24727769306683064,0
95767,0.24726449585965332,0
78682,0.24724400325980153,0
22829,0.2472428544121496,0
57981,0.24723979900047546,0
43326,0.24722775906190184,0
93993,0.24720150104384975,0
71393,0.24719850565469892,0
96929,0.2471981484658042,0
92360,0.24718071250884127,0
31252,0.24715813422899696,0
40434,0.24712143440879594,0
77243,0.24710414133278277,0
90186,0.2470967320832584,0
69410,0.24706901067223083,0
93174,0.24701804090079116,0
78497,0.24697098714496582,0
879,0.2469522870810473,0
51200,0.24694963615217166,0
70995,0.24689539778594416,0
95204,0.2468897518923285,0
38069,0.24688465132978415,0
46822,0.24683586042933414,0
90147,0.24681763652490316,0
97543,0.24676914670917693,0
61304,0.24672097947258761,0
74697,0.24665528041113344,0
10609,0.2466548487870948,0
20786,0.24663679177595074,0
93330,0.246620782423419,0
72659,0.2466160178487675,0
72042,0.24659624905455757,0
17463,0.2465548332096784,0
61120,0.2465341382876735,0
68748,0.24652129552877375,0
60644,0.2465185251316381,0
69472,0.24651472514744005,0
77464,0.24650962114119362,0
33431,0.246501443600124,0
34658,0.24650109659519956,0
57065,0.24649440173167192,0
99419,0.24649040268334904,0
33563,0.2464734339895582,0
45867,0.24645548173926393,0
39144,0.2464280925029812,0
5835,0.2464105098145377,0
30381,0.24640638192214517,0
83718,0.2463944312849145,0
32864,0.2463829905638592,0
50085,0.24637446918801398,0
31336,0.24637089074864887,0
69196,0.2463525118794556,0
96600,0.24634647672712687,0
37682,0.24632322809251175,0
84533,0.2463006968314631,0
76816,0.24628868389486894,0
2969,0.24625432656488047,0
83785,0.24625018841752797,0
46955,0.2462449335929765,0
93102,0.24614115550116727,0
21891,0.24613983282930246,0
80695,0.24611295976434583,0
19195,0.24607883143204504,0
36921,0.2460469136059607,0
31132,0.24602416213104653,0
50871,0.2460205231087674,0
73759,0.2459827003759433,0
3366,0.24597490003905745,0
46259,0.245962222909604,0
58844,0.2459387082904216,0
32883,0.24592824328435595,0
58010,0.24589803621908887,0
43545,0.2458819977404701,0
41482,0.245876738717338,0
8460,0.24583468435905378,0
71836,0.24582207425234504,0
42943,0.24577645547152943,0
90089,0.24577571129676068,0
83901,0.24576593926781212,0
36141,0.2457484371043212,0
82102,0.24574619991319274,0
82523,0.24570669608094337,0
41854,0.24562628981783904,0
55904,0.2456099806859694,0
83956,0.24560569911907304,0
91850,0.2455711799356209,0
51844,0.24544191562425463,0
73513,0.2454405375920171,0
25523,0.24543070976261003,0
53328,0.24542922214551807,0
38384,0.2453642419540164,0
12770,0.24534918814117815,0
9452,0.24527072107993755,0
63573,0.24525748855566765,0
78474,0.24525109409840784,0
87691,0.2452167671262774,0
23696,0.24520771700836919,0
88825,0.2451307137473304,0
42244,0.24511496799636062,0
32928,0.2450525502500178,0
46303,0.24503587299446022,0
98985,0.2450043931100478,0
10700,0.2449401812221107,0
63736,0.24492431039216664,0
7926,0.24491861493085512,0
68413,0.24487429639168723,0
74821,0.24485453227527676,0
34759,0.24480310922117945,0
92114,0.24479425667041665,0
16773,0.24475911024880667,0
93929,0.24475275689959752,0
29540,0.24470265314374903,0
74453,0.24463782262157813,0
11569,0.24462888974555316,0
67457,0.24456658870865405,0
85216,0.24455139572301485,0
30781,0.24452358895511273,0
16356,0.2444401957600228,0
22999,0.24442449043121123,0
30260,0.2444226671938425,0
13318,0.2443839194776191,0
59478,0.24437250610072517,0
47555,0.24435204498340263,0
85352,0.24434214953313885,0
24493,0.24432571477611353,0
12381,0.24431648232634368,0
60938,0.2442855099916054,0
59173,0.24428464978783593,0
59908,0.24425233130078514,0
35157,0.24420747767576106,0
24380,0.24418603763785776,0
11620,0.24416344188279615,0
24753,0.24407160413110787,0
39392,0.2440469689898402,0
81659,0.2440276128287322,0
11697,0.24402566295866135,0
8973,0.24402417390859424,0
8864,0.24401312683511536,0
80107,0.24401070770585004,0
71594,0.24400778732720857,0
56452,0.24400237212291928,0
88435,0.24391293203424116,0
17935,0.243906421412145,0
97965,0.243875184924939,0
57340,0.24384985924295072,0
39275,0.24382679424532863,0
47240,0.2437799184501368,0
63096,0.24372842329879796,0
57717,0.24372446648927706,0
87910,0.24369995912228143,0
85583,0.24367340711583907,0
81151,0.2436683861438722,0
35665,0.2436216149993708,0
24150,0.24360626132476979,0
40038,0.24360426570828203,0
91172,0.24359947543846588,0
87664,0.2435917978404868,0
32634,0.24358124132449546,0
94003,0.24357444613649698,0
76730,0.24355077197464617,0
61774,0.24351105289302646,0
17281,0.24350777697135315,0
19158,0.24349986209699678,0
19696,0.24346974649786604,0
60464,0.24346656964294242,0
94474,0.24342496526936372,0
62405,0.24339244990654826,0
26691,0.2432651203611521,0
53024,0.2432463564330822,0
96040,0.2432188037632584,0
88918,0.24307234562522864,0
91091,0.2430663771988906,0
85599,0.24305807473387112,0
15211,0.24304902148800275,0
88702,0.24298978686134148,0
61406,0.24298832107352342,0
21158,0.24296640502595812,0
51268,0.24294488488753624,0
50986,0.2429234111426388,0
44084,0.2428923756748042,0
71215,0.24288762672043826,0
2135,0.24288252345613898,0
51601,0.24288023272953344,0
91851,0.24287595122196237,0
67226,0.24286187216290317,0
86524,0.24285624481330276,0
31302,0.2428454022750964,0
42475,0.24281802443992345,0
62558,0.24280906997964002,0
43035,0.2427950574252561,0
89105,0.24278628117820827,0
70284,0.2427797548823577,0
97325,0.24276432487229319,0
96259,0.24271693439844644,0
73789,0.24267763685634958,0
54607,0.2426150493852001,0
37296,0.24260450175453444,0
13123,0.2425967836211645,0
75940,0.24259257178140706,0
45633,0.24256428131743007,0
30271,0.2425175822070575,0
89881,0.24249940594505204,0
49190,0.24248683711528496,0
4531,0.24248656852994258,0
38016,0.24248624107068975,0
23171,0.24243236379909583,0
68810,0.2424291564412148,0
40643,0.24242670914694833,0
57528,0.24241313104063045,0
73603,0.2423978711189184,0
61711,0.2423582347414955,0
85729,0.2423504298435817,0
74995,0.2423318873734817,0
75013,0.24232195179520694,0
40277,0.2423047200456963,0
29656,0.24228490438904693,0
87420,0.24221665725341643,0
80016,0.24214416564118904,0
56154,0.2421391073691463,0
565,0.24211694679249648,0
86954,0.24208902588593292,0
66735,0.2420593182198999,0
76550,0.24205502814656948,0
99703,0.24205307425353792,0
53148,0.242020456836185,0
93585,0.24201806913955065,0
89234,0.24201764090037983,0
43238,0.24201095280923635,0
94586,0.2420051583888005,0
79165,0.2419935872728231,0
98732,0.24198573710151192,0
88365,0.24198233950737105,0
22694,0.2419711966716785,0
49271,0.24183255542089882,0
81971,0.24180709616895746,0
77185,0.24180479520368567,0
16467,0.24179825212711387,0
87383,0.24178393984401872,0
73312,0.24177480058758102,0
38842,0.2417544846599003,0
36636,0.24173703689662718,0
85977,0.24168377847270975,0
99613,0.2416682173627455,0
88109,0.2416239796564486,0
64290,0.24158248166370028,0
64439,0.24145575328307603,0
7609,0.2414530998048648,0
62799,0.24143947853558428,0
57987,0.2414275930257713,0
67600,0.24139048195800275,0
64047,0.2413702801411885,0
48768,0.24135269310779195,0
77771,0.241301638620971,0
36252,0.24129156604684762,0
87152,0.24126839748552112,0
92749,0.2412307799135755,0
63049,0.24119822401411736,0
72935,0.24118804459988477,0
89909,0.24117573485602975,0
7308,0.2411456456741731,0
13196,0.24111278636920136,0
69677,0.24108879423410473,0
74264,0.2410776302161603,0
88448,0.2410626453922227,0
58306,0.24105734329337342,0
52096,0.24105187380481163,0
30330,0.24105156015026827,0
90890,0.24104278602368195,0
85242,0.2410329336021803,0
98013,0.2410131287919538,0
1225,0.24100253629939225,0
62040,0.24099451537687572,0
69369,0.2409934186891878,0
2976,0.24097966350809102,0
76223,0.24090622016737517,0
91697,0.24088853854454562,0
52389,0.2408414603798171,0
73147,0.24083216382081196,0
87445,0.2408280310972622,0
47262,0.24082185405234968,0
51870,0.24080729896121894,0
59704,0.24080032692049358,0
61548,0.2407986558581385,0
94371,0.24077988565317082,0
35830,0.24077226874796784,0
88544,0.2407550329941195,0
43411,0.2407411993135787,0
10387,0.24073548137796807,0
87942,0.24070764986710036,0
96802,0.24070120164648812,0
51922,0.2406458079897856,0
31239,0.24058478952305665,0
94844,0.24056693555877617,0
47597,0.24056144144699948,0
76062,0.2404679748716359,0
7767,0.24045436363704265,0
98293,0.2404537143563652,0
81773,0.24043643395912714,0
52553,0.24042317753734255,0
87950,0.24041781180515226,0
5342,0.2403364396730815,0
54243,0.24025422244618602,0
91053,0.24022525518856433,0
78331,0.24022007543732962,0
55573,0.24021296286418425,0
34788,0.24020733776508768,0
82852,0.2402064804030157,0
47315,0.24018113546936,0
87605,0.24015635481420222,0
19504,0.2401381201429425,0
82428,0.24013517086122024,0
70475,0.24010746910543315,0
22944,0.240092842933513,0
92769,0.24008990088063278,0
49359,0.24007959594314174,0
58000,0.24005823159276884,0
27955,0.24005446366393496,0
69920,0.24004722040883764,0
33555,0.24002822179516875,0
472,0.24000512998219867,0
51144,0.23998893248065578,0
43491,0.2399728313113818,0
80509,0.23992500058547211,0
62280,0.23992421606722658,0
55311,0.23992231700402458,0
91781,0.23990235349729144,0
92788,0.2398982060356187,0
74502,0.23989039120399516,0
84413,0.23980561005377593,0
58884,0.2397150900070034,0
48473,0.23970245237032042,0
95130,0.23968402590651416,0
74901,0.23965935796076707,0
97763,0.23959662793077924,0
68964,0.23959597426555443,0
79686,0.23958915513571863,0
54596,0.23958807990933642,0
35754,0.23951455656817594,0
16710,0.2394942411731586,0
10283,0.23948170349059852,0
97998,0.2394696277860947,0
54869,0.2394682058797508,0
81960,0.2394426985223076,0
17684,0.2394424983384668,0
47865,0.23941670447248095,0
57013,0.23940642715669713,0
58102,0.23939080262154022,0
71754,0.23938773340754027,0
70875,0.23938415286848866,0
35678,0.2393681114861313,0
38931,0.23936686829680395,0
99413,0.23926527071150272,0
17531,0.23923782102570615,0
98947,0.23914683549366839,0
66142,0.23908393957142118,0
46152,0.23907635909633354,0
68077,0.23901780585934665,0
35944,0.23898455909451827,0
80455,0.23896932561829268,0
62211,0.23896926104216068,0
2687,0.2389672364811051,0
95967,0.23896342974740564,0
30173,0.2389468718525894,0
96634,0.23893834891457977,0
60230,0.2388466945423414,0
95511,0.23882782800286378,0
24418,0.23881165864297543,0
52538,0.2387530617314408,0
41057,0.23869598936149977,0
95112,0.23865563879200702,0
2508,0.23864842822298526,0
66297,0.23863281984823703,0
4873,0.23858082080350948,0
25650,0.23855638932446277,0
81449,0.2385361958739037,0
76026,0.23847340953740356,0
73471,0.23842713100940308,0
25235,0.2382959321232874,0
92813,0.23828823421125991,0
76467,0.2382434399535025,0
40487,0.23822045287060753,0
85261,0.23821331893829092,0
46797,0.2381872024948454,0
93923,0.23804354588338997,0
55264,0.23801993376436406,0
9985,0.23801933808935147,0
9984,0.23800919753755143,0
31639,0.23795826336446552,0
77357,0.23794854606170757,0
88253,0.23790330424585837,0
3654,0.2378980635395917,0
96660,0.2378877914405119,0
12806,0.23788536413217984,0
34970,0.23787125905121498,0
97488,0.23786471096549353,0
72597,0.2378600277742023,0
29388,0.23785989060440466,0
88879,0.23784050074414903,0
48786,0.23783014994309418,0
23715,0.2377491642467398,0
78546,0.23771952166406873,0
28164,0.23767829988449143,0
15189,0.23765526346830143,0
98670,0.2376293687506551,0
50005,0.23759441676379467,0
56835,0.23755098854749898,0
16029,0.23754173008316645,0
15881,0.2375314448879742,0
91566,0.23748972739082977,0
32808,0.2374895272385293,0
68580,0.23748622714883308,0
67838,0.23746000914197504,0
62153,0.2374595390267009,0
56576,0.23744380858062275,0
65718,0.23743477489965642,0
67746,0.23736397729009917,0
88067,0.23734994484304764,0
27596,0.2373486142829035,0
81007,0.23732873080924863,0
22789,0.23731163579174272,0
51967,0.23729585229846192,0
74866,0.23725284383111336,0
34925,0.2372300203491755,0
60437,0.2372195251663329,0
75195,0.23721821188064948,0
46981,0.23721157447966063,0
79942,0.23719400160444465,0
73966,0.23719359820165914,0
79808,0.23715082246047553,0
32466,0.23709985353273286,0
28291,0.23708628185856873,0
37474,0.2370546971216964,0
67841,0.23704049016395637,0
58302,0.23694088992674467,0
97795,0.23693626239104137,0
25890,0.23689293777890827,0
27041,0.23687628756704115,0
25233,0.23686379541174524,0
36542,0.2368533741199581,0
89943,0.23683226786110004,0
66549,0.2367895672095635,0
52769,0.23675717730650472,0
93689,0.236743361006847,0
95049,0.23673569088100724,0
29157,0.23672800133546246,0
42919,0.23671318585521273,0
15288,0.23666788150339407,0
47115,0.2366628920253023,0
91282,0.23666077665955199,0
85892,0.2366502879819139,0
73692,0.23663635800373187,0
42482,0.23662864846218845,0
49813,0.2366255890359341,0
22373,0.23660167771333263,0
58183,0.2365876030792489,0
42737,0.23658114908281958,0
2498,0.23647381051132488,0
82822,0.23645301449398573,0
84697,0.23640376186636122,0
43347,0.23639894736435862,0
72732,0.23639425506558942,0
25565,0.23636428861453285,0
71039,0.23630437458745143,0
69334,0.23630395249118438,0
41231,0.2362904203700541,0
3101,0.23627978936207097,0
86981,0.2362471642736012,0
38044,0.23622049303872888,0
6236,0.23622048979060867,0
85788,0.23621574129999479,0
2108,0.23618558004961804,0
63489,0.23618074769512867,0
89814,0.23616320981779007,0
35269,0.23615718364953447,0
40575,0.23613642029683843,0
87477,0.23612901194698818,0
67740,0.2360789835620599,0
85960,0.23601559457756358,0
90658,0.23601351663401857,0
91220,0.2359789070698587,0
63953,0.23595032629840637,0
73854,0.23593641651061123,0
88069,0.23589643395498577,0
80785,0.23582302246438644,0
44892,0.23579659281507476,0
4884,0.23573533496649154,0
83696,0.2357266736132568,0
53557,0.23571236956584923,0
68120,0.23565900440758958,0
55980,0.23565467477766933,0
96466,0.23558764837949345,0
50869,0.23558038147776125,0
13469,0.23557094375569557,0
47592,0.23553417190299308,0
26041,0.2355265622431003,0
99694,0.23549249701564304,0
95665,0.23549122287913432,0
62307,0.2354853766735834,0
84843,0.23547989646701928,0
77621,0.23546732109735205,0
95013,0.23545976489012804,0
38396,0.23542662000958262,0
77969,0.23539209888633789,0
60058,0.2353560285322134,0
51885,0.23535366662797758,0
90997,0.2353535790154633,0
33625,0.23534442035614267,0
58917,0.23531344443481755,0
87154,0.23527184263243056,0
66086,0.23526028312410155,0
95914,0.23525372037086004,0
62455,0.23524896011565974,0
66090,0.23524493476806485,0
90351,0.23522802178680063,0
86621,0.2352126651808023,0
94149,0.23520135536064146,0
71699,0.235199502253572,0
29380,0.23518915728941175,0
16265,0.23515750620754985,0
45229,0.23515017897040616,0
73883,0.23512435265526713,0
72455,0.23510764715571095,0
87513,0.2351052461003264,0
81699,0.2350901622132926,0
45522,0.23508525750790965,0
4935,0.23503162705515296,0
87475,0.23502428372170198,0
66309,0.23493077286984332,0
82593,0.2348938675419116,0
96300,0.23488956198262764,0
95043,0.2348853728569548,0
931,0.23488213239500408,0
81156,0.23482795813749038,0
89405,0.23479966637309563,0
46814,0.2347769579566639,0
73543,0.23472614263031824,0
71361,0.23469613430049882,0
39713,0.23467926328506447,0
61673,0.23464219050007903,0
80623,0.23463864257732867,0
57515,0.23462529680615285,0
56820,0.2346123683516761,0
19321,0.23460154851634873,0
58993,0.23459906483823986,0
87551,0.23458037399534143,0
31476,0.2345410561948945,0
67915,0.23451633410730163,0
81636,0.23450393303572203,0
75060,0.23449528889193352,0
77039,0.23448465322925727,0
86831,0.2344525364268529,0
46380,0.23441516804146229,0
87199,0.23435670400479508,0
66935,0.2343358869394271,0
46204,0.2343027837352949,0
59963,0.23426312786037623,0
28246,0.23420057543410036,0
61060,0.2341838807819738,0
28216,0.23416730275364797,0
96389,0.2341619963591998,0
47828,0.2341014362762803,0
34330,0.23408967157879634,0
14270,0.23403946891239968,0
77919,0.23403795569258568,0
13717,0.2340354413850039,0
50703,0.2340338836093795,0
78669,0.2340011887067536,0
90875,0.23396901058892525,0
79968,0.23395321850559386,0
79021,0.2339493387464777,0
48093,0.23390688568746879,0
23779,0.2338439866172256,0
15929,0.2338302027022106,0
43139,0.2337898428198464,0
60643,0.23376884336554604,0
67036,0.2337631559451758,0
1671,0.23375579376657152,0
85956,0.23373808494492174,0
90632,0.23370458529929472,0
29404,0.23369929379896498,0
33857,0.2336729060491841,0
96026,0.23366017904589728,0
98487,0.23364646519622523,0
63473,0.23363159634851063,0
74041,0.23362004359987432,0
89113,0.23360627785137478,0
98493,0.23360403010800188,0
35475,0.23358850421579666,0
48812,0.2335552832987832,0
91707,0.23355481246242674,0
40001,0.23354618246682046,0
68324,0.2335215016543155,0
29578,0.23351190012844514,0
48250,0.23350362242427686,0
77264,0.23349197723346596,0
15823,0.23343082618992186,0
24392,0.23342120054949836,0
36823,0.23332470745794825,0
87291,0.23327214656212045,0
97550,0.23321818696804664,0
3895,0.2332168753844135,0
38455,0.2331977786280839,0
1610,0.23316815888850462,0
87585,0.23316648672677528,0
16750,0.23311448153948686,0
99046,0.23306681736252668,0
87790,0.23304519361457546,0
80496,0.23299456252574965,0
58520,0.2329882086709627,0
8393,0.23298383038791373,0
59606,0.232967525511459,0
32168,0.2329541882108985,0
41661,0.2329347172556881,0
66875,0.2329058147233176,0
15490,0.23289410612761613,0
59874,0.23288912289112612,0
78564,0.23282912047938334,0
36215,0.2328289163302014,0
60178,0.2328251074991272,0
54988,0.23281950932616186,0
79384,0.23280011877315035,0
27016,0.23270062543056674,0
40402,0.23265750598658522,0
16472,0.23265662179757676,0
31784,0.2326468306517308,0
72636,0.23262189672201894,0
76371,0.23256420699335698,0
88691,0.23254518495183896,0
88926,0.23252618648213755,0
58759,0.23248428338345964,0
40920,0.23248403312849455,0
74560,0.23242941549645568,0
49452,0.23231071753513868,0
58856,0.23226996188634472,0
92033,0.23223418319903424,0
86478,0.23221032781414674,0
16883,0.23216732009649976,0
87918,0.23213059075667053,0
19396,0.23212229500773054,0
95615,0.2320590979766704,0
50801,0.23201504928317873,0
54827,0.23199631789773956,0
58793,0.23198612017376274,0
44992,0.23196678025634906,0
24103,0.23194708103320655,0
2187,0.23192331357072382,0
91991,0.23192194047505912,0
50274,0.23191314511565506,0
42963,0.2318285372693706,0
2930,0.23182357812677767,0
68978,0.231818868674866,0
96481,0.2317450817022173,0
64812,0.23171120105067045,0
61965,0.23170510938569094,0
31816,0.23169669997856154,0
16413,0.2315961930391477,0
43342,0.2315525252189465,0
77966,0.23154490200922365,0
5673,0.23153996990206088,0
69458,0.2315212229276165,0
11212,0.23144054263232344,0
14530,0.23140981629464502,0
32698,0.23140020958953067,0
35484,0.231382881257557,0
57499,0.23134885861682275,0
51881,0.23134775555448983,0
37112,0.2313452737368716,0
52613,0.2313354641314177,0
13877,0.23128536726029728,0
11745,0.23128473250423173,0
93768,0.23126484318360488,0
53683,0.23121450183131861,0
78895,0.2311829432490386,0
54800,0.23118287886369202,0
4156,0.23114038835607428,0
84423,0.2311267392683711,0
59709,0.23112446655913338,0
58914,0.2311219628094694,0
3810,0.23107787034116162,0
71322,0.23107187760816336,0
3010,0.2310680659786539,0
27085,0.23106293655494053,0
18360,0.2310582229280562,0
10527,0.23101833717031875,0
30402,0.2310021361447064,0
59477,0.230999787577456,0
71285,0.2309841953391175,0
59836,0.23097930326184213,0
46238,0.23093838546858733,0
42617,0.23093175310970598,0
84139,0.23088110715924798,0
8751,0.2308635060791764,0
16705,0.2308519068364436,0
50277,0.2308463295186666,0
86004,0.23082475369698313,0
76810,0.23080815753812645,0
82492,0.23071950415903347,0
85179,0.23067595445052166,0
5194,0.23064086482611598,0
67288,0.23059102564369569,0
33363,0.2305668806800427,0
98335,0.23052916720886318,0
86417,0.23051247523919927,0
33303,0.23046275627230461,0
70790,0.2304614466213131,0
42319,0.23045209901434419,0
56299,0.23044335010290518,0
452,0.230423061853319,0
28846,0.23040101428065013,0
92717,0.23039356608125722,0
9191,0.23033625190662615,0
80748,0.23031004139264213,0
70376,0.23029714674635457,0
86874,0.2302749452703319,0
88490,0.23027251220254777,0
61274,0.2302623055424512,0
20278,0.23024758925542468,0
10512,0.2301648671520961,0
26039,0.2301635794648576,0
74224,0.23012611505207475,0
87125,0.23008816768215296,0
46255,0.23007195173717895,0
16976,0.23004346686535546,0
79941,0.2300419702998304,0
41864,0.23002101399502917,0
35594,0.2299980833174123,0
51816,0.22993319675241497,0
98832,0.229924687016381,0
28338,0.22992235755402793,0
57857,0.2298700455797479,0
43713,0.22985330716940564,0
61643,0.22984938425748036,0
91609,0.22984607857530856,0
2848,0.22982072461708417,0
41098,0.22981603701961756,0
81747,0.22980985512194285,0
96504,0.2297783575417306,0
97059,0.22975809064087802,0
69984,0.22975805041780908,0
94579,0.229744452020392,0
56069,0.22974009505646356,0
65191,0.22973678302082173,0
46486,0.22973672642599566,0
48531,0.22972999916359443,0
42240,0.22970462664359617,0
68442,0.22969322201540285,0
89859,0.22968728794139373,0
77220,0.22968596374384118,0
63348,0.22966109667607226,0
29030,0.22962654758014175,0
72301,0.22948015425709925,0
22707,0.22946911260483444,0
99788,0.22946653538280543,0
79903,0.22942522173939395,0
70484,0.2294066526278892,0
9821,0.22940556840619417,0
50955,0.22939854175085606,0
19290,0.22939294693949067,0
25261,0.22938369532612046,0
38865,0.22937537285960985,0
45978,0.2293688606997662,0
23042,0.22934282630116387,0
50233,0.22929848424150123,0
65569,0.22919999791166448,0
47978,0.22917609641445097,0
59443,0.22915936852398483,0
88126,0.2291427146274374,0
76426,0.22910302290307755,0
19345,0.22907793248067504,0
38234,0.22907675273712652,0
76184,0.2290607543534604,0
97257,0.22906024113479181,0
80375,0.2290299080784443,0
53405,0.22902802637386843,0
90518,0.22901811504913286,0
99774,0.22898271850022336,0
22100,0.22896920952201427,0
36405,0.2289658260263104,0
65917,0.22895349923505562,0
26911,0.22891522982571727,0
72232,0.2289112275423245,0
80907,0.228901582762155,0
65111,0.2288906524271521,0
32359,0.2288869198102752,0
4403,0.2288747897270691,0
80765,0.22887016461585782,0
69651,0.22884840809946871,0
90047,0.22883478898085385,0
83825,0.2288157011755634,0
57004,0.22881315201745556,0
92268,0.22876423538086074,0
4216,0.22875448410348775,0
67825,0.22874534182999726,0
81155,0.22873142272566427,0
37846,0.22872667179197503,0
94563,0.2287116500493338,0
58413,0.22869848403021,0
91186,0.2286849898118315,0
56191,0.22866491685381415,0
16269,0.22866151963601392,0
45600,0.22863645620435077,0
68724,0.22863482430387694,0
96537,0.22862323413054858,0
98819,0.2286229955867661,0
43884,0.2286226647736037,0
43936,0.22861628309341556,0
72666,0.22856538653839611,0
49063,0.22853788412566117,0
61625,0.22852329006190175,0
94459,0.22848555693888228,0
93645,0.2284653114293834,0
29255,0.22843258940112598,0
10999,0.22837864205090402,0
91129,0.2283452770143377,0
56114,0.22834477876758455,0
66501,0.22825573160511659,0
15747,0.22825382955474935,0
88405,0.22825196951744206,0
82281,0.2282140174930536,0
29219,0.22821111724390267,0
80302,0.22817474567201507,0
87627,0.22817190621610717,0
96913,0.22815723728563786,0
89507,0.22809325415996226,0
23533,0.2280808060078366,0
46995,0.22806349804157044,0
96706,0.22805348157313168,0
64844,0.22803805236649236,0
62883,0.22803439837649223,0
74436,0.22800748438146434,0
41627,0.22797193180545078,0
49614,0.2279495374581324,0
10480,0.22792674886860007,0
98774,0.22789182872038188,0
30483,0.22783676824868554,0
85069,0.22783136277499258,0
27742,0.22783044359602322,0
99444,0.22778908531913866,0
82561,0.22778382099569944,0
68504,0.22767859869527535,0
65967,0.227662765564929,0
68588,0.22765656030353762,0
76587,0.2276546638872341,0
67869,0.22763196405132066,0
22488,0.2275786652097939,0
75564,0.22753485829901632,0
82763,0.22748691411807323,0
70070,0.22748430532903646,0
93576,0.22745602283542554,0
46583,0.22743701458818802,0
77134,0.22743587761556372,0
84905,0.2273915887668556,0
42773,0.2273783242555011,0
79345,0.22734980830980248,0
51379,0.22734652696369526,0
8283,0.2273049188528493,0
83995,0.2272608179238305,0
2232,0.22721717264362198,0
64189,0.22715826374164394,0
84272,0.2271515097797872,0
99406,0.22712592202419116,0
22956,0.22711050174949887,0
77762,0.2271080698183051,0
79314,0.2270753260596501,0
27668,0.2270010548401204,0
50713,0.22698414558041113,0
42136,0.22694400334738818,0
81107,0.2269000764122892,0
72295,0.22688796574636733,0
45783,0.22686973025578705,0
90833,0.22685994860256356,0
77806,0.22684541458088084,0
15246,0.22684373933572502,0
84732,0.2268315826351066,0
988,0.22682726302622905,0
4942,0.22674149934768814,0
86040,0.2267168357423486,0
36652,0.22671551908461784,0
75098,0.22668827085200183,0
59378,0.22667170928766905,0
60794,0.22666318661143758,0
93421,0.22664356292887294,0
97148,0.22664151390635354,0
29155,0.2266375575311415,0
14415,0.2265994999484949,0
55912,0.22658329568068805,0
89315,0.2264863118520388,0
33459,0.22647982030957514,0
96326,0.2264423626587607,0
11127,0.226405823865032,0
67454,0.22638195421932175,0
28461,0.22632449617915992,0
54728,0.22631980307668242,0
43459,0.22630797063657934,0
47664,0.22630064962319235,0
42250,0.22630005714948917,0
83729,0.22624347204173925,0
25224,0.2262396652355246,0
91452,0.22623282108354806,0
3494,0.2261932252233438,0
51643,0.2261814579334252,0
83096,0.2260925785025866,0
98160,0.2260894204429815,0
72869,0.22604502858933082,0
21968,0.22603443375969637,0
50457,0.22603024840157124,0
52170,0.22596155766167145,0
87122,0.22595876836251275,0
67229,0.225957851056223,0
36993,0.22593941327640413,0
78494,0.22593646880410984,0
17305,0.22591918853911838,0
12256,0.225880144343599,0
60511,0.22581049069953027,0
83440,0.22579034913789858,0
19666,0.22577813776354827,0
17280,0.2257765425248922,0
11556,0.225727947727182,0
575,0.2257216723956455,0
87429,0.22571113685538993,0
17008,0.22570933618945652,0
31809,0.22570875736728027,0
31994,0.22564924990997637,0
10915,0.22563709990395575,0
95216,0.22563450260016407,0
39766,0.22559270664742878,0
85363,0.2254702312018577,0
34631,0.22541794084229683,0
90815,0.2253635758349885,0
36375,0.22535993183070188,0
85422,0.2253511952313012,0
32519,0.22533528109503473,0
40799,0.22532743158229093,0
45534,0.22532151633548428,0
59771,0.22529922185583118,0
54940,0.2252596672057495,0
19839,0.22525499004968988,0
96129,0.2252353976868951,0
76603,0.22521923578844405,0
12976,0.22520622887948283,0
24843,0.2252052513363209,0
90146,0.22516528851823625,0
64776,0.22513736699850476,0
50594,0.22511916658136671,0
93133,0.22511051258764941,0
87554,0.2250974366404925,0
94585,0.22508736713089253,0
48058,0.22508052435579406,0
93586,0.22504282000033562,0
42670,0.22500693692145546,0
72679,0.22495348192244397,0
89386,0.22492711877861324,0
40446,0.22492328613321677,0
67923,0.22491552532300174,0
40602,0.22489513714988107,0
88636,0.2248888846795123,0
55550,0.22486972515717268,0
44551,0.2247492713090891,0
86619,0.22465977021321112,0
70399,0.22463843357379826,0
26189,0.22462998991987296,0
99849,0.22459631424932383,0
89608,0.22456470375192444,0
61588,0.22450530088638213,0
91523,0.22449007836751703,0
60072,0.22444583907075907,0
12075,0.22444132188583563,0
91610,0.22440904598989897,0
80913,0.22435143189094386,0
44642,0.2243387716740069,0
22535,0.22433436937890017,0
92534,0.22432536219927665,0
56754,0.22429673851820944,0
55821,0.22429186378273305,0
35582,0.2242734818456237,0
77799,0.22426683138081766,0
66047,0.2242473177223062,0
86889,0.22423658594434026,0
39093,0.22423454909549165,0
69963,0.224207765211671,0
60235,0.2242015178642024,0
4870,0.22419958953547547,0
78851,0.22418839228191312,0
82365,0.2241147624662382,0
64968,0.22410727350851664,0
5231,0.2240642133092546,0
79328,0.2240496025322285,0
41268,0.2239992382741541,0
11594,0.22397156488264838,0
44210,0.22392551046876355,0
79126,0.2239247601342685,0
98115,0.2238541788361719,0
79306,0.22384916262731128,0
96885,0.22383491505209502,0
49247,0.22382105078757325,0
57051,0.22377412819392925,0
89455,0.22376151611485368,0
8340,0.22372286795812102,0
95673,0.2237175278511595,0
24972,0.22370569472960575,0
65615,0.2236839463975158,0
37927,0.22366397555359413,0
54302,0.2236622897950084,0
76609,0.2236617744507399,0
2081,0.22365868695652177,0
61738,0.22365411467391869,0
88967,0.22363876110663097,0
11722,0.22358473740746965,0
70883,0.22355614253535827,0
71573,0.22346945661452303,0
39394,0.22345938048922714,0
62004,0.22345512974732953,0
99336,0.22337177918533982,0
43134,0.22334974911502214,0
81936,0.22334705457495624,0
4202,0.22329528914419475,0
22366,0.22327247785409376,0
91910,0.22326898378143598,0
76699,0.22325819591501295,0
38389,0.223254698202834,0
98555,0.22324878911177526,0
42236,0.22324670199877378,0
66190,0.22324657284103047,0
50012,0.2232306501439532,0
16149,0.2231745269185584,0
98116,0.22313489484162363,0
95655,0.22312117263638506,0
96031,0.22305599357688247,0
95305,0.22304816624922583,0
90709,0.22300066235775975,0
2821,0.2229885271493656,0
98570,0.2229664784681797,0
19655,0.22291700280969728,0
27532,0.22291113085264327,0
66996,0.2228925503388605,0
72944,0.2228464397220651,0
562,0.22284051077370154,0
81129,0.22282143586572217,0
45869,0.22279717365164284,0
63650,0.2227764256038384,0
36468,0.2227518184203023,0
89439,0.22272794570164928,0
92351,0.22268791646122177,0
86996,0.22267651310801018,0
46033,0.2226331076161611,0
63743,0.2226255607420853,0
73233,0.22261622149205698,0
53283,0.22258532944625364,0
57703,0.22252349628055423,0
86717,0.22250169452498197,0
28635,0.222487926753734,0
71281,0.22248638093255274,0
85948,0.22248556221467766,0
86902,0.2224460863614575,0
64312,0.222411421485969,0
85749,0.22234757027406363,0
91138,0.22233962910444527,0
83298,0.222327007785128,0
70013,0.22232257237407957,0
76050,0.22231225110678496,0
17326,0.22223534347493956,0
5503,0.22222668192441616,0
92161,0.22219750957606635,0
30499,0.22219264069772082,0
43468,0.22218118877953077,0
14008,0.22211476146369324,0
39907,0.22203105567647916,0
43951,0.22201510339327835,0
85013,0.22200858641971563,0
92510,0.22199774507760264,0
80104,0.22198577914625428,0
88730,0.2219827084020231,0
96734,0.2219154435188236,0
41810,0.22190307638430976,0
84736,0.22190172181410128,0
15891,0.22183719178865222,0
84767,0.22181390522111438,0
35060,0.22177721030807748,0
82030,0.22177085369749738,0
99160,0.22163737438036435,0
66252,0.2216094504734764,0
46882,0.22158892008396747,0
4034,0.22144239323511045,0
60912,0.22144120685307275,0
51903,0.22143254371409674,0
74621,0.22141521595581712,0
74183,0.2213794670524945,0
38560,0.22134400982496588,0
44484,0.22130885461858393,0
11990,0.2212995126214387,0
98211,0.2212815262916263,0
26752,0.22127126435870953,0
93716,0.2212531253124731,0
44976,0.22124694704942396,0
85412,0.2212063361835651,0
2633,0.22117660474583165,0
75552,0.22112041916989753,0
83980,0.22110093154645025,0
35780,0.22107977698698122,0
89907,0.2210501969705678,0
32867,0.22104163084983722,0
93683,0.22102119991591063,0
6040,0.22100418367878497,0
56892,0.22093750174438812,0
62550,0.2209276499322262,0
20574,0.22080767243548352,0
92330,0.2207952735379913,0
56553,0.22078935002612113,0
53982,0.2207292954448241,0
97220,0.22071261740621115,0
65587,0.22065760355340866,0
92729,0.2205965852323357,0
38940,0.22058788961054654,0
87104,0.22058405542630063,0
63938,0.22055871327392199,0
57955,0.2205359963681208,0
94831,0.22050310404033427,0
68306,0.22050227994781377,0
99080,0.22046211628429524,0
6938,0.22043684500688954,0
50317,0.22042632968793102,0
69641,0.22042488780841069,0
24062,0.22041800914154108,0
43124,0.22038686653388645,0
99040,0.22036506330997005,0
74782,0.2203458035730581,0
27861,0.2203438874834868,0
80406,0.22033532138531675,0
54170,0.22026429717081036,0
85244,0.22024917875962208,0
30736,0.22019242020651902,0
98744,0.2201729740442186,0
51375,0.22017202667800473,0
90999,0.2201326709788356,0
67764,0.22006218441095018,0
95006,0.22006033837879596,0
80288,0.2199644200838881,0
94719,0.21996409248980767,0
87519,0.21995743228134876,0
40593,0.21995538903707576,0
1549,0.21993373402436892,0
28347,0.2199146354075057,0
88177,0.2199142330435745,0
30013,0.21991326926893678,0
96688,0.21991027447356856,0
2013,0.21990242506708563,0
91048,0.21987048164505313,0
86449,0.21984742103714106,0
97087,0.219816194931217,0
92064,0.2198121461312394,0
88064,0.2197963436864464,0
13394,0.21974555155969716,0
69427,0.219721672659868,0
75964,0.21963421068007413,0
31914,0.21958940465622492,0
85112,0.2195882072986852,0
39997,0.21958602301303756,0
99771,0.21957685740221286,0
56519,0.21954568431333685,0
61995,0.2195414187505044,0
40373,0.21953384800174505,0
84380,0.21952570620276862,0
86556,0.21947036553267812,0
47699,0.21943882645660373,0
98868,0.21943524511261636,0
55018,0.21941083364414463,0
51244,0.2194099712460656,0
44337,0.21935841824887534,0
48495,0.21934935517476234,0
13751,0.219329718347004,0
83328,0.21930523565506824,0
4372,0.21928669999540484,0
45052,0.21922105191645516,0
21294,0.21920444065647599,0
80396,0.21919948201736414,0
69940,0.21915914634449762,0
47150,0.2191461449827701,0
93055,0.21910995612494583,0
87073,0.21906425166114585,0
85853,0.2190637861558089,0
86137,0.2190110748283865,0
19326,0.2189855702126601,0
70556,0.21898438044056837,0
8093,0.21895942004413477,0
71924,0.21892514302272809,0
82179,0.21890299301881752,0
76826,0.2188818760091681,0
18639,0.21887795592443735,0
54816,0.218857550047306,0
86161,0.21885225492161808,0
28125,0.2188373546587422,0
23967,0.21880002197925558,0
94107,0.21877696871563992,0
38501,0.21872510458560704,0
12879,0.21868810313075765,0
43492,0.21860588987986382,0
81363,0.21858405594571081,0
75868,0.2184336032818957,0
90735,0.21839730860061982,0
47455,0.21839133551098786,0
30808,0.21831378515675146,0
83292,0.21829213928538801,0
21053,0.2182886106828971,0
66214,0.2182781723007407,0
20814,0.2182573195316817,0
37066,0.2182570968392429,0
72414,0.21824109698664423,0
52881,0.21818670388048947,0
60987,0.21816729620432565,0
79424,0.21809654455835029,0
62765,0.21808180487934653,0
78563,0.21806397956778412,0
77751,0.21804457937212296,0
37273,0.21803412060112234,0
76668,0.21800006643784506,0
30787,0.21796146364949728,0
22768,0.21795990335775298,0
92933,0.21793889309121586,0
87012,0.21793443272111918,0
13972,0.21791542281589074,0
80528,0.21790171038113124,0
97439,0.21787125568760124,0
56743,0.2178587677284551,0
99752,0.2178533521011791,0
86863,0.21782935152287525,0
46082,0.21780911415327833,0
99956,0.217797230108213,0
15370,0.2177912509078812,0
98652,0.2177255920719234,0
54053,0.21769471600471466,0
60019,0.2176732703963291,0
95000,0.21764682476313338,0
81512,0.2176084014463419,0
93706,0.21759782778603912,0
84618,0.2175932166659819,0
30522,0.21759044760645183,0
33881,0.2175835171357657,0
26886,0.21757096027584583,0
35225,0.21754976554201602,0
76300,0.217537495114382,0
94119,0.21747730309460866,0
26982,0.21747334529654005,0
77734,0.21747218657959622,0
97062,0.2174081808288642,0
93614,0.21740413881214907,0
88252,0.2173385935902888,0
37949,0.21731380458691857,0
87573,0.21730091837239002,0
86465,0.21726108826521864,0
80602,0.21725954782506313,0
15504,0.21725883834068155,0
33617,0.2172418476395401,0
91586,0.2172271154014937,0
74598,0.21721188808795147,0
67321,0.21715426939070248,0
75551,0.21715299442384642,0
73328,0.21713248406926797,0
97607,0.21710127893293227,0
21395,0.2170411697379313,0
77849,0.21703718721621273,0
98464,0.21702748310008807,0
75382,0.21702712208123717,0
88054,0.2170260764913923,0
36374,0.21700241156718136,0
59086,0.21698940418084317,0
38830,0.2169802930598294,0
37417,0.2169750684645556,0
88951,0.21697338397177438,0
44459,0.21694452090651065,0
51080,0.21693705717407177,0
84502,0.21693623224223144,0
31833,0.21691973733260092,0
87446,0.2168678655375732,0
83229,0.21682316476471586,0
48783,0.2167995107056602,0
40737,0.21677707192873205,0
23841,0.21676651836265204,0
84744,0.21675561885521052,0
95946,0.21675138669787927,0
97455,0.21674949285681744,0
91631,0.21674814756711686,0
40723,0.21673202175994621,0
62691,0.21670080636261344,0
77603,0.21669555501535998,0
26584,0.21664712856435017,0
44638,0.21664417079262052,0
20324,0.2166113949297304,0
40658,0.21660265594605801,0
5887,0.21657660927742767,0
68444,0.21653458246206345,0
3270,0.21653216111998647,0
64434,0.21652377315844024,0
98618,0.21651395556473704,0
22974,0.21650472392326325,0
1331,0.21649748627672322,0
29125,0.2164899825273074,0
41786,0.21647439218233314,0
18469,0.21644405547832776,0
96459,0.2163892560658112,0
85706,0.21632178415436798,0
76894,0.21629425455626292,0
537,0.21628674847972507,0
45888,0.2162847609888,0
63234,0.2162717959790009,0
68374,0.2162599439133747,0
67617,0.21621234570491382,0
82426,0.2161781081050218,0
14606,0.21617182582772324,0
47207,0.21617007242397304,0
97107,0.21616119912628182,0
64558,0.216114252627011,0
35427,0.21606793739802926,0
57540,0.21603212998452495,0
52628,0.21601139902566388,0
46844,0.21600577030324167,0
50436,0.2159780797084962,0
78058,0.21594357223437224,0
41956,0.21589051014032562,0
72119,0.2158827420795394,0
84458,0.21586933236957231,0
97758,0.21584056590214545,0
18881,0.21581132912125175,0
85229,0.21579829242603094,0
3440,0.2157400980762877,0
96678,0.21573885087372183,0
54372,0.2157051767699176,0
69059,0.21569692626494977,0
97889,0.2156966758598531,0
90887,0.21569573887562776,0
45860,0.21567154202304625,0
61116,0.21563885245993597,0
90726,0.2155762886005195,0
28788,0.21556376682490322,0
34559,0.21553420005064705,0
30311,0.21551355002315506,0
70741,0.2154756050138776,0
86132,0.21542324653417794,0
18208,0.21542023074681652,0
67137,0.2153677275373336,0
46480,0.21526532816311858,0
84404,0.21526059845006593,0
39487,0.21524030340473044,0
23501,0.21522058355498733,0
39863,0.215213046996756,0
33946,0.2152119970101361,0
82802,0.2152039038425707,0
27090,0.21517929859448837,0
70245,0.21514154168778132,0
78162,0.21514028286471804,0
17193,0.21513352476690922,0
99840,0.21510958357939322,0
36179,0.21510255223848412,0
58187,0.2150867245681503,0
91579,0.2150543432894539,0
9515,0.215035987571326,0
65902,0.2150166091024803,0
87510,0.21501039997750285,0
18632,0.21500908771621252,0
74533,0.21500731876117085,0
90197,0.2149416392238078,0
62572,0.21492721344288887,0
50450,0.21491827209219372,0
87977,0.21488417723186756,0
92211,0.21488013267286532,0
86335,0.21487373774643087,0
14566,0.21486875254449914,0
92431,0.214829165038901,0
62141,0.21482452622838846,0
95605,0.2148183044163485,0
75591,0.2148115806239854,0
49650,0.21480003324102023,0
89988,0.21477179731993878,0
99557,0.21473430844423935,0
59430,0.2147302841634915,0
90136,0.2147243771300021,0
69147,0.21472164585174272,0
40092,0.21470592934822996,0
89653,0.21467566927659826,0
96762,0.21466732726972357,0
72188,0.21466006772385493,0
32357,0.21464183015588137,0
90543,0.21460030287971207,0
87570,0.21457454586505448,0
31849,0.2145742500859438,0
52771,0.21455818680614086,0
60126,0.21453440841909627,0
75908,0.21452325628284954,0
6747,0.21451910585662454,0
22659,0.21451500558240122,0
1030,0.21450163602465497,0
98918,0.21442999157662065,0
95858,0.21439468556210264,0
64978,0.21436643529789176,0
90889,0.2143262902291127,0
63006,0.2142653685783704,0
69742,0.2142519690793641,0
34981,0.2142180135573708,0
90376,0.2141911932421016,0
26564,0.2141610494633776,0
8086,0.21415887550797646,0
70712,0.2140691401934175,0
98669,0.2140656077561282,0
48211,0.21403250234086155,0
47531,0.21401928058812997,0
36840,0.21400454517857548,0
83114,0.2139676222350714,0
47773,0.21396540824898472,0
7179,0.21396515245786138,0
92254,0.21396326484529457,0
922,0.2139338581911746,0
95105,0.2139240102614873,0
90271,0.21390599214956468,0
91673,0.21389883799289952,0
45103,0.21373813464521196,0
64392,0.21372316805591604,0
72811,0.21371108327710095,0
74032,0.21368947597733515,0
99323,0.21368185543269197,0
84574,0.2136617333757452,0
39061,0.21363224855331978,0
93114,0.21353392640115235,0
94449,0.21352146477911732,0
82192,0.21351723742970768,0
38421,0.2134912636406199,0
80714,0.21347428018242937,0
39047,0.21342989888883468,0
52355,0.21341131200856903,0
79586,0.21339075055048368,0
71279,0.21337968768658952,0
31996,0.2133517425997322,0
61552,0.21329783177887426,0
50373,0.21329241417511485,0
73200,0.21325401332017835,0
87343,0.21324082650637122,0
73208,0.21320460028426907,0
84707,0.21308448685098835,0
40536,0.2130474098355693,0
91256,0.21304601740940343,0
76066,0.21304075828790137,0
98101,0.2130002975633658,0
30595,0.2129529397971687,0
97983,0.2129309537203145,0
43526,0.2129227606784891,0
86812,0.21291567889715945,0
34362,0.2129028329991183,0
44858,0.21289414162429343,0
93881,0.21282954523079842,0
75258,0.21281375495095192,0
19269,0.21279684895695328,0
91247,0.2127720377243461,0
18913,0.21276516811838128,0
92814,0.2127280563456847,0
19555,0.21272179409376382,0
69022,0.21271778024817078,0
79846,0.21270665823005175,0
94907,0.21270115855720284,0
75648,0.21265895683097547,0
70659,0.2126570592162584,0
46842,0.2126412169248448,0
77444,0.21263282317610577,0
94847,0.21262900813921104,0
89727,0.2126104853659748,0
92083,0.21255239056619493,0
38226,0.21246260432918937,0
92300,0.21245012253988876,0
71726,0.2124265766063166,0
85534,0.21237759143378956,0
82600,0.21236371745221172,0
53003,0.21233618205563945,0
65610,0.2123245483084155,0
22187,0.2123212415969226,0
52994,0.21228931097215156,0
85385,0.21228440613735955,0
37971,0.21227251691997845,0
97392,0.2122457832559792,0
57211,0.21222207055499348,0
44042,0.21221750736628478,0
53615,0.21217036022093638,0
25768,0.2121529091568534,0
76067,0.21214690314122064,0
67087,0.2121342802020523,0
41102,0.2121099584673804,0
495,0.21203965826897828,0
51339,0.2120325724880938,0
56372,0.21199083325974263,0
55286,0.21197634469273405,0
73439,0.21194280254586864,0
94879,0.21190960456796276,0
69448,0.21189021691228074,0
72788,0.2118561543261087,0
92276,0.21184068906392045,0
95573,0.2117730262179189,0
7161,0.21176673513906166,0
14872,0.21174014051460638,0
11524,0.21168588294372295,0
51086,0.21164513328382983,0
97162,0.2116402925928646,0
58996,0.21161411143880113,0
55329,0.21159766079656042,0
92699,0.21159446321603353,0
24772,0.2115708819459629,0
21099,0.2114904142200118,0
3619,0.21148913316659423,0
86827,0.2114852764106418,0
67244,0.2114525847702526,0
91861,0.2114446409207855,0
91418,0.2114006029619231,0
68746,0.21136760271115693,0
21639,0.21131647908489679,0
61571,0.21131222974034958,0
35131,0.2112787677608299,0
96393,0.21126626066333992,0
4357,0.21126268203398652,0
42331,0.2112237808357758,0
46159,0.21122290792303328,0
55475,0.21112862859121947,0
49536,0.21110897960907324,0
53919,0.2111067903882122,0
69349,0.2111025054113324,0
96461,0.21109341913166754,0
28267,0.21108137772315516,0
81061,0.21107052260645445,0
99564,0.21104676529941035,0
316,0.21103043204529676,0
15694,0.21099722477376065,0
64171,0.2109914916068441,0
69871,0.2109511665812809,0
83266,0.21092307069536476,0
61132,0.2109195473653905,0
19462,0.21089667306841875,0
69546,0.2108746943033227,0
54621,0.21084695822679947,0
71037,0.2108373499707857,0
67027,0.2108372328398837,0
38207,0.21082744983431306,0
33624,0.21080276939119857,0
10803,0.21071925887081702,0
57598,0.21069917787511816,0
78524,0.21067233745207645,0
52859,0.21066543753959488,0
43521,0.21064910706929235,0
88167,0.2106375699612161,0
34880,0.21062507296486216,0
60755,0.2105585809603674,0
89477,0.2105150556762706,0
42759,0.21047995451411666,0
56780,0.2104513514860483,0
72859,0.2103878503120037,0
28962,0.2103694461705903,0
50916,0.2103424999478153,0
71504,0.21033182284644883,0
64256,0.21026308295594115,0
70667,0.21026100648976306,0
83730,0.21025712208252598,0
50819,0.2102498210272174,0
7472,0.21022801106981376,0
33997,0.21021385051751032,0
52508,0.21018129764876115,0
91567,0.21015471092196353,0
52382,0.21013037687989475,0
48745,0.21012336661123152,0
3781,0.21012036187255353,0
10445,0.21009906369794548,0
89227,0.21007922971210025,0
96451,0.2100484003113396,0
75012,0.21003258788978524,0
61592,0.21001848515499041,0
40443,0.21000473184272325,0
57321,0.20993625881232947,0
60808,0.20993343271681508,0
64463,0.20991963591164667,0
51917,0.20990065997581214,0
44294,0.20984240360001116,0
35461,0.20982372647424913,0
15423,0.2097524577665585,0
61843,0.20971170517508544,0
98616,0.2096192574438864,0
42660,0.2096038692757688,0
19105,0.20955237391157142,0
75616,0.20954397474766812,0
97793,0.2094908259120509,0
61876,0.20931357233213183,0
71391,0.20930034617188592,0
96895,0.20929620938858148,0
87290,0.2092880198881946,0
32559,0.2092800123856831,0
58367,0.20926987648197082,0
96167,0.2092051384838586,0
66655,0.20912332439189218,0
1455,0.20910514053083684,0
66767,0.2090608613203434,0
87576,0.20902781342424073,0
36002,0.2090078738943484,0
48323,0.20900329240997617,0
93119,0.20897839102638863,0
46894,0.20897001088329745,0
34663,0.20896825973015215,0
56854,0.20893449227086586,0
39388,0.20889908195111914,0
83473,0.20888211548143104,0
84850,0.20887157293798775,0
5553,0.20882721834974044,0
39742,0.20881506474213163,0
67176,0.20877360634594916,0
56433,0.20872380283148464,0
47856,0.20871093142328256,0
51408,0.20866828493009665,0
56813,0.20864004158337132,0
90975,0.20863153844397492,0
48991,0.20860857062123897,0
34630,0.20860411806803544,0
47030,0.20855862783891546,0
57202,0.20854311665864286,0
23149,0.2085030423009407,0
84693,0.20848407956979614,0
9424,0.20848399854881927,0
34752,0.20848243434669678,0
87955,0.20847348765432144,0
36950,0.2084532103302854,0
82538,0.20845239101699106,0
99111,0.20844340534137337,0
84753,0.20843332571593806,0
67689,0.20841444709496004,0
99869,0.20839970424323817,0
87428,0.20835546516836218,0
82597,0.20834888805091242,0
93309,0.20834508947101854,0
59167,0.20832627099771797,0
56051,0.20832595591607547,0
28028,0.20827929211934176,0
23537,0.2082092764077235,0
12591,0.20819282738974004,0
93977,0.20811439607098467,0
50396,0.2080790768101442,0
1073,0.20802793189319144,0
56371,0.2080129564414207,0
18099,0.20800432912373634,0
66708,0.20800027968372078,0
80760,0.20799879003707705,0
98052,0.20797583542064962,0
54323,0.2079660967994828,0
53129,0.20795734485439726,0
28318,0.20795649541409353,0
77045,0.2078998664656854,0
68454,0.20784849875965009,0
34067,0.20784761109620029,0
83648,0.20783638518863215,0
72967,0.20783392824380953,0
75987,0.20779283399151205,0
63865,0.2077840593696904,0
75973,0.20775355167815834,0
87544,0.20774358468756315,0
57620,0.2077221345610896,0
91216,0.20769132346460056,0
82796,0.2076903091295001,0
94676,0.20767384300485645,0
92232,0.20765830201135954,0
72510,0.2076527374728555,0
93377,0.20754130073091512,0
97544,0.20752915799443147,0
69710,0.20746807941832418,0
93700,0.20746143089688168,0
24505,0.2074114419165104,0
39372,0.2072639192481528,0
78967,0.20725122673252913,0
61454,0.20721601790614605,0
20730,0.20719773673617195,0
5490,0.2071892680019838,0
54981,0.2071839533267101,0
18698,0.20715726137640983,0
88228,0.20715373578964716,0
38058,0.20714681147855896,0
38266,0.20710455106142445,0
23057,0.20706870799912658,0
33307,0.20702378398783336,0
80988,0.20694862406126266,0
81234,0.20694582889379265,0
95111,0.20691537768743723,0
48592,0.2069041752990002,0
96204,0.20690200783877993,0
59410,0.20686977390020644,0
10966,0.20686951101355538,0
35943,0.20679962049181871,0
20734,0.20676215984214785,0
83942,0.20674213868988017,0
89024,0.20670475640965474,0
28299,0.20668581104679046,0
90736,0.20667953935253167,0
51214,0.20664252347219073,0
77513,0.20663578971177765,0
56359,0.20662287411797087,0
63276,0.20660800943526586,0
94085,0.20659038264687365,0
92291,0.20655411649097197,0
61868,0.20655142014128622,0
40759,0.20654582663172133,0
80004,0.2065410634765001,0
91992,0.20644378682330763,0
88010,0.20643560124436156,0
33239,0.20640374955971943,0
76162,0.2063954742570437,0
93312,0.20637995789078384,0
32770,0.2063798098335831,0
87361,0.2063369182501039,0
63548,0.20632321458204306,0
80825,0.2063124671931189,0
84510,0.2062841774479332,0
77296,0.20627449072774645,0
27310,0.20627351640372507,0
46752,0.20623421980241272,0
68587,0.20622694537216996,0
64854,0.206191468884226,0
62868,0.20606858272241382,0
96230,0.20604798963737977,0
74941,0.20603353732698504,0
77204,0.20596392481512366,0
58419,0.20592803583925878,0
35732,0.20589661569473164,0
88072,0.2058035298793526,0
92376,0.2057809318436456,0
52842,0.205742563398361,0
23312,0.20573563558930835,0
90229,0.20561953824203827,0
72174,0.20551532335009956,0
90899,0.20551327096747818,0
71104,0.20550192493038308,0
95616,0.20549027300622702,0
59233,0.20543476448967218,0
50556,0.20542604392342337,0
83061,0.2053921068903897,0
40849,0.2053863368854976,0
45762,0.20537319122115694,0
95250,0.2053496421426746,0
27033,0.20533510777233976,0
47124,0.2053302240975717,0
99863,0.2053269636640597,0
27876,0.20525280789081404,0
53221,0.20520780106399603,0
92655,0.20518190358951208,0
21386,0.20516090125298517,0
76694,0.20515597309437453,0
62924,0.20513040054434906,0
51669,0.2051266508143191,0
17610,0.20506994915692364,0
79896,0.20506499109114162,0
39216,0.2050489862005904,0
63281,0.20501632846778017,0
46392,0.20493701759545266,0
60200,0.2049336725451668,0
79645,0.2049334981728149,0
64875,0.20492752015405372,0
88784,0.20491678822541448,0
47521,0.20486593704755246,0
67217,0.2048396083231132,0
62136,0.20483875406113372,0
82399,0.20482914847619116,0
84291,0.20480962535075026,0
56215,0.2047690372811119,0
11994,0.20473640657669537,0
99409,0.20473448723178767,0
51508,0.2047275592166686,0
78773,0.204692876363541,0
58175,0.2046840458844627,0
52887,0.20468352928291114,0
16651,0.20467206381467995,0
52263,0.20466944037350332,0
40466,0.20466637010484903,0
94470,0.2046574159464785,0
87002,0.20465575913699058,0
57336,0.20463961972891823,0
87219,0.2046153776452671,0
33541,0.20459615231990408,0
25860,0.2045744924744566,0
77048,0.20454263916697155,0
43648,0.20454015185294502,0
73606,0.20446827713297677,0
85711,0.2044497412285533,0
42270,0.20442053885973238,0
42952,0.20439223947455284,0
18465,0.20434165797303017,0
34413,0.2043282894068633,0
92412,0.20430518170568546,0
55646,0.20426591461687646,0
47525,0.20426089579402648,0
57925,0.20422244260690234,0
88523,0.20422055456726687,0
78073,0.20419901635690568,0
68798,0.20418145731563841,0
92231,0.20417843493378335,0
65789,0.20416891583681504,0
1070,0.2041496895055684,0
22880,0.2041362649125278,0
34441,0.2041245177630084,0
8099,0.20407674571180828,0
47073,0.20407000565804226,0
98916,0.20404375866900956,0
9476,0.20403283100321737,0
51838,0.20402790228053422,0
63159,0.2039945534405334,0
50194,0.20398183830053146,0
56990,0.20397538119378872,0
78530,0.20395692017930736,0
36985,0.2039537977143779,0
26451,0.20394938291530984,0
62032,0.20393598273885316,0
53268,0.20393131862022063,0
64059,0.2039307326577076,0
7610,0.20392140774502193,0
84390,0.203909404338711,0
66167,0.20390376829293144,0
53487,0.20390059906394187,0
27303,0.20382883193820178,0
78270,0.20381333567636675,0
70115,0.2037641657873424,0
19592,0.2037529259899107,0
24036,0.20369640527747776,0
44295,0.20366911055603884,0
52400,0.20366446361423868,0
90378,0.20362888128430534,0
41326,0.20354095479427126,0
86873,0.20351293652224567,0
25536,0.20346837937210527,0
19082,0.20343299027343587,0
66843,0.20339131135552072,0
51196,0.20335275126807476,0
1612,0.20331815505749526,0
88727,0.20330638612418264,0
76953,0.20330060371905526,0
96630,0.2032852048175956,0
78370,0.20323473477461707,0
65370,0.20322358048568864,0
6841,0.20322050791722227,0
84634,0.2032093202364506,0
84069,0.20315778915680874,0
18567,0.20309805379868315,0
32613,0.2030379197578592,0
38848,0.20303489528032584,0
75328,0.20301263033655506,0
64919,0.20296919608012212,0
56564,0.20292736364850153,0
3872,0.2029141736895517,0
98201,0.20291300100351964,0
66601,0.20291206312534535,0
79014,0.20288880736045117,0
80993,0.20282340385812153,0
93778,0.20279058726467736,0
47737,0.2027787667697929,0
19595,0.20276336503610104,0
75650,0.20275296690300273,0
24121,0.20272275714043833,0
63047,0.20271083778073284,0
22245,0.20268901827981986,0
88349,0.2026870953148051,0
33319,0.20267439474449445,0
93008,0.2026643254317275,0
94443,0.20266042268057105,0
90577,0.20265698158096454,0
77409,0.2026414608904623,0
41790,0.20259822108336537,0
90397,0.2025901851108554,0
99443,0.20252840104296913,0
71514,0.20252133009321882,0
97302,0.20250648225709175,0
70107,0.20247351998796503,0
15302,0.20243470597736107,0
67132,0.202393456895544,0
42318,0.20232056675012539,0
11141,0.2022866855568344,0
64417,0.20226846339920462,0
97449,0.20223516013889897,0
95645,0.20221881249317747,0
16846,0.20218280464671098,0
95563,0.20216586390952374,0
22672,0.20211073029135632,0
97193,0.20210062614233998,0
66179,0.20209319348717103,0
46492,0.20204226242870982,0
77346,0.2020088070454143,0
85715,0.20200703406537415,0
88076,0.20199911341541452,0
10013,0.20199114386120312,0
84430,0.20197056269286823,0
81195,0.2019645449383809,0
62873,0.20195378968326827,0
45063,0.20194516527321812,0
39232,0.20194208556227655,0
88175,0.20191155800681682,0
94840,0.20189465266148493,0
23867,0.20189122145248226,0
68591,0.20186447216648867,0
88397,0.20185223525877308,0
43700,0.20179660924804577,0
85020,0.20176156148854357,0
61183,0.20175475699012804,0
91351,0.2017348877999513,0
55381,0.2017256510101814,0
68298,0.2017063665671285,0
66244,0.20170304476417802,0
42908,0.20169721733709775,0
89400,0.20166935062830063,0
5702,0.20161387793054056,0
29869,0.20159942860808686,0
73257,0.2015928814079242,0
38168,0.20159205454362167,0
23378,0.20156306623278375,0
59037,0.2014689510850105,0
91590,0.20144676508841514,0
10186,0.20144166640575115,0
56728,0.20143658835417055,0
73092,0.2013911833119565,0
36938,0.20133860469836132,0
39796,0.2013081871481699,0
13079,0.2012944454007358,0
59620,0.20123762937384765,0
93935,0.2011971764093504,0
5189,0.2011296475919476,0
89268,0.20107778691198186,0
87238,0.20105493048205647,0
92352,0.20103426975564395,0
35506,0.2010137694360118,0
53736,0.20099408861398615,0
59356,0.200985704473818,0
88506,0.2008886185085526,0
33336,0.20084963667827613,0
20472,0.20080233744639472,0
88788,0.20076071113582653,0
16229,0.20075870358504747,0
50785,0.2007542293757001,0
89749,0.20070891240665367,0
87571,0.20069031808885474,0
91849,0.2006194021592319,0
68757,0.2005954007718862,0
35691,0.2005940938099647,0
61988,0.20055876511805637,0
65710,0.20055727299486162,0
71653,0.20049111024129807,0
57824,0.20047563005981425,0
74592,0.20046441686964428,0
35312,0.20046332841142167,0
32327,0.20043243113391798,0
46730,0.20040182792618574,0
66059,0.20035973345913496,0
94733,0.2003549027275031,0
74037,0.20033138094808875,0
67603,0.20031262153816315,0
15378,0.20022876232413908,0
49171,0.20022153853270613,0
69074,0.2001772792039619,0
97093,0.20016633183539753,0
98773,0.20015840132244736,0
7663,0.20015038839584282,0
67399,0.2001374815459837,0
67185,0.2001329557315236,0
59017,0.20013231096636971,0
16117,0.20012941439665916,0
84001,0.20005783747146422,0
88834,0.20005510545190072,0
92834,0.20005400656591,0
54781,0.19996074327910002,0
30286,0.1999490202007381,0
24845,0.19993059514463263,0
94074,0.19992859635215363,0
79884,0.19991535128060675,0
33017,0.1999069941855098,0
63665,0.1998928895922125,0
81508,0.19985948423933492,0
81648,0.19983311081977068,0
81764,0.19980788147445883,0
20996,0.19979604658065736,0
42698,0.19978285041571006,0
63815,0.19977056658851555,0
3004,0.19970299429910218,0
52609,0.19969740873471423,0
58328,0.1996841220203624,0
69634,0.1996528139002074,0
95789,0.19964358364766602,0
85806,0.19961023557953023,0
46307,0.1995872563522408,0
95083,0.19957880149783913,0
57772,0.19953172260765584,0
34948,0.19947833448000035,0
24160,0.19946458283529306,0
91063,0.19942255650256532,0
29874,0.19929165218795786,0
75191,0.19924981854006868,0
87300,0.19924508549478215,0
99813,0.1991870629618116,0
40659,0.19918009966076133,0
66970,0.1991487843126875,0
59924,0.19910797448912318,0
45124,0.19908252157732165,0
85537,0.19907987535871113,0
34360,0.1990784056007939,0
55146,0.19905424432102417,0
60206,0.19903170536812761,0
90622,0.19902864159144448,0
82608,0.199028628392799,0
99968,0.1989901820332319,0
94079,0.19897435291685928,0
82136,0.19896206416710893,0
47530,0.1989509502703264,0
5597,0.19891859589172647,0
56178,0.1989006533695379,0
51799,0.19888649808371817,0
20853,0.19887891091330873,0
63742,0.19882930092510867,0
94744,0.19882588566596546,0
60875,0.19879590678542228,0
14447,0.19876661860689604,0
77411,0.19871017737441302,0
91281,0.1986985197774199,0
83783,0.1986905076622145,0
72368,0.19864403574884462,0
27256,0.19863534697474042,0
50666,0.19863128793007695,0
55068,0.19859336888395018,0
93535,0.19858365125229063,0
4644,0.1985672235970758,0
89081,0.19855308518925224,0
78566,0.19854571422498218,0
74165,0.19852108051068168,0
63779,0.19848886324802242,0
85364,0.1984823428594674,0
58665,0.19848207569184556,0
16768,0.19847082805171126,0
41270,0.19845620050623414,0
1965,0.19837434105230767,0
91495,0.19837351919429924,0
97837,0.19833918819456467,0
32200,0.19833367092487053,0
83006,0.1983273093132307,0
79094,0.1983152648039823,0
98789,0.19828745342322465,0
94528,0.19823416153076964,0
50807,0.19822850566856465,0
52966,0.1981913220761002,0
96263,0.19817578108033285,0
74070,0.19815200656242482,0
37453,0.19814576459179298,0
48577,0.19811476212665402,0
86557,0.19809664846845657,0
95306,0.19809132337312368,0
29766,0.19808906504800447,0
94962,0.19807665051811038,0
85500,0.1980513530626268,0
40984,0.19805045365963259,0
67710,0.19804622021516347,0
72347,0.19803956874440531,0
71436,0.1980372570770604,0
71873,0.1980246794426114,0
46886,0.1980122144844588,0
22551,0.19798505866171923,0
32758,0.1979740453560837,0
89885,0.1979589664724084,0
57994,0.1979357104142263,0
98219,0.19791888109495967,0
81797,0.1978950991814609,0
81723,0.19787791795457385,0
53128,0.19786248192104902,0
80525,0.19783482476362457,0
97,0.19778806395596502,0
70766,0.19775094625112166,0
56291,0.1976880953902027,0
91672,0.19768797143358025,0
26719,0.19768527078282191,0
11064,0.19767000691404849,0
98950,0.19765312156105655,0
53037,0.1976211204516518,0
31009,0.19761526043829003,0
90263,0.19756950901773723,0
77852,0.19755061228702123,0
89639,0.1975239561899347,0
32017,0.1975124374728926,0
33448,0.1975040776349935,0
96920,0.19749167961272895,0
74723,0.19747743936728474,0
84979,0.19737408185283375,0
80582,0.19736845364751981,0
97641,0.19736647094167994,0
60012,0.19736393581217454,0
29815,0.19733041507885926,0
71531,0.1973180007759454,0
57038,0.1972854061562878,0
38979,0.19728373443909056,0
90810,0.1972639509541083,0
21042,0.19725870132568638,0
64428,0.19725744136799517,0
47645,0.197251434092316,0
96162,0.19722395431393833,0
67015,0.19720995951005768,0
60353,0.19720603899462677,0
98181,0.19719663586088815,0
86210,0.1971440963463231,0
9875,0.19710269683532528,0
67514,0.19710098858978234,0
83494,0.19709876798535006,0
47900,0.19709511808358846,0
74030,0.197092252162939,0
61978,0.19708624053351814,0
91079,0.19707645624988326,0
91469,0.1970660664658435,0
57975,0.1970586389212765,0
55644,0.1970228004410035,0
79792,0.19699133356267892,0
62175,0.19699040098196424,0
34693,0.19698443530210888,0
14936,0.1969757903128788,0
85159,0.19696354297142868,0
28934,0.19696056382576269,0
75342,0.196914370449314,0
64824,0.19687333910756333,0
41049,0.1968298786762834,0
63216,0.19673922560188878,0
27391,0.19670304297728777,0
69126,0.19668668592649416,0
66730,0.19659361126954353,0
77923,0.19656268579203484,0
53476,0.19648460453260663,0
16761,0.1964452476808127,0
92625,0.1963980753365943,0
77921,0.19636175532657418,0
6109,0.19628348388237363,0
39882,0.19620107679298435,0
41380,0.1961917056658153,0
36105,0.19617169276867602,0
77206,0.1960921529490935,0
30518,0.19600171904124558,0
21354,0.19599872475356894,0
75286,0.19599194595290426,0
29342,0.1959379854473534,0
82617,0.19591572919603872,0
30631,0.19589612622781807,0
35160,0.195800136513726,0
36425,0.19579021221030724,0
72596,0.19576999256872762,0
69868,0.19576406705721217,0
70892,0.19574681836375163,0
79507,0.1957463209105643,0
77280,0.19574006983034006,0
94607,0.19571199037997594,0
33552,0.19569065634735597,0
15991,0.19568500991994978,0
88181,0.19561415661675996,0
96594,0.19559763080355907,0
55876,0.1955592567981776,0
46041,0.1955416132793871,0
46022,0.19549308562966788,0
77993,0.19545309166853048,0
31471,0.1954408993769471,0
84799,0.19543985562579316,0
74548,0.1954374262730322,0
78578,0.19542080613967866,0
48790,0.1953933021813576,0
73980,0.19533280749692503,0
71137,0.1953310282258044,0
88091,0.19529793865558884,0
30977,0.19529337414493433,0
64964,0.1952212951634312,0
72500,0.19521511091751298,0
66853,0.19515275826169193,0
84178,0.19515236886413936,0
80102,0.19510659102541605,0
85576,0.19507632822410556,0
94327,0.19502847890413325,0
58162,0.19501363896356244,0
1395,0.19499687594301968,0
86833,0.19496069230713503,0
84532,0.1949250169870766,0
58911,0.19491815032918855,0
52178,0.1949010259362163,0
74970,0.1948933909694028,0
50055,0.19485191344038466,0
99397,0.19482167591728933,0
58631,0.19482058514258155,0
78542,0.1948047427226716,0
84321,0.19479612807550128,0
33501,0.19478336899283144,0
92840,0.194758003899097,0
9371,0.19465493298493067,0
46206,0.1945742107496155,0
34443,0.19456197558122013,0
36776,0.19449442991733684,0
47487,0.194453424116071,0
57279,0.1944179430565664,0
66823,0.1944130219273767,0
35555,0.19440539900455808,0
80117,0.19439818960854777,0
45079,0.19436233789849047,0
36925,0.1943563456707865,0
75731,0.19434980170665403,0
22157,0.19425976782484192,0
16934,0.19424430538269913,0
35926,0.19421545549051344,0
85274,0.19419977193129012,0
84346,0.194124695339119,0
93324,0.1940970753696923,0
64963,0.19407736660121633,0
91865,0.19407249137703558,0
75808,0.19404382793742997,0
92751,0.1940408559181079,0
77322,0.19403782761682137,0
21278,0.19402605812660859,0
15674,0.19395449452622004,0
34187,0.19390608956729552,0
81379,0.19389282666728314,0
46578,0.1938766997884404,0
74023,0.1938662023356862,0
82961,0.1938495948552369,0
55916,0.19384056734563793,0
63226,0.19375377867335902,0
85301,0.1937402299546545,0
17263,0.19367344193167357,0
72030,0.1936419862097878,0
38674,0.19361894977996144,0
11969,0.19360314551551447,0
77548,0.19358494425349546,0
97500,0.1935469811051925,0
57668,0.193543595636023,0
38573,0.1935355153898021,0
62107,0.19347835025829305,0
10861,0.19347590155210603,0
96649,0.19346120823503565,0
90963,0.1934549909951986,0
56377,0.19345193706962727,0
10758,0.19345135550065876,0
14619,0.19344620574572619,0
57404,0.19337650476544993,0
98263,0.19333745963981214,0
85345,0.19328021250043897,0
95372,0.1931939870291905,0
54751,0.1931651465196215,0
29983,0.19312095054996142,0
96825,0.19311676312452222,0
27909,0.19308309914031763,0
69699,0.19304114710336878,0
67558,0.19301504234766556,0
60061,0.19299305405366207,0
93841,0.1929849025406109,0
64904,0.1929779551567535,0
4499,0.19297204219899908,0
47135,0.192942572739584,0
99908,0.19291459556528828,0
29567,0.19290415432806662,0
70629,0.1928630326407738,0
49728,0.19286085004231476,0
97230,0.19283952348134645,0
78021,0.19283836821834155,0
55853,0.1928079872455237,0
31389,0.1928049382242273,0
50027,0.19278526752667688,0
93294,0.1927722847975564,0
38471,0.19276360783379126,0
19013,0.19266885472967413,0
58792,0.1926598180601805,0
98842,0.1926332517810224,0
38900,0.19262462159207197,0
65255,0.19261205654236802,0
72542,0.19254394353674661,0
74075,0.19253906550166494,0
79736,0.19252323160980905,0
71088,0.19249256285812108,0
62104,0.19241597812146444,0
68057,0.19233481176762357,0
2125,0.1923326319240975,0
93725,0.19232896129984545,0
20475,0.1923242056840573,0
1950,0.19231834667778766,0
75252,0.19230960203769826,0
69824,0.19226090477383864,0
31642,0.1922322978981801,0
25450,0.19222472624574208,0
93842,0.1922168238340517,0
4923,0.1921957072201447,0
60999,0.19219501178514728,0
87039,0.19219157435048603,0
85348,0.19213859528940744,0
44884,0.19210832455779123,0
75572,0.19207551320675104,0
95710,0.19204747657463644,0
34648,0.19201870133308618,0
31022,0.19200721199513404,0
93662,0.19197950861507862,0
99116,0.19196722898314653,0
35142,0.19195694566676894,0
27954,0.1919514548044613,0
91529,0.19193171853888444,0
67539,0.1919118518379482,0
99993,0.19190983212500207,0
75465,0.1918907719934322,0
99664,0.19186972020465173,0
84314,0.19186468297557996,0
10785,0.19185203265250358,0
23125,0.19184662009664463,0
68732,0.1918419558412674,0
98320,0.19182984373756545,0
89142,0.19181123119584842,0
1911,0.19181034475868997,0
85910,0.19180804971928644,0
62116,0.1918044212484342,0
55648,0.1917966000161821,0
65176,0.19178789652853426,0
80682,0.19174756780150037,0
10376,0.19172086494338597,0
32418,0.19170949053881847,0
44117,0.19170712412778193,0
15165,0.19163754155510945,0
78504,0.19160036073430733,0
59716,0.19159132542177504,0
27784,0.19157383973476183,0
47438,0.1915696375165334,0
91784,0.1915505284273527,0
43550,0.19152415580832494,0
92416,0.19150793879111697,0
80788,0.1914355913020418,0
86868,0.19136062814005517,0
71116,0.19135033979611815,0
79027,0.19134279136422414,0
51557,0.19132922200617422,0
78764,0.1913121726136524,0
76181,0.1913118139320862,0
92226,0.19116784384107444,0
25905,0.19115049728714137,0
71145,0.1911343465914204,0
21,0.19113134055951522,0
94821,0.19111137786491275,0
73933,0.19110343831612575,0
88799,0.19105802782548084,0
64616,0.19103015633191078,0
90627,0.19099407520156753,0
97825,0.19094686474427863,0
71208,0.19091191540722613,0
97280,0.19088624913942387,0
38301,0.1908437370209267,0
17226,0.19084253707064697,0
62941,0.1908304239800558,0
47218,0.19080018790039086,0
37935,0.19077661995673298,0
78355,0.1907587313414185,0
86730,0.19072132865048788,0
98856,0.19067295926804215,0
1605,0.19059644196167935,0
57565,0.19058947537446697,0
67334,0.19053162964558676,0
93715,0.19049142254452064,0
8198,0.19045351608916367,0
97546,0.1904290221386028,0
56616,0.19037664360712164,0
50979,0.19034979414162415,0
71878,0.19034483711721126,0
65441,0.19033893624742404,0
27435,0.19033673763227554,0
4909,0.19028329928657556,0
3587,0.1902160471308488,0
69522,0.1902138662732526,0
94540,0.19021031117633672,0
96066,0.19014405583840652,0
92890,0.19012283659457932,0
26398,0.1901182744998263,0
27947,0.1900830226100496,0
92430,0.19006611490207506,0
66039,0.19006439031161618,0
20504,0.19002653987280752,0
85077,0.1899601528334658,0
99384,0.1899359358012105,0
82350,0.1899095001963692,0
76114,0.18987253706651588,0
63858,0.18987128790190202,0
35868,0.18985075771726242,0
80401,0.18984208700596947,0
62328,0.1898212719683389,0
60699,0.18981590258183,0
89927,0.18979849938367763,0
69168,0.18978828291572036,0
89334,0.18977999324583725,0
24276,0.18975847840610255,0
93429,0.18974816813708476,0
82681,0.18971839806077653,0
49017,0.18967943315353572,0
32424,0.18963825296303893,0
95477,0.18961291314466652,0
49530,0.18954101800127995,0
49532,0.1895322544616182,0
24102,0.18942829689105328,0
92709,0.1894243818105906,0
85635,0.18932703347097257,0
2043,0.18927583124612748,0
69611,0.18923946699998692,0
28748,0.18921872886943725,0
82651,0.18920265206231046,0
71634,0.18919235384117597,0
47955,0.18915329908131676,0
8384,0.18914348213245796,0
93007,0.1891210752004434,0
47937,0.18908487116268677,0
52308,0.18908093504004547,0
79189,0.18907936384101046,0
21272,0.18907543080961148,0
43037,0.18903391810597023,0
40428,0.18901822907725505,0
78263,0.18900329866656068,0
47098,0.1889529763863566,0
18153,0.1889241740247277,0
99983,0.1889227121467545,0
96717,0.1889212723632638,0
15292,0.18889235347035344,0
78317,0.18885120494079255,0
62377,0.18882779943369413,0
36313,0.18879841460822497,0
63102,0.1887596496459168,0
80271,0.18870439137230613,0
19001,0.188657158045745,0
45116,0.1886568055359323,0
20305,0.18856063984085988,0
59463,0.18849329066265635,0
73535,0.18845847489265385,0
43529,0.18844150834988407,0
25959,0.18843560060431966,0
85109,0.18842605830906217,0
61382,0.18829855142023838,0
38445,0.18828364063020242,0
26577,0.18821232062557988,0
8381,0.1881856649075879,0
94406,0.18813119053400648,0
47009,0.18812221860247502,0
17191,0.18812209172933272,0
98096,0.18809844318099633,0
60863,0.18808548532307717,0
92177,0.18805227192101945,0
67551,0.18797027532455884,0
99339,0.1879227788760882,0
68182,0.18791255242249486,0
77602,0.18789851916694858,0
40859,0.18788024434683231,0
15063,0.1878620866002059,0
82623,0.1878585657159324,0
8083,0.18784904545665132,0
67917,0.18777831409348292,0
38413,0.18770144638127562,0
20139,0.1876967919259313,0
93770,0.1876963202144329,0
73023,0.18767667996476237,0
51409,0.18766233562450493,0
39692,0.18765610196668375,0
79069,0.18764116131667177,0
38748,0.18760857855713964,0
34993,0.18759368229108386,0
89711,0.1875608842469215,0
95223,0.18755904742117652,0
64107,0.18750889878767435,0
88068,0.1874623922826544,0
34852,0.18743162991612075,0
81459,0.18743111426597153,0
62606,0.1873841732751224,0
29842,0.18738387684700702,0
56762,0.18729301111823476,0
31681,0.18723378975282773,0
99299,0.18715167934835997,0
89426,0.18706884836292623,0
34344,0.18706440849756842,0
91649,0.18706015508068757,0
52426,0.1870371868720785,0
75255,0.18701484080720907,0
67528,0.18701101996230185,0
95922,0.1870028927160177,0
78549,0.18687532663563416,0
55634,0.18686907584339452,0
95666,0.18686749165697455,0
28089,0.18686627736961192,0
43877,0.18686440855499628,0
81227,0.1868118549527643,0
59949,0.18679738729803996,0
43603,0.18671870279325467,0
29119,0.1867059089260055,0
58081,0.18670351059387888,0
45312,0.18667117169067984,0
22950,0.18665504028372862,0
80933,0.18662690272269014,0
29134,0.18658974516219176,0
76493,0.18655037082649262,0
17846,0.18653831814243768,0
44131,0.18652662905445025,0
47456,0.1865258767047378,0
99561,0.1863997986229122,0
38639,0.18637206074479495,0
97163,0.18636301896496618,0
71448,0.18632287961938032,0
79326,0.18631500277161356,0
79959,0.18629309407088993,0
17027,0.18625119537323245,0
66855,0.18624541123080524,0
82059,0.1862274646605024,0
52450,0.18622627939141637,0
42178,0.18618994128631336,0
77115,0.18618712213973893,0
1936,0.18615179610736104,0
58485,0.18614547015372818,0
25241,0.18604632877117416,0
52525,0.18602224395147346,0
41429,0.1859887066312512,0
66971,0.1859866931085511,0
40825,0.18589758285494706,0
84434,0.18588603659425412,0
38742,0.18587978057395163,0
18721,0.1858469971290139,0
99113,0.18583075662774307,0
94974,0.18582598780617404,0
97229,0.18578100909297024,0
85657,0.18571610834348895,0
91985,0.18566868682420476,0
33983,0.18566697855834552,0
76712,0.18564926421241715,0
32701,0.18564191734642158,0
94545,0.18560595282989414,0
47500,0.1856035888764969,0
90992,0.18560070209724258,0
97739,0.18559650989068976,0
74484,0.18552662998678676,0
27159,0.18551579108625976,0
78762,0.18551114048667267,0
86373,0.18551031385994737,0
55580,0.18550774014549384,0
80637,0.1854461472612092,0
49947,0.18543743086129172,0
84429,0.18535364742696828,0
44784,0.18527804450549235,0
65882,0.18522096233822918,0
69114,0.18516734814357183,0
43165,0.18514614442446078,0
69572,0.18513754662755935,0
38026,0.18511637861577132,0
55899,0.18510419223895452,0
71826,0.18509317462651104,0
21161,0.18506964110966223,0
17218,0.18505771866950116,0
62789,0.18501129434378852,0
89680,0.18500248302297542,0
29673,0.18496795698781845,0
87266,0.1849663538091732,0
43657,0.1849180055788324,0
79465,0.18488924924415162,0
64033,0.18483435987502644,0
20916,0.1847943983125306,0
85052,0.18476100721329083,0
39669,0.1847200561113096,0
89103,0.18464834855418105,0
62802,0.18461451222862332,0
94097,0.18454641204536126,0
30140,0.18453166543789876,0
51483,0.1844926816953673,0
93068,0.18448638534577366,0
78710,0.18448113240200012,0
82277,0.18446922802565624,0
10987,0.1844619325218808,0
85227,0.18440576784573096,0
41734,0.18439629281891864,0
73338,0.1843782872465915,0
77654,0.18435273986422987,0
57094,0.1843391413998454,0
96200,0.18430637473055497,0
12579,0.18429147305424523,0
60589,0.18427728911463662,0
6575,0.1842477068992978,0
38204,0.18413681118980654,0
15291,0.18411810835266543,0
52807,0.18410287919386795,0
91735,0.18405838832864213,0
38991,0.1839737455312753,0
66482,0.18394866278845937,0
15454,0.183938417864102,0
85552,0.18389638163117877,0
66161,0.18388086616672664,0
58119,0.18383522599600138,0
85199,0.1838212755618958,0
91350,0.18381178603226034,0
70623,0.18381115360819383,0
94098,0.18379451701936975,0
93638,0.1837333800139834,0
31303,0.1836510179003936,0
44164,0.1836346622749452,0
91930,0.18359680072436746,0
77912,0.18357261000506753,0
65424,0.183569520997532,0
67012,0.18355256856243765,0
85786,0.1835218631909253,0
83763,0.1835131763272046,0
68767,0.18345665637617758,0
86018,0.1834563670408416,0
97399,0.18340536780324246,0
33486,0.1833893316280465,0
87148,0.1833746823016973,0
63783,0.18336962199277274,0
79102,0.18334510710995644,0
65408,0.18333466088261927,0
96360,0.1832822988398503,0
38464,0.1832376951603701,0
83573,0.1832133519381487,0
55476,0.1831698059677696,0
80356,0.18305955178011402,0
74383,0.18299621319645043,0
73104,0.18298262642994828,0
82836,0.1829736549023988,0
49821,0.18296576502066353,0
95565,0.18294965384740774,0
67311,0.18294180115012004,0
40294,0.18289622117610085,0
50803,0.18287855991738816,0
56144,0.18284393940612023,0
94678,0.18279882401857409,0
96181,0.1827741924401517,0
92301,0.18276729002199946,0
82427,0.18274246025054214,0
37814,0.1826959779313502,0
60920,0.18268244261740615,0
33693,0.18267276996498014,0
99079,0.18257452172634442,0
84647,0.18257352693833215,0
43641,0.1825430534800507,0
86604,0.18251619899141877,0
55972,0.1825099020738223,0
89586,0.1824336867060702,0
79560,0.18236582200758436,0
42420,0.1823110561863199,0
58499,0.1822790480489608,0
46039,0.18227339547209806,0
9871,0.1822545163372997,0
84569,0.1822297577727117,0
66133,0.18218562786787415,0
65663,0.1821397973422421,0
98713,0.18210531729991022,0
97786,0.18202682144967366,0
56044,0.18200452207694404,0
55327,0.18195384760779323,0
95041,0.18184120582034485,0
99162,0.18180617441424493,0
92406,0.18180293636852138,0
80545,0.18175161271136456,0
53539,0.18172575582573505,0
36770,0.181719649887759,0
89382,0.18170291897722693,0
69743,0.18167528493149138,0
73551,0.18165721119710532,0
24206,0.18163424650432836,0
75064,0.1816337193548189,0
71453,0.18159922293456235,0
93619,0.1815317835753148,0
49646,0.1814786629735055,0
3001,0.18145497111759806,0
89062,0.18143325093275325,0
48722,0.18134338295699892,0
17627,0.18132080433109654,0
98502,0.18121313541332418,0
95684,0.18119328072373006,0
27487,0.18118821909764854,0
55629,0.181156024280836,0
82169,0.1811488617244105,0
50330,0.1811252808669821,0
34090,0.181101233991276,0
87120,0.18109707889600704,0
96250,0.1810926164346589,0
19847,0.18106478525000455,0
70698,0.18106240657560818,0
68175,0.18104644921466317,0
71725,0.18099695595007825,0
94891,0.18096314665988453,0
58986,0.1809482751784997,0
82828,0.18094030579875423,0
94792,0.18088926031805908,0
5004,0.18088619932825364,0
72235,0.18086867426363182,0
93984,0.18086667140679621,0
72138,0.18086588313001808,0
92906,0.1806910345913561,0
11287,0.18068580125611108,0
52782,0.1806759487622875,0
21067,0.18064921826599162,0
99816,0.18062672000026134,0
29804,0.18058220431550512,0
45414,0.18056006256787413,0
48083,0.18054722072904833,0
48460,0.18047946414088778,0
14848,0.18044036902694302,0
95904,0.18033324208492776,0
57787,0.18032885528181458,0
13585,0.18031710019708663,0
39842,0.1803054654944165,0
68000,0.1802470518201895,0
36377,0.1802201986435284,0
13554,0.18020075170411562,0
90759,0.1801384883997437,0
73991,0.1801113459894114,0
49232,0.18008555582443755,0
72912,0.1800847508354304,0
96093,0.18005641069530853,0
61755,0.1800506372139449,0
59849,0.17993300734136547,0
89369,0.17990554107220996,0
82118,0.17990426984234462,0
16991,0.17985872684415344,0
27074,0.1798532493062525,0
92457,0.1798334938837377,0
97694,0.17983313852273597,0
69756,0.17981131015466115,0
90498,0.179807762459629,0
60174,0.17980493583608906,0
79174,0.17975922587884788,0
78369,0.17961615365946518,0
75431,0.17960178582775327,0
46359,0.17958582656465233,0
64640,0.17957959115487943,0
13893,0.17952856705199186,0
62016,0.17951106392080457,0
33231,0.1795103953870885,0
57855,0.17950971995188797,0
26283,0.17947695098713728,0
75218,0.1794721057798404,0
98406,0.1794621394380939,0
93755,0.1794619457809136,0
87722,0.17941787059496608,0
67842,0.17941178819866677,0
52585,0.17940558030458809,0
99258,0.179396930021409,0
87462,0.1793896549482584,0
57056,0.17938420778566153,0
89940,0.17937562962311016,0
28941,0.17936034291739997,0
92214,0.17928672593009662,0
47668,0.17919343764978857,0
61547,0.17915921673264257,0
50698,0.179138423691293,0
99891,0.17906250157904416,0
63474,0.17906004272522538,0
27265,0.17903544601098934,0
18160,0.17902813118402283,0
37024,0.17902768360144888,0
65273,0.17901961217756043,0
94091,0.1789838961876336,0
88431,0.17895533896855942,0
98634,0.1789123875688984,0
81179,0.17890661676366387,0
50391,0.17885996429855044,0
95014,0.17876709216019,0
72366,0.1787325723421532,0
5136,0.17872569819619727,0
21476,0.17871710077098252,0
53649,0.17871652117947762,0
72449,0.17865145551867354,0
66671,0.17863546115885515,0
58646,0.1785761797123298,0
28693,0.17855922833698107,0
94997,0.17855516307792474,0
64687,0.17855371498917155,0
69070,0.1785301504032425,0
90888,0.1784817071797712,0
7080,0.17844984493994004,0
58400,0.17842715936909548,0
29650,0.17834911235621018,0
80093,0.1783481378642935,0
96512,0.17833639363612375,0
69398,0.17833266418211835,0
44683,0.1783140201747577,0
28408,0.17830819773378023,0
91731,0.17829750623722762,0
74428,0.17828786511527125,0
90004,0.17825627610780018,0
64714,0.17823989634897627,0
38895,0.1782232816629677,0
80719,0.17821558143524308,0
89211,0.17821075388694146,0
55340,0.1781799336326161,0
47979,0.17813521437900484,0
55208,0.17798037851990195,0
39158,0.17796386475575177,0
94297,0.17792164450207804,0
21809,0.1779207356137667,0
57370,0.17787864133130948,0
88417,0.17786198914674073,0
61710,0.1778448833008211,0
59057,0.17778828219544923,0
78813,0.1777670594990229,0
57375,0.17771822986655025,0
68692,0.17767897785732295,0
66572,0.1775917005733892,0
99950,0.17758405936117566,0
24310,0.177532207747335,0
66647,0.17748743945035683,0
54082,0.17740197640349614,0
37416,0.1773651259866073,0
58700,0.17732612023813682,0
16965,0.17732595252784827,0
80415,0.1772714091674412,0
95953,0.17725434582144825,0
47352,0.17722543725318313,0
85929,0.1772188925868634,0
33926,0.1772119855883452,0
62291,0.1771927009602647,0
52685,0.17717901343724557,0
94616,0.17717808925673997,0
80973,0.17717011470847033,0
97990,0.1771511364542767,0
47994,0.17709227647350864,0
87469,0.17706511366524008,0
60985,0.17703640165860182,0
70564,0.17702274532877488,0
12924,0.17700254879523267,0
71090,0.17697151109976278,0
79874,0.17696631030694798,0
45361,0.17695358413947565,0
39085,0.17694139248071933,0
53862,0.17693685129299394,0
49102,0.17689241656197666,0
90115,0.17689052197290514,0
76767,0.17682686846946338,0
96995,0.17682678496048812,0
64293,0.17681163648251325,0
47331,0.176799409413324,0
83954,0.17678562832317418,0
46509,0.17678449205745392,0
11762,0.1767502402763644,0
93425,0.17672965851601632,0
84210,0.1767112449093767,0
90316,0.17671058244989812,0
89419,0.17668737876408822,0
20319,0.17667649923361267,0
48474,0.17663892986284163,0
67386,0.17663169763059997,0
73442,0.17662097329658671,0
99147,0.1765470077196091,0
45175,0.17653317824221504,0
36829,0.17653243442475053,0
53125,0.17650856485114572,0
34587,0.17648472563295345,0
70428,0.17646863697748844,0
79913,0.17644501455227296,0
79324,0.17640271027651297,0
30917,0.1763607820617439,0
59322,0.17626994245427138,0
88173,0.17623829399388163,0
98601,0.17623761627453016,0
23642,0.17619348566296558,0
45493,0.17617912332689983,0
73649,0.1761739238812356,0
36748,0.1761494562701291,0
81662,0.17613255209706394,0
76888,0.17610254743073442,0
23201,0.17608943186538004,0
63077,0.17608171928736877,0
17970,0.1760775424098851,0
26237,0.17607209715076275,0
37960,0.17605390691742773,0
50106,0.17604223522336226,0
11135,0.17600368535667055,0
77010,0.17596479417295285,0
26516,0.17594285618777528,0
91405,0.17591064373023385,0
8554,0.17583317490845468,0
47120,0.17580790404056817,0
24539,0.1758053623537334,0
99743,0.1757961377096929,0
89255,0.17578472477883728,0
62282,0.17576741930669598,0
13024,0.17575948440800554,0
96874,0.17574962859131882,0
91866,0.17573496717399628,0
83595,0.17572175590790023,0
36515,0.17562018009961405,0
39065,0.17558114437729888,0
85040,0.17557710523342304,0
54705,0.175564639606847,0
74631,0.17555838513111685,0
69758,0.1755495392506832,0
81592,0.17553848834473343,0
88155,0.17553799968640962,0
94270,0.17550212208826874,0
68465,0.1754909450346238,0
89772,0.17540456298138707,0
63127,0.1753601186460995,0
74896,0.17535861769793676,0
23948,0.17535700465727708,0
84361,0.1753367260426839,0
77353,0.17531380441724495,0
79682,0.17526954160293465,0
98905,0.1752648939058562,0
71798,0.17516689752514497,0
84528,0.17515729461301702,0
86859,0.17514706206815078,0
84225,0.17513415312426112,0
61338,0.17511831480861645,0
85212,0.17504044512005806,0
44763,0.17501378782678312,0
56111,0.17499762101521912,0
84209,0.17499169433853304,0
94828,0.17494622614201838,0
95657,0.1749281390930246,0
70030,0.17490276832273513,0
84769,0.1748930103049806,0
65833,0.174871249284172,0
80860,0.1747849817678466,0
67249,0.17473246526421,0
84745,0.17470813830775353,0
73052,0.17469154967562636,0
64778,0.17463559499163603,0
54434,0.17460819124094007,0
79755,0.17456479432895078,0
75866,0.17454494100620205,0
37889,0.17453062208849004,0
84043,0.17452523691000865,0
78043,0.1745218860749824,0
93513,0.1744964862043686,0
43097,0.17449202291491686,0
68406,0.17448346884073965,0
41991,0.1744672015724618,0
79183,0.1744663597978397,0
36312,0.1744346614820125,0
85598,0.17440984265911144,0
88257,0.17439871915872776,0
61557,0.1743546941277689,0
9647,0.17431889047107532,0
75343,0.1742609896959963,0
89944,0.17425318540105014,0
44040,0.17422396604670243,0
62631,0.17420932746239073,0
84045,0.1742026957381316,0
6770,0.1741702842967115,0
31405,0.17411148684345928,0
90593,0.1740960100168502,0
51291,0.17407253184001842,0
81469,0.17405725222756402,0
44815,0.17404537705128012,0
13112,0.1740238780649612,0
89139,0.17402189789181877,0
88151,0.17400063887821085,0
82677,0.1739824366902698,0
87131,0.17394878235300917,0
2138,0.1738396272567326,0
86830,0.1738276660978017,0
45742,0.1737844010574408,0
73993,0.1737368974017372,0
51729,0.1737076934476253,0
77805,0.17365940836254257,0
54354,0.17364540608353707,0
55677,0.17361897128565107,0
52512,0.17360723714302417,0
68616,0.17360539453012436,0
83816,0.17359307521751105,0
86165,0.17354824073967212,0
47247,0.1735481653933703,0
29735,0.17352947694742085,0
31433,0.17352115100806198,0
85442,0.1734852852982893,0
66570,0.17344175341780246,0
92307,0.1734399070180386,0
75439,0.1734001941228689,0
15638,0.17337890710007822,0
73136,0.17337497445700858,0
26764,0.17336667521103297,0
28603,0.17333501067104717,0
83343,0.17333216048942351,0
61679,0.1732968478770977,0
67967,0.1732945640107991,0
35792,0.17328580257796497,0
22470,0.1732510440619664,0
60425,0.17324139896119942,0
9287,0.1732383302838053,0
65929,0.17322448810815966,0
66311,0.17317591282817643,0
49696,0.17316905124719506,0
59618,0.17314683075176052,0
53911,0.17314187148303706,0
67624,0.1731406502663457,0
22208,0.1730989114613301,0
24040,0.17307127040475645,0
62973,0.17306890172188844,0
42102,0.17305072386396114,0
69309,0.17304683821748554,0
68501,0.17304668987013144,0
99700,0.17304331267681725,0
91611,0.1729897406858484,0
88590,0.17298578450159932,0
98168,0.17297074678705382,0
60264,0.17289091434749887,0
95692,0.17288957562241214,0
86684,0.17283487978531376,0
64176,0.172833646193856,0
16027,0.17279583611222732,0
85498,0.17276575464079502,0
19728,0.17273249856892728,0
64320,0.17273122903799895,0
80369,0.1726959853946076,0
79719,0.17267663151072943,0
73307,0.17265963583336771,0
42707,0.1726496614622863,0
62974,0.17264058593170767,0
93078,0.1726380334381436,0
96544,0.17263155137939903,0
36632,0.1725601377928392,0
24925,0.1725241601041213,0
16823,0.1724757712141871,0
58946,0.17244910277980255,0
76765,0.17244485359915016,0
96297,0.17237912763042568,0
78822,0.1723691506733248,0
73267,0.17234573285441368,0
75743,0.17233195992235764,0
22194,0.17231933418614703,0
82910,0.17231708574585813,0
74731,0.1723060198340015,0
35070,0.17230035055294485,0
73204,0.17229031978339654,0
88198,0.1722655554982147,0
59058,0.17226504334732065,0
49492,0.1721841020839017,0
49616,0.17210839405388156,0
84964,0.1720755196612111,0
83217,0.17206367372298126,0
47419,0.17197384282502057,0
4508,0.17197331295436624,0
95301,0.1719386255890936,0
93802,0.17193085164401897,0
51401,0.1718871671525278,0
84146,0.1718851017005925,0
85566,0.171873731320791,0
50775,0.17187073570232483,0
97821,0.17183452852970132,0
94882,0.17181592653057223,0
59980,0.17176553738395736,0
84157,0.17156595263495686,0
50940,0.17155469581542873,0
43599,0.17155033528937264,0
23523,0.17150273234009406,0
53369,0.17143528507788666,0
80337,0.1714168774345168,0
95431,0.1713499718612094,0
60625,0.1713316853859223,0
80816,0.1713237273460307,0
49262,0.17125318397652967,0
72572,0.17120780649919487,0
82282,0.17102719965464117,0
84974,0.17101468974500048,0
65442,0.17100435675212056,0
12470,0.17096871370740752,0
17968,0.17095592398948498,0
72518,0.17095143198637866,0
96987,0.17092270766197135,0
75900,0.17088732165031004,0
94947,0.17087397821331937,0
76733,0.17086734400919096,0
78416,0.17085905752756617,0
8582,0.17076967044279104,0
88801,0.1707208914259334,0
62373,0.17071884081607547,0
90382,0.17064385928125933,0
80026,0.17061620852180404,0
56900,0.1705983225195142,0
83572,0.17056412985337452,0
84371,0.17056349764424605,0
32972,0.17054138264588828,0
80918,0.17051216069818226,0
75910,0.1705034148985246,0
33615,0.17048074109627565,0
87890,0.17045246208129147,0
77761,0.1703560854260666,0
43204,0.17027696255404084,0
40848,0.17026897790177575,0
86622,0.17025845957742478,0
99831,0.17022637394099055,0
64858,0.17019605906656785,0
45767,0.17018415560857436,0
82954,0.17016656968749197,0
82518,0.1701509693517833,0
78519,0.1700860215203166,0
29229,0.17005583901617985,0
22606,0.17000825673622008,0
10805,0.16998914884441482,0
58847,0.1699586144291172,0
54953,0.16992595631098936,0
90409,0.16984934326381254,0
24108,0.16981289025861623,0
67856,0.16978793067156464,0
93331,0.16975808117693164,0
14528,0.16975445647460485,0
90062,0.16972780386935649,0
66744,0.16969925470146774,0
94195,0.16968997462416752,0
65519,0.16966221322084016,0
44698,0.1696578657308027,0
91293,0.16963665330644265,0
82224,0.16958417229118658,0
62497,0.1695777821957581,0
66759,0.16957720766849838,0
46707,0.16954930203635357,0
68051,0.1695415028457187,0
84739,0.16953824356188674,0
86670,0.16951837534534267,0
88208,0.16951098960452798,0
23803,0.16949962024198617,0
73325,0.1694153187901614,0
49921,0.16939749515192218,0
66650,0.1693803766513052,0
56717,0.1693793375456584,0
72441,0.1693464640721319,0
41345,0.16933629846982975,0
90885,0.16926971079020348,0
77831,0.16924084076011375,0
36995,0.16920067711059067,0
76068,0.169200092431009,0
60824,0.16915401449053974,0
50076,0.1691515259446775,0
28131,0.1691006886043753,0
51251,0.16906819232982767,0
79534,0.16904315412231974,0
49620,0.16899674971912396,0
75581,0.1689047009012458,0
73852,0.16890276103567714,0
30410,0.16888279619063976,0
87883,0.16887754658518245,0
58688,0.16881172381825715,0
36338,0.16871934981012016,0
41328,0.16867724893225575,0
28332,0.16866076072863148,0
79641,0.16861851085023694,0
33937,0.1686093068888762,0
63721,0.16860702002162614,0
48820,0.16857195101711636,0
89540,0.16848627919158235,0
84794,0.1684671944019783,0
91151,0.1684581961841857,0
5822,0.16845447256003257,0
99380,0.16838227211287998,0
84137,0.16836251183042314,0
97109,0.16835806299237235,0
75231,0.16835570194579663,0
23914,0.16833789520664919,0
63128,0.16833588163803717,0
58477,0.1683202737846756,0
41135,0.1682894613622299,0
80726,0.16827360492283538,0
70935,0.1682301061131753,0
48821,0.16821437234406772,0
85907,0.1682020499626795,0
74197,0.1681946631757362,0
77453,0.16818276123669898,0
68963,0.16815746155766864,0
10919,0.1681529225174815,0
89675,0.1681339712059519,0
56995,0.16802393138082478,0
28385,0.16801819188599673,0
82137,0.16801596757842988,0
80370,0.1680038588327784,0
92334,0.16794575460821531,0
90974,0.1679416028771101,0
91279,0.1679355936634278,0
79495,0.16791237140840115,0
90958,0.16778551156186647,0
90540,0.16776693226137485,0
67265,0.1677389952342659,0
85694,0.16768903125580098,0
60805,0.16767509092882582,0
7380,0.16759154954485164,0
89597,0.16757698822489484,0
55989,0.16749741386951683,0
38700,0.16746859174947082,0
82103,0.16746727178662402,0
46190,0.16743266896846035,0
50433,0.16738300423069494,0
97774,0.16723957888639332,0
21557,0.16723814819660568,0
70862,0.16721583473755885,0
54435,0.16720059953528493,0
35759,0.167163502363478,0
81193,0.16714865607061002,0
48747,0.16712541515337107,0
80440,0.16712045662000555,0
79078,0.16710801442738293,0
56515,0.16709514948772067,0
99642,0.1669736975365464,0
51774,0.16695837474652106,0
25053,0.16693015222562455,0
17324,0.1668993499963587,0
77678,0.1668988476162329,0
88844,0.16688322384671167,0
85991,0.1668795695607082,0
55720,0.1668532872837336,0
35436,0.1667966774386421,0
95031,0.16676300373743125,0
46215,0.16675202340352127,0
69741,0.16674170544106287,0
51450,0.16667325762366283,0
93566,0.1665359025317068,0
49525,0.1665198812728524,0
93338,0.16651108398333753,0
96402,0.16648018296207037,0
22709,0.16634980172973987,0
84939,0.1663195850905747,0
84833,0.16629559789335246,0
39382,0.16626833842956054,0
98371,0.16625059302401357,0
84252,0.16624592967791627,0
72783,0.1661633065929149,0
31324,0.16615402778391644,0
30103,0.16613801502567882,0
74741,0.1660989480757968,0
32080,0.16608677388267146,0
64697,0.166081536726916,0
3688,0.1660624192841607,0
75769,0.16605934920066556,0
43333,0.16600256199062788,0
98823,0.1659826315087273,0
31216,0.16595944427375123,0
56873,0.16586555108166115,0
2638,0.16581660626308095,0
17723,0.16577421534014508,0
91368,0.1657450915054838,0
75418,0.16571711786477133,0
59706,0.165678761797596,0
72162,0.165633426226665,0
76566,0.16560608056589832,0
75954,0.1655297594934808,0
66676,0.16548963213496448,0
83452,0.16546067379805748,0
90928,0.16544939850082974,0
19896,0.1653441504925776,0
74920,0.1652549621029115,0
45653,0.16525344447806195,0
26001,0.1652506707361407,0
64246,0.16519279591908462,0
64309,0.16516095406055917,0
95644,0.16514992901184328,0
65706,0.16513752334704465,0
86012,0.1651220964378107,0
72404,0.16510334649859873,0
90908,0.16509507972449625,0
66119,0.16509421112110956,0
72098,0.16508949234145548,0
34403,0.16508254771675274,0
80120,0.1650813833754955,0
9739,0.16506014766949562,0
67367,0.16503084974647583,0
63830,0.16502722143179668,0
96654,0.16501407107240437,0
91025,0.16494504775155705,0
98374,0.16494440675119382,0
19489,0.16489280236732365,0
64556,0.1648501090058775,0
87262,0.1648232410466121,0
59816,0.16481010270195082,0
24985,0.1647849082792353,0
55499,0.16476728189314455,0
27733,0.16471800808458034,0
51392,0.164715371204499,0
80484,0.16469978092550527,0
44197,0.16469723500832503,0
48986,0.16469622352737842,0
93426,0.164675862010525,0
15496,0.16464082357394066,0
98043,0.1645908048113139,0
96509,0.16456575783286667,0
99489,0.16456537937460505,0
8796,0.16455622859294664,0
60248,0.1645203163988892,0
40556,0.16450433686031093,0
4573,0.16449863551214766,0
66221,0.16447035707689042,0
70050,0.16440928991193063,0
51780,0.16436476205234313,0
76914,0.164362128553133,0
37608,0.16431933807667792,0
49606,0.16427202548353675,0
84013,0.16424575133850844,0
81973,0.16420410016847595,0
48467,0.16419594149548253,0
84743,0.16419399499531676,0
51792,0.16409594813628206,0
48930,0.16405647322638078,0
61139,0.16404405950920015,0
82914,0.16403609983252201,0
77812,0.1639993914649962,0
2017,0.1639983972449303,0
46363,0.16398954990265183,0
85529,0.16396508472869634,0
61651,0.163926844445975,0
50476,0.1638627451948239,0
45703,0.16382741880814802,0
69922,0.16378953140174682,0
58605,0.16375950279649587,0
87856,0.16375507262589958,0
95830,0.16360138669932933,0
79980,0.16355299711778054,0
89399,0.16352807915067508,0
79607,0.16352555026820956,0
74230,0.16352159589250734,0
75414,0.16346917238335681,0
5319,0.1634397290194573,0
30533,0.16341748065764572,0
78847,0.1633974934777562,0
63718,0.1633825605094673,0
68404,0.16338155880270647,0
81028,0.16333006055340404,0
73195,0.1633100971679869,0
74307,0.16330033149695367,0
673,0.16329245418486427,0
70706,0.1632820827152346,0
82544,0.1632583617826773,0
89984,0.16324719912917696,0
70386,0.16323800921615883,0
94304,0.16299084184789442,0
90291,0.16297874794672437,0
58879,0.1629644696821023,0
94301,0.16289856615855053,0
96206,0.16286512968862019,0
85072,0.16284954123284137,0
41934,0.16284409676259617,0
84282,0.16281595029042328,0
65608,0.16279918687234698,0
44883,0.16279232838807153,0
50972,0.16277757194581366,0
5167,0.16273267150412876,0
57271,0.16271976484362394,0
72924,0.16266059261785268,0
72653,0.16265514913767937,0
93038,0.16261554658683375,0
64500,0.1626107349231022,0
19144,0.16255378469850199,0
67989,0.16251098683812917,0
47498,0.16249513312977568,0
48181,0.16238698230881732,0
10125,0.1623525938679294,0
84715,0.16234023727588517,0
76423,0.1623276830017701,0
74745,0.1622294705022178,0
75393,0.16219279093879482,0
54086,0.16217909449230014,0
63688,0.16216838518279333,0
88700,0.1621669078351257,0
76084,0.16216252093393416,0
93297,0.1621617067968458,0
52454,0.1621555146250315,0
31463,0.16209179331456441,0
3231,0.16208488272726426,0
94018,0.16205815925591668,0
67338,0.16202115246359458,0
99164,0.16199748162817926,0
57047,0.16194162279936342,0
67207,0.16192572256941823,0
77118,0.1618713430943953,0
80820,0.16185633471397967,0
68653,0.16176784670511282,0
95694,0.16173909558305524,0
34004,0.16173782841064344,0
96367,0.16170351063453237,0
76478,0.16169531085100583,0
87333,0.16167292638808267,0
91743,0.16164261774300626,0
84579,0.16163980948770854,0
22523,0.16163640804398674,0
74156,0.16161753117117308,0
97808,0.16158369270551465,0
56093,0.1615805804750863,0
90902,0.16157890431763366,0
90715,0.16156686894077582,0
69207,0.16145178311267183,0
68944,0.16144998443428846,0
9835,0.1613923050029682,0
53961,0.16138547113530238,0
41406,0.16137212086759942,0
69283,0.16135227345245792,0
30913,0.1612574985838569,0
88507,0.16123884924666387,0
89203,0.16121166599995718,0
90824,0.16120085906592121,0
88737,0.16116292468743643,0
94725,0.16107154528689357,0
82550,0.16106482246768317,0
67400,0.16104345097323478,0
49346,0.16104132160337634,0
34060,0.16103070395752214,0
65139,0.1608769058077736,0
94636,0.160858469060964,0
82569,0.1607795687647081,0
66788,0.16071375099442395,0
51680,0.16069240965240006,0
92846,0.16067965643778523,0
62644,0.1606722123786991,0
97570,0.16066617347094067,0
71909,0.16066557768096193,0
99792,0.16061098581603972,0
79743,0.16056893172947803,0
73349,0.16054023198350062,0
32164,0.1604128845739449,0
16115,0.160342766480773,0
62687,0.16032691448668282,0
54865,0.16028160910385097,0
84024,0.16026916017229628,0
67447,0.1602627649640349,0
81573,0.16024405734085578,0
89461,0.16021920979004348,0
55555,0.16021095801364757,0
84805,0.16001536520087686,0
82477,0.1600129479849312,0
90952,0.1599318510690951,0
18978,0.15987089906145657,0
27762,0.1598633271054648,0
61032,0.1598525165135247,0
93386,0.1598376237686459,0
43822,0.15983594624421296,0
87608,0.15981527998642553,0
35802,0.15981107120415053,0
90387,0.15980908828060866,0
47243,0.15979422946327887,0
81858,0.15979317397762674,0
62281,0.15978050236548805,0
75935,0.15974192002955503,0
80558,0.1596875266344038,0
67671,0.15968297068130746,0
59770,0.15966512043490727,0
50295,0.15966420093655173,0
62769,0.1596440943114131,0
57826,0.1596352568168577,0
28014,0.15962567400765662,0
35632,0.15954908956954622,0
81164,0.15952856517890956,0
73049,0.1594737954794121,0
71340,0.15945120534716178,0
99626,0.15937742779488986,0
63646,0.1593048420084129,0
63169,0.15929906550928952,0
79587,0.15927776554020046,0
63976,0.1592747034668456,0
74022,0.15927399735800843,0
95210,0.15926799885223467,0
15771,0.15916172088721883,0
57341,0.15912020139900732,0
9550,0.15909035706131086,0
91055,0.15904031160833074,0
90608,0.15902993521701095,0
84318,0.15897772630891924,0
39424,0.15896164345656616,0
99330,0.15893762842093803,0
64093,0.15892132408740234,0
76641,0.15889584937239037,0
73943,0.1588844864781208,0
95373,0.15886721573706383,0
49203,0.15886635231453833,0
84114,0.1588267988603834,0
70460,0.15882233432905007,0
96629,0.15881784536514806,0
51280,0.15874968710804474,0
42053,0.1587358758136139,0
90122,0.1586778171322642,0
81809,0.15866885883558698,0
99491,0.15865639985538849,0
70797,0.1586356617817327,0
17859,0.15863017965860857,0
94399,0.15859945012681606,0
87293,0.15859573596721235,0
41564,0.15858367193610282,0
3787,0.15855458862148603,0
66078,0.1585291115745111,0
62985,0.15848438606991205,0
96814,0.15843066136023085,0
99911,0.15836112422122445,0
23857,0.15836044076228878,0
26023,0.1583193289251666,0
64378,0.1583115633350208,0
75764,0.15829642218775664,0
6440,0.15820206205213505,0
77834,0.15817781619680352,0
33930,0.15812036870749904,0
93685,0.15809910504337554,0
88699,0.15809464140515767,0
82147,0.15808707245180004,0
96265,0.15807286243680263,0
71095,0.15803809461984225,0
85048,0.1579936410580572,0
54737,0.15795912446172636,0
64159,0.15795873762237322,0
76220,0.15792876293034352,0
23911,0.1579256669193946,0
65030,0.15792548200508394,0
34729,0.15785667614984036,0
37292,0.15779480842694377,0
58092,0.15777029167797707,0
36939,0.15776657501105698,0
11848,0.1577623882552599,0
76416,0.15774017644840593,0
85067,0.15769385614488451,0
88594,0.15766700506236123,0
3718,0.15765380056660316,0
43931,0.15765377417158355,0
88741,0.15763153483871845,0
7687,0.15762610963638624,0
66591,0.15759687413442247,0
76484,0.15758556803974685,0
80048,0.15755186167893317,0
56735,0.15754650951991475,0
57490,0.15753048639814232,0
90606,0.15753022556101406,0
39783,0.15746278759177718,0
43674,0.15743398918262763,0
73987,0.15743096068893628,0
88556,0.15742879863124135,0
97121,0.1574106117611547,0
62934,0.15736876114903217,0
66645,0.15728183551060662,0
38296,0.15718244736906248,0
50235,0.15705954957754972,0
51573,0.15701359698545067,0
52120,0.15685164171475707,0
73730,0.1568372869595217,0
64117,0.15681450076169912,0
83257,0.15672917883307397,0
41329,0.15657988437187662,0
13767,0.1565754654773791,0
66042,0.15657268632003152,0
61767,0.15656915637127203,0
11289,0.15655332475752057,0
89148,0.15652205268619393,0
24466,0.15646847852919032,0
65101,0.1564679450614771,0
61587,0.15641081977070206,0
73193,0.15633961933754748,0
75739,0.15632600570468932,0
15952,0.15628895127086886,0
71885,0.15627549769311727,0
45109,0.15616639378957126,0
69485,0.15616004014795695,0
5038,0.1561526963377579,0
51256,0.15614581143325496,0
49877,0.1561168966731688,0
63307,0.15600687082030026,0
28198,0.15599514856455204,0
41998,0.15597030753228588,0
86531,0.15595113750364106,0
48261,0.15594044061294463,0
88388,0.15592201005575426,0
93175,0.15590473814456124,0
87295,0.15584131352761418,0
51765,0.15582376288116123,0
52595,0.1557536109047022,0
98667,0.1557136640195809,0
99385,0.1555212204815062,0
59064,0.15543070989969623,0
43088,0.15542811619309688,0
45776,0.15538941776601065,0
57516,0.15533705617512703,0
45847,0.15532581109870028,0
80099,0.15523803753287793,0
52878,0.15523698952711007,0
36646,0.15522573251422941,0
69287,0.15521248446527652,0
97850,0.15518740918401397,0
8678,0.15518573937265823,0
41857,0.1550986304300356,0
21706,0.1550631500926329,0
90710,0.15503128604429575,0
39141,0.15501400122779796,0
53701,0.15500573716279004,0
81357,0.15498325593359832,0
92996,0.15493000745862395,0
74869,0.15492167442122456,0
99326,0.15491987591917544,0
67692,0.15487491539901452,0
62066,0.15485129911539589,0
61545,0.15483934698586255,0
80536,0.15477777028719333,0
91017,0.15476870206515952,0
40261,0.15474488686786247,0
74409,0.15473359924947766,0
94842,0.1547026965943623,0
94920,0.1546225307253766,0
94377,0.1545795952992239,0
74024,0.1545401704098565,0
46673,0.15452330801138298,0
70451,0.15449687360849554,0
96260,0.15447798151356978,0
16880,0.15446879003305544,0
62633,0.1544442108940948,0
41578,0.15444133344753727,0
69535,0.15444015064254332,0
97609,0.15441887231978985,0
66473,0.1543641381579432,0
88505,0.15431330333356483,0
99562,0.1542979809827529,0
46610,0.15426178118061798,0
26613,0.15421735015608992,0
91881,0.1541785325145846,0
88558,0.15416934271819444,0
63770,0.1540395650317534,0
78514,0.15403505044769575,0
49066,0.15401459796630132,0
40829,0.1540135828082543,0
26270,0.1539344356835581,0
87367,0.1538774336342338,0
83291,0.15384681338743542,0
12130,0.15375942250753344,0
99943,0.15375181326999457,0
59823,0.1537206013064864,0
34416,0.15368997096073894,0
40796,0.153621675841696,0
32803,0.15360580526399045,0
47007,0.15359515279777855,0
92636,0.15356239535236246,0
87816,0.15337026136884652,0
65701,0.15331128352246193,0
76967,0.15326997713063484,0
77604,0.15324079222879197,0
69499,0.1532008177534539,0
67769,0.15310699206854086,0
90423,0.15310195219916756,0
93751,0.1530870004212164,0
48262,0.15308167475055617,0
69830,0.15305568256582916,0
77000,0.153028947620683,0
93203,0.153017252659158,0
87609,0.1529647617892809,0
97277,0.15294624688861186,0
74906,0.15292728971108357,0
45221,0.1529149362098853,0
92120,0.15290353438759216,0
35708,0.15290117150687224,0
58361,0.1528362269862913,0
82812,0.15278802753769327,0
96080,0.1527826818313924,0
6446,0.15274342847310962,0
83413,0.15274188628674135,0
65619,0.1527405970362034,0
85538,0.1527306334549937,0
79837,0.1526935630159946,0
57156,0.15269071756995636,0
72137,0.15267350716117417,0
94285,0.15264214589988234,0
51159,0.1526359728722449,0
37462,0.15262790959993258,0
94179,0.15254481686522547,0
91130,0.15253282523371842,0
58999,0.1525253119989599,0
98215,0.1525230345845303,0
95885,0.15249600540578992,0
38433,0.1524453183086558,0
58787,0.1524275012487244,0
79515,0.15235257856531806,0
95345,0.15233154375351554,0
49769,0.15230567205791617,0
87595,0.15226526192892223,0
85011,0.1522469426638543,0
98606,0.15223325186080305,0
78396,0.15215758901212906,0
90612,0.1521509233300233,0
63716,0.1521464142837014,0
44953,0.15212674887233354,0
87606,0.15211342411126508,0
37168,0.15204692117801785,0
71939,0.1520255317838272,0
96007,0.1519772362241287,0
83102,0.1519740706590908,0
68710,0.15190918285054977,0
66669,0.15189693840003213,0
87773,0.1518566996836506,0
60692,0.15177513339447227,0
16788,0.15176538360690195,0
99529,0.15166874557321092,0
68161,0.15165993716170417,0
20354,0.15165692100365996,0
36198,0.15165411589397904,0
98563,0.15161963188334684,0
44898,0.15160808441430848,0
55120,0.15160717557330985,0
42903,0.15157467620916293,0
5635,0.15156628176315895,0
63605,0.1515617302298953,0
86119,0.15150867302550275,0
70278,0.15147432188506355,0
83875,0.15142607493054924,0
62114,0.15137728761018085,0
72565,0.1513754036917074,0
52670,0.15135391583306684,0
98729,0.15133731342317994,0
39021,0.15127765193537807,0
83285,0.15122282722717292,0
91267,0.151072460463772,0
85144,0.15106758169302933,0
40815,0.1510464094033218,0
70425,0.15098149071381947,0
76151,0.15097446610728088,0
52822,0.1509408156904666,0
65141,0.1509220781543694,0
62891,0.15091215497968594,0
89314,0.15088597750722074,0
39396,0.1508484489231096,0
56203,0.15078992859517606,0
45349,0.15076546839418178,0
56850,0.15076242503694362,0
88512,0.15071736742685435,0
87392,0.1506838679746731,0
74179,0.1506800944089555,0
40125,0.15066301298951051,0
98347,0.15066290472217403,0
5451,0.15063175478358778,0
37606,0.15059729577645364,0
88997,0.15058454251712444,0
64466,0.1505486669301613,0
87336,0.15051405708544638,0
79073,0.15050605364227093,0
92370,0.15049050684551946,0
71645,0.15043187360984356,0
82643,0.15041689683150378,0
89033,0.15036857887964686,0
98663,0.15035939697702216,0
62520,0.15029696004320775,0
4498,0.15028562565951886,0
96443,0.15028268955138105,0
37984,0.15027023554641086,0
66038,0.15026770772024864,0
82062,0.15024845294668743,0
49754,0.15024615099052338,0
53347,0.15024102939349251,0
33183,0.15023090134014205,0
85180,0.15019827064992342,0
85463,0.15018468019184633,0
42579,0.15017498196873402,0
49380,0.15015536044399505,0
11738,0.15008416353356654,0
70560,0.1499631615197532,0
93986,0.14993936215445783,0
14664,0.149897272027999,0
80292,0.14987138060872457,0
65137,0.1498452876824541,0
59805,0.14982802651377328,0
14545,0.14976352370962842,0
65426,0.14974941054626295,0
160,0.14964140376896698,0
86503,0.14963850216685456,0
98957,0.14954364289485692,0
18514,0.1495182577194553,0
40405,0.14944472281094412,0
97056,0.14944217456142073,0
97005,0.14941314817364595,0
75138,0.14938902213417904,0
48769,0.14929470049731022,0
64197,0.14922259981241448,0
80881,0.14912054296567903,0
46527,0.14902215350504192,0
35193,0.1490064959355543,0
66717,0.14896681441861395,0
51216,0.14892449636966218,0
81796,0.14888327675973312,0
84965,0.1488597766950377,0
31438,0.1488377110867085,0
21095,0.1487773580475771,0
80287,0.1487619012158857,0
57649,0.14876022806808706,0
95507,0.14872755766643467,0
99440,0.14872159566918927,0
13127,0.1485425995258115,0
78775,0.14844988294029657,0
47085,0.14843591644343432,0
76698,0.14839394676273246,0
89510,0.14838529900548966,0
98635,0.14837742659556916,0
89298,0.14831555034081642,0
70081,0.14830141476149136,0
85648,0.148225904506879,0
72677,0.14822033433851872,0
93086,0.1481420539274611,0
85490,0.1481032355320586,0
94743,0.14808268674790767,0
79673,0.14806640163074922,0
71300,0.14803745574475605,0
33602,0.14802278728449206,0
94855,0.1479931659727344,0
25643,0.14782806267861948,0
98089,0.1477636179343533,0
37909,0.14773498282744602,0
58790,0.14767348294821622,0
74424,0.14766746387467053,0
81768,0.1475952110290402,0
92504,0.14756289789330765,0
46940,0.14751345069891697,0
40191,0.14742192497179432,0
96279,0.14738459355201208,0
65117,0.147357813751586,0
54497,0.14735033236679515,0
96325,0.147340226341667,0
82820,0.14733950176250052,0
49757,0.14733483984398713,0
78388,0.14725784186840693,0
83619,0.1472577145102761,0
1029,0.1472311231144333,0
69046,0.1472269934737852,0
72758,0.1472101735902118,0
94979,0.14720939800010177,0
75077,0.14716818601700196,0
86184,0.14700538420329298,0
16998,0.14700388007825077,0
57556,0.14695312850505945,0
81111,0.14686553785851592,0
67776,0.1468237332122511,0
68740,0.14682006747492232,0
95408,0.1467735803268466,0
35358,0.14676118674780933,0
70507,0.1467585957401478,0
58236,0.14675623736707785,0
70283,0.14669424894349728,0
62710,0.14667052243439363,0
61030,0.14665761743371064,0
87414,0.14645312210390773,0
44389,0.14642966295096566,0
89793,0.14641587742277087,0
84149,0.14635707539166137,0
56855,0.14630988198763037,0
88303,0.1462997545800164,0
96964,0.14629870024723063,0
38318,0.14628739496338367,0
92274,0.14626509248613193,0
60262,0.1462195134436453,0
5733,0.1462018787168259,0
78222,0.1461722747287195,0
78198,0.1461620568643619,0
82860,0.14610555332664568,0
97318,0.1460982912545228,0
85284,0.14607263039439988,0
32440,0.1460626449240314,0
77002,0.14600316136891944,0
56796,0.14600144317615843,0
75435,0.14597706084908463,0
90375,0.14595727489039925,0
76015,0.14594633336720553,0
70531,0.1458466422992551,0
28562,0.1457850826780018,0
91839,0.14576560935019775,0
11115,0.1456117153919082,0
10176,0.14560829967665442,0
25993,0.14559736481843855,0
73369,0.1455032770375237,0
37729,0.1455016846365967,0
37524,0.14541418558191566,0
50427,0.1454106065274529,0
59056,0.14540108223288004,0
95179,0.14538809847370585,0
64540,0.145381208278308,0
98203,0.14534019427432474,0
23761,0.14532080578562426,0
71640,0.14522955587034073,0
98674,0.14517996962901297,0
74690,0.1451311884874389,0
43786,0.14508824651322724,0
46909,0.14508161900009112,0
2420,0.1449633880275125,0
99285,0.14492400740275224,0
81143,0.1449231298912218,0
31430,0.14491141670219856,0
79170,0.1449106217486274,0
49602,0.1448663813491912,0
30228,0.14482855729806104,0
68033,0.14473969944064358,0
61052,0.14468167238359114,0
72646,0.1445655664779855,0
99049,0.14454110466201187,0
55188,0.14453124904675302,0
97653,0.14449553463009324,0
78824,0.14440243733344338,0
65510,0.14439101154751327,0
46489,0.14434545179623673,0
28257,0.1442914382082787,0
37010,0.14427654279137914,0
92887,0.14421805228940285,0
98372,0.14421506977360674,0
53308,0.14420195734814817,0
75982,0.14418231170180046,0
76804,0.14418131280433188,0
47655,0.14415211147541643,0
91208,0.14414330002466838,0
67533,0.14413615348376202,0
73350,0.14412560802432348,0
53883,0.14412493917988764,0
76930,0.14411474410660952,0
93012,0.14407763591684375,0
91184,0.14407688587117526,0
83275,0.14405300996890585,0
43658,0.14398455942333613,0
61144,0.14398242874028014,0
92435,0.14397221863959492,0
64916,0.14395235779122828,0
52419,0.14388496432446188,0
90487,0.14388105556668862,0
99809,0.1437989079003335,0
56710,0.14377324789371668,0
87372,0.14368358387157446,0
78412,0.14364816302642897,0
61825,0.14363473933553178,0
94191,0.14354317642539768,0
31580,0.14351108759059247,0
56281,0.14348744671650276,0
50262,0.14345119587014354,0
83813,0.14343676014833667,0
61333,0.14343213937522417,0
92411,0.1434261662032067,0
63184,0.14342188950239498,0
91360,0.14340115724123895,0
85668,0.14336908702774073,0
54287,0.14325653910531436,0
72466,0.14321364528995095,0
36150,0.14320584528731756,0
54907,0.143176920195336,0
81091,0.14315788310152724,0
94590,0.14309571204223825,0
39335,0.1430794825063096,0
82359,0.14292524508646182,0
98846,0.14292256532418623,0
95101,0.14291545252239812,0
97685,0.14288804857409537,0
10076,0.14280666432494696,0
77261,0.14279689063668108,0
41399,0.14277138773496126,0
35653,0.1427650029826049,0
71755,0.1427365101779119,0
78427,0.14273101882133318,0
51445,0.14269753160793786,0
58945,0.14269253405425583,0
95389,0.14268429238518182,0
56126,0.14264213490416933,0
38687,0.14261774401751512,0
57317,0.14256217358112114,0
57209,0.1424960112881893,0
90069,0.14248511517642246,0
84419,0.1424115060256156,0
62448,0.1423749644389723,0
51754,0.14221713117076773,0
99020,0.14219308309207698,0
53563,0.1421640731218504,0
68671,0.14199742478131694,0
83204,0.14195199888912427,0
62771,0.1419313568265145,0
20095,0.1418930929820193,0
16972,0.14183621280555814,0
60974,0.14181976290008494,0
46904,0.1418194743719413,0
98482,0.14178281747910718,0
34085,0.14177895427583523,0
97150,0.14162556375039673,0
66191,0.14161108353688712,0
65537,0.14160695187071728,0
18185,0.14158415276460448,0
30930,0.14151193786276603,0
95180,0.14148946380550934,0
32260,0.14141828761069453,0
43361,0.14135044507991268,0
98631,0.14133244461419683,0
59819,0.14120754769989013,0
15135,0.14103953340629616,0
34235,0.14101935766521742,0
93226,0.14099933923573102,0
62439,0.14089946852488042,0
76799,0.14089182572806483,0
53774,0.14087725939443693,0
76241,0.14079997230506763,0
82482,0.14072614632904712,0
69321,0.14066026088702782,0
63187,0.1406118595972863,0
74931,0.14050408679720178,0
77945,0.14047832822573947,0
85618,0.140463896537196,0
84018,0.14040693211390162,0
77396,0.14034748058731394,0
46654,0.1402624378346755,0
57078,0.14025344534093057,0
36376,0.1402439123313015,0
52808,0.14024139447664302,0
90153,0.14017637979985112,0
45605,0.14017523937302753,0
47121,0.1401276857818283,0
27479,0.1401234781078071,0
49544,0.1401219573534593,0
58371,0.1401135344505218,0
86101,0.14008658879444086,0
50970,0.13999268034447698,0
77078,0.13991931230695828,0
79940,0.1398666789655129,0
71921,0.13985367194959125,0
92939,0.13979247207066786,0
29831,0.13967644894816944,0
46749,0.13956179794065005,0
73491,0.13951819925596118,0
35265,0.13948100858747958,0
63898,0.13947176648359713,0
49104,0.13942881071743948,0
61180,0.1394135832645317,0
81538,0.13931386533793738,0
89180,0.13926652361167435,0
92619,0.13925956115996582,0
92480,0.13917985898578436,0
86257,0.13914955308736732,0
70225,0.1390975023750482,0
73722,0.13900136900366716,0
74775,0.13896764546559584,0
4596,0.13884956545260888,0
88829,0.13875719963076846,0
50668,0.13867458175697522,0
55042,0.1386427122733032,0
20050,0.1386359749728854,0
80654,0.1386351961513659,0
80389,0.1384994137400211,0
67155,0.13847403449998066,0
92109,0.13832139287611933,0
80807,0.13830170697229371,0
96909,0.13823797153932788,0
81416,0.13823660100716048,0
96344,0.1382018020178398,0
72483,0.1381270806274793,0
86617,0.13812015849831005,0
42505,0.138111757250158,0
28181,0.13797721856317266,0
89705,0.13795263742993238,0
56060,0.13780956099897193,0
70147,0.1378028340269783,0
71079,0.13779307686391873,0
93539,0.13771483923070066,0
89362,0.13769525342412675,0
91783,0.1376547606117665,0
62899,0.1376407143951551,0
38184,0.13762497297471143,0
34374,0.1375849113091859,0
54469,0.1375433627153216,0
66162,0.13750224286860313,0
98448,0.13743634335167534,0
86529,0.13740494861885455,0
73587,0.13739477018549331,0
89433,0.13737527405720176,0
79955,0.13731908385919742,0
69407,0.1372502781314073,0
84918,0.13723139782968927,0
84476,0.1372169838905719,0
98931,0.13692110563037022,0
14990,0.13689166421670163,0
69818,0.13681507318548244,0
61954,0.13677938766657038,0
64852,0.13671676044756426,0
88500,0.13667560748558716,0
28704,0.13660716823888208,0
23792,0.13648195088288234,0
27720,0.13647828203892012,0
860,0.13646902694233504,0
24060,0.13641654041342993,0
73138,0.13630114684628958,0
95811,0.13629742498327146,0
98257,0.13626863671213485,0
74958,0.13619003466633797,0
94131,0.1360568712520517,0
65970,0.13603771107217152,0
86227,0.1359400596787452,0
71218,0.1358545368791743,0
19719,0.1357928782818207,0
98519,0.13575785739093388,0
38595,0.1356544615386295,0
83600,0.13560481190557086,0
79876,0.1355769946893446,0
44385,0.13557266699575185,0
62263,0.13554163466089517,0
28209,0.13552992060308866,0
80862,0.13546608576033053,0
82143,0.1354600331553292,0
85999,0.13542068986605943,0
90799,0.1352830624310334,0
58595,0.135269012574191,0
73969,0.13515245362385112,0
56732,0.1351487026273618,0
53387,0.13511759760632838,0
40757,0.13508982035695585,0
39553,0.13500539700136963,0
84730,0.13499102764495294,0
96385,0.1349890219323231,0
97666,0.13496021044037895,0
57031,0.13490292189607822,0
18971,0.13476783306904103,0
56340,0.13470370287631517,0
79557,0.13463258812145706,0
92556,0.13447374580224714,0
90235,0.1344259100421176,0
75792,0.13438412904129612,0
3037,0.13434089505995497,0
26641,0.13432681497995017,0
77038,0.13427841058516887,0
68751,0.1342096962322795,0
57992,0.13395983919215032,0
77816,0.13390126111290293,0
86718,0.13389854641976645,0
15649,0.13389300610141172,0
70779,0.13387609028094902,0
51354,0.13384310748028813,0
89556,0.13382697182739334,0
50132,0.13370999362293196,0
78606,0.13367213013076606,0
99662,0.133596182680655,0
80322,0.13356571832738415,0
77642,0.13355824320238266,0
53140,0.1335409230093886,0
48763,0.1334429578779268,0
76580,0.1334106300913395,0
88746,0.1333550971771698,0
86342,0.13322619098708072,0
70770,0.13321922214525359,0
82271,0.13321371566615592,0
92591,0.1332105634897971,0
15371,0.13319486528398478,0
96723,0.13317764598039716,0
57326,0.13310240480492622,0
57530,0.13304720526205854,0
18407,0.1329907267200587,0
96709,0.13297898575905723,0
98612,0.13295903847763035,0
97919,0.13290128870731818,0
45981,0.132900990181229,0
75321,0.132900167578695,0
77917,0.13285264212409373,0
83752,0.1328477487731565,0
76630,0.13282382262633308,0
32824,0.13280512642624095,0
94146,0.13269883541344754,0
41008,0.13263554208516928,0
79342,0.1326335004278988,0
52703,0.132500667099276,0
84083,0.13249197392561987,0
78740,0.13247045468139382,0
72634,0.13246811218487745,0
95981,0.1323282073150122,0
55445,0.13232620225194638,0
66920,0.1322048929013418,0
90093,0.13216616222561142,0
73318,0.1319522610963401,0
84076,0.13194124346875177,0
98289,0.13190920986607496,0
60390,0.13184975089660078,0
99671,0.13179130744195414,0
95042,0.13176701192438783,0
84166,0.13175629283638488,0
68708,0.13162999788870042,0
96822,0.1316283339434876,0
88923,0.13162393145640955,0
52007,0.1314820366901185,0
93555,0.13147517250013754,0
43215,0.13142354973765194,0
52603,0.13139553361794074,0
71108,0.13131424569963224,0
84204,0.13131353418935052,0
36147,0.13129318748819083,0
84506,0.1311424795106067,0
69838,0.13111046873475535,0
99517,0.13096248667635302,0
75998,0.13089784623803016,0
72860,0.13088957700733994,0
70340,0.13088711645532172,0
50585,0.130834709594866,0
75799,0.13065131655121429,0
23944,0.1305886937388758,0
23579,0.1305563499673018,0
79403,0.13054689061079322,0
87504,0.13054218665068432,0
96398,0.13050173292755135,0
97777,0.13039539418061172,0
68541,0.13036989274123081,0
73401,0.13034901558501102,0
59719,0.13029614653901597,0
80407,0.1302694634203828,0
9926,0.1302403389124735,0
25427,0.13018544505676563,0
81760,0.13018542520245296,0
52642,0.1300108733480562,0
78539,0.12994586533045463,0
18345,0.12994432389712887,0
33337,0.12993299499925076,0
99758,0.12992970204354595,0
15314,0.12991878377045127,0
97159,0.12986309841518623,0
57843,0.12978635646092487,0
75684,0.12971719692773512,0
91072,0.1296995015061747,0
89685,0.12969628060579205,0
61972,0.12967051376272912,0
25526,0.12966239050760284,0
33491,0.1296496861707366,0
93897,0.12962595248760977,0
99835,0.1295784487032947,0
80297,0.12950713053037005,0
71787,0.1294889243821647,0
39700,0.12948014923559864,0
28127,0.12943663258878635,0
98350,0.1294348987169017,0
20950,0.12940214203345582,0
86676,0.12931117335702683,0
82668,0.12930314238029297,0
71672,0.1293015597058103,0
87408,0.12926740866949157,0
99551,0.12926122603183404,0
63084,0.12917624682711426,0
88955,0.1291315071825567,0
70625,0.12912429861481486,0
19980,0.12910898349119526,0
11016,0.1289838270494992,0
42821,0.12884969262311483,0
43915,0.12879258239394306,0
74999,0.12877089459942104,0
51266,0.12860720557392294,0
92609,0.12858941920768452,0
74797,0.12847544753980297,0
48005,0.12842374980155963,0
90918,0.128379188314951,0
71978,0.12832067767180236,0
93580,0.12829921914715794,0
94877,0.1282670491529014,0
81507,0.1282294970497308,0
66107,0.12821006976220786,0
76845,0.12819129570852625,0
90068,0.12811788649674813,0
94665,0.12802829992773263,0
50226,0.12802692605112215,0
60562,0.12802261478465501,0
45859,0.1279896902338643,0
99721,0.12798660057917086,0
43187,0.1279556789804671,0
57821,0.12783041622291763,0
69340,0.12768788420977484,0
90359,0.1276761874245385,0
43,0.12757440915244067,0
58755,0.12749525433562323,0
91136,0.12747673050246605,0
66967,0.12744710519143287,0
95364,0.12736802871661193,0
42944,0.12732332994074483,0
85008,0.1272888898386007,0
83307,0.12723250611478545,0
90895,0.1271632976289355,0
60251,0.12708374105206366,0
64289,0.1270775668614942,0
55975,0.1270518864660495,0
92294,0.12703221236213355,0
95368,0.12700229921258627,0
50924,0.1269756548494015,0
28053,0.12693468102774186,0
96668,0.12666173714473697,0
62916,0.12662853735360174,0
87889,0.12645070562492716,0
89190,0.12641920027588416,0
33723,0.12635444781882968,0
93815,0.12628780836390688,0
62796,0.12622829463565163,0
96546,0.1262227253119438,0
44361,0.12610576393194764,0
51247,0.1260824123713913,0
90329,0.12598260512731604,0
92572,0.12586246534866538,0
61026,0.12582296270421228,0
891,0.1257551267578869,0
66341,0.12575275559115878,0
65207,0.12575239617524356,0
77053,0.1257061019004167,0
99962,0.1256837417878007,0
47825,0.12566599051005425,0
4678,0.1256600088099682,0
85200,0.12562792946090484,0
89959,0.1255953012966239,0
85861,0.12557736198414843,0
92928,0.12556683886229322,0
65190,0.12549224903009953,0
72361,0.1254387651129803,0
85915,0.12541620778741625,0
93556,0.12535552656859447,0
24595,0.12523506075543178,0
73866,0.1252061780320188,0
97064,0.1251803609730526,0
98319,0.12516357147271917,0
99733,0.12514610972963067,0
26354,0.12509317329034944,0
82562,0.12501976611545693,0
98763,0.12500347223096536,0
71016,0.12498899459012697,0
97696,0.12486724678305831,0
87697,0.12485169745694231,0
84658,0.12483713974413888,0
99513,0.1247948252886166,0
40853,0.12471201504132957,0
96833,0.12458947180124326,0
80960,0.12452715738635822,0
91892,0.12443843817836105,0
60138,0.12438196180216864,0
45727,0.12433817111424454,0
59797,0.12431293762159831,0
76979,0.1242779228097476,0
64278,0.12425729422336003,0
37104,0.12410098603806122,0
50513,0.12409881096567703,0
35695,0.12409009856378378,0
74795,0.12400653104073636,0
91516,0.12399789202545636,0
98309,0.12391689289170497,0
29261,0.12391427577402529,0
80203,0.12389134040535002,0
93436,0.12374020416682943,0
24742,0.12373226372284972,0
56653,0.1236782806673981,0
60394,0.12364428299178652,0
66814,0.1235879430381022,0
47167,0.1235607548670823,0
63582,0.12352871351335368,0
60481,0.12341165252531723,0
81568,0.12337140091983917,0
78568,0.12334684520375429,0
75797,0.1232871434718229,0
40250,0.12309289331953456,0
83070,0.12308588100180033,0
89373,0.12307337771919113,0
74849,0.12304667520579027,0
39332,0.12298336430723279,0
46893,0.12295089100356628,0
82752,0.12293083342580291,0
70831,0.12287732630297925,0
93828,0.12284508673955706,0
81202,0.12278559852279597,0
32621,0.12276248400227192,0
51110,0.1227273676187246,0
77724,0.12266211617756834,0
11150,0.12258935979265913,0
97233,0.12251689078739221,0
74191,0.12247644031133582,0
5437,0.12239718944576095,0
37697,0.12235796211338143,0
96462,0.12234705876205385,0
86959,0.12225423210663984,0
93148,0.12225082247781713,0
41210,0.12222955020889313,0
90021,0.12222738375532084,0
37447,0.1222130723051016,0
74220,0.12218174787500674,0
93936,0.12210727029737965,0
79070,0.12209735710019823,0
83932,0.12202681237148823,0
23943,0.12200447521824177,0
31183,0.121935517990374,0
71196,0.1218829487060562,0
87521,0.1218793336553696,0
96528,0.12181722962135365,0
92169,0.12178433839003155,0
84683,0.12178278118452368,0
72705,0.12174386046308554,0
51249,0.12169809619151314,0
97389,0.1216604368615393,0
70232,0.1215542183272629,0
27416,0.12151357381981936,0
50256,0.12150716834574286,0
67234,0.1214664640923935,0
83493,0.12143524751097139,0
38246,0.12142315185953466,0
54682,0.12136681613324893,0
77174,0.12136257308359322,0
32799,0.12130240643882445,0
86916,0.1212274825201039,0
63950,0.121118878556072,0
92420,0.12101753750755813,0
97138,0.12094469965170077,0
69790,0.12086295600383244,0
51134,0.12081486046636299,0
71204,0.12080979192747084,0
43836,0.12078219888453082,0
91146,0.12068295923365166,0
77309,0.12066871301632881,0
98958,0.12057720158620544,0
85872,0.12054191950592623,0
95653,0.12052229628585692,0
62776,0.1205102103796943,0
84454,0.1201108428301767,0
77568,0.12010095103807407,0
78069,0.12006493647432459,0
97348,0.12004578728324056,0
85813,0.11976788255208219,0
40634,0.11946680378351349,0
99362,0.11943505324607256,0
80527,0.11938948120729675,0
22714,0.11936474744566777,0
70091,0.1193363582793355,0
93823,0.11930505439288099,0
75784,0.11916699238659459,0
57739,0.11915281705565499,0
37696,0.11905493757302942,0
62902,0.11896097185049695,0
96434,0.11894421560337604,0
93388,0.11891656178794086,0
49340,0.11887518680756828,0
41124,0.11885981924247649,0
51708,0.11875135699180608,0
44220,0.11870214449195492,0
86175,0.11865762198362144,0
96763,0.11864864796340673,0
89731,0.11858422495413352,0
90214,0.11857979214671385,0
85104,0.11843633283860243,0
51356,0.11840975053485042,0
48781,0.11837274393092105,0
75106,0.11833323673816919,0
82648,0.1180482490041077,0
85103,0.11802930932570396,0
95102,0.11802120535914909,0
96381,0.11798797247345265,0
70012,0.11797471144287229,0
47402,0.11794486362767448,0
88766,0.11790869048419496,0
67930,0.11789028979277472,0
41350,0.11783151816202786,0
83863,0.11781704851930123,0
66343,0.11775542200869249,0
96068,0.11769613726721699,0
95580,0.11767080179221519,0
79924,0.11764810792378717,0
46658,0.1175364800461908,0
37367,0.11747599105917166,0
99834,0.11744163921788654,0
62967,0.11730756775553444,0
83571,0.11728655370355642,0
53936,0.11718551642312174,0
92581,0.11717613712541727,0
69549,0.11714045967089723,0
98552,0.11706044481878605,0
35149,0.11683256511003068,0
86226,0.11674538942219458,0
93711,0.11670854408893111,0
86093,0.1166843760215394,0
82658,0.1165169783478853,0
99572,0.11644480430726653,0
76310,0.11631558742575865,0
76992,0.1163011000649549,0
14258,0.11623113806420222,0
96917,0.11613020098193394,0
70122,0.11593290020621223,0
82578,0.11590476933151964,0
95376,0.11583944243502979,0
89768,0.11577487086057507,0
61175,0.11571951600726105,0
98141,0.1154314137378445,0
78588,0.11531895201953805,0
46958,0.11527067782387829,0
93071,0.11521325232630934,0
39946,0.11518092157926148,0
98412,0.11515668757314418,0
88616,0.1151454873467915,0
67973,0.11508548911381278,0
91620,0.11500549840523945,0
82362,0.11499213089487455,0
97403,0.11499097700958871,0
20439,0.11499086548113481,0
69815,0.11496955875955056,0
57863,0.11495366778308308,0
92206,0.11490009971648889,0
54333,0.11472856572783859,0
74481,0.11467513945542007,0
73584,0.11466984246448754,0
62367,0.11464767921204683,0
90533,0.11454877184688006,0
81525,0.11440335358800523,0
33536,0.11436039053096013,0
44035,0.11422595708673143,0
37993,0.11420876375639295,0
69943,0.11405803160358924,0
68842,0.113888068829489,0
90597,0.11385837665879339,0
86063,0.1138311713109897,0
94841,0.11362383918102054,0
70896,0.11356734319548534,0
83363,0.1135650353746136,0
94870,0.11353564193487288,0
52874,0.1132785279594729,0
99106,0.11323054597192125,0
82732,0.11304756318691078,0
59735,0.1130084391842157,0
91544,0.11297890023659399,0
68615,0.11297173494047161,0
91561,0.11297095122466773,0
91149,0.11297085999605931,0
77981,0.11292794411319142,0
35891,0.11279841036269356,0
61226,0.11257763639436694,0
13692,0.11251487164344089,0
65462,0.11250578169882552,0
70077,0.1124547941111037,0
65865,0.11243412347283449,0
99889,0.11231883850918138,0
71844,0.11230222734063239,0
78562,0.11225656180240891,0
90782,0.11220651611572785,0
94452,0.11220624399286377,0
66436,0.11205133020920978,0
29936,0.11196883205340327,0
88971,0.11188732741406647,0
32722,0.1118389459482881,0
58574,0.11179367114221153,0
93125,0.11179315098188689,0
55414,0.1117899600772967,0
30053,0.11172231075907095,0
6226,0.1116647526567717,0
1087,0.11164047001025833,0
94161,0.11160320281119923,0
91615,0.11159034890712469,0
54998,0.1115481533375749,0
13200,0.11152859283809678,0
83315,0.11151033664754612,0
88818,0.11150063276697235,0
86108,0.11145468495391068,0
69782,0.11142659506903133,0
76683,0.11137887930747828,0
27181,0.11135717815542248,0
59180,0.11127350925636594,0
74071,0.11119324858706761,0
30280,0.11114739191071386,0
89402,0.111060871408595,0
89666,0.11098204358419342,0
88936,0.11083453210999915,0
72360,0.11082655929525873,0
99337,0.11079335839440169,0
68566,0.1107711501974135,0
33838,0.11072273557474255,0
39143,0.11069203502185863,0
89644,0.11066370334057818,0
94340,0.11061323023090247,0
99996,0.11059416641859386,0
57295,0.11056175963813536,0
32980,0.11055273765491345,0
68995,0.11051759611279914,0
87403,0.11049751291777306,0
75754,0.11047700623123548,0
80653,0.11040023147863415,0
93692,0.11027712894130581,0
85161,0.1102418452199477,0
95185,0.11023196096216753,0
90266,0.1100789167935632,0
95365,0.11006999317642842,0
78817,0.11003144495587956,0
67432,0.10993574446954607,0
48448,0.10991062933929498,0
72942,0.10978278800917222,0
98567,0.10966961428698528,0
63887,0.10961286821569322,0
85859,0.10955058252347157,0
52812,0.10934254336462934,0
77140,0.10932581585707986,0
50470,0.10925227437129639,0
96254,0.10924699199056208,0
75043,0.10904175863620784,0
55785,0.1090342248981184,0
86289,0.10900255156923945,0
88974,0.10897388253609205,0
86739,0.10892160098228143,0
83846,0.10886682316884932,0
32990,0.10885422929072638,0
65474,0.10880485475971235,0
69898,0.10877230393060135,0
9559,0.10857226647637258,0
93843,0.10853657440222711,0
97876,0.1081786677456174,0
47776,0.10810391511813684,0
93748,0.10805853609488149,0
89536,0.10801066274968234,0
19970,0.10798439512156048,0
99422,0.1079655783505522,0
71387,0.1078195967864428,0
17644,0.10779107719417089,0
20958,0.10768792871520207,0
72527,0.10752951061162591,0
75075,0.10745597046368825,0
39415,0.10743601546695249,0
65392,0.10734492707532077,0
81142,0.10733112817337856,0
93146,0.10719294190858268,0
96170,0.10711186180388137,0
84068,0.10710895396477774,0
88529,0.10694073030678432,0
24070,0.10669458695808011,0
83794,0.10669159874472443,0
20683,0.10668956236604597,0
83483,0.10663666960472046,0
89901,0.10661807444949327,0
66413,0.10656012825297788,0
81771,0.10655529497422501,0
61680,0.10653655426044076,0
75751,0.1065156495063245,0
51499,0.10648715870824525,0
68535,0.1064644775592135,0
94999,0.10642499359162322,0
62147,0.10640084700390878,0
56755,0.1062542155437083,0
34260,0.10611118226995138,0
67849,0.1060421321595751,0
93424,0.10600525475040332,0
95917,0.10590211444959831,0
97638,0.10572111518776464,0
71592,0.10565436581884613,0
98246,0.10555427653564133,0
87112,0.10554621803464485,0
91643,0.10533946583499906,0
87593,0.10528236059457192,0
75545,0.10523087799751289,0
94219,0.10521487748051558,0
73890,0.10518895484671725,0
94935,0.10514840617853927,0
62511,0.10507266464337948,0
81676,0.10503904805891535,0
81262,0.10501307850775479,0
62432,0.10496352349317163,0
84514,0.10493280601992233,0
71380,0.10486202022341416,0
33919,0.10484307009243493,0
48942,0.10479777381122805,0
96859,0.10477526165009778,0
75509,0.10465602292426461,0
96502,0.10447829481781583,0
98022,0.104374557661794,0
80546,0.10437301649074326,0
89573,0.10420467307685126,0
23675,0.10419154625029924,0
63427,0.10414346341344392,0
95300,0.10412128418026351,0
54917,0.10411045749513684,0
71882,0.10406996240374804,0
41332,0.1037607048190135,0
57945,0.10365176978772804,0
76134,0.10363441591765483,0
84698,0.10335797712204446,0
91406,0.1032214370042815,0
91299,0.10321653495202213,0
79936,0.10304015569135899,0
90900,0.1030192276063241,0
96350,0.10301609114424365,0
83895,0.10299728866931555,0
75242,0.1029085763881881,0
90931,0.10285718468163746,0
98323,0.10281655568099277,0
9604,0.10280040682090644,0
38404,0.1027923269099651,0
64361,0.10275403395892124,0
86332,0.1026347378025188,0
85468,0.10260293731873862,0
78259,0.10252789946305108,0
28804,0.10229471089415282,0
83354,0.10213358154709667,0
96305,0.10211950202680438,0
70721,0.1020385021243125,0
88776,0.10188865947676867,0
85714,0.10172499014034675,0
57235,0.10168760012845322,0
97351,0.10168397186205799,0
75055,0.10155895590378108,0
75915,0.10153924592819549,0
59201,0.10127492687780847,0
66023,0.1012308097773399,0
68880,0.10105627922592965,0
79440,0.10100514950264891,0
93358,0.10083145195010122,0
59798,0.10080341095786974,0
96056,0.10056442887179268,0
84808,0.10050874391789537,0
81886,0.10044345558066749,0
79828,0.10039289113917987,0
90837,0.1001142475267983,0
71666,0.10009542754957919,0
41161,0.1000700053791701,0
58271,0.10004242684983135,0
63247,0.0998945280571712,0
68479,0.09988404963881674,0
83107,0.09953259408832715,0
66200,0.09942530688857289,0
99031,0.09926199239325452,0
84608,0.09915525591604372,0
97297,0.09914645787993585,0
88359,0.09907628453422188,0
91212,0.09900227189095621,0
77594,0.09885781057850038,0
59114,0.09850614605956867,0
71991,0.09831915537809346,0
83533,0.09829521946663605,0
89038,0.09820200983801124,0
83589,0.09793154925292413,0
90157,0.09791819359628583,0
75034,0.0978750836837622,0
87641,0.09774270896862658,0
90026,0.0974592767821916,0
59558,0.0974542077386454,0
53088,0.09745187168837975,0
76288,0.09740265714092904,0
81240,0.09726104252676003,0
86559,0.09708499136493767,0
98811,0.09704443852851873,0
61608,0.0969636898125986,0
69103,0.09695136989068098,0
67981,0.09693860048868148,0
63246,0.09685906075453589,0
61097,0.09661966479556035,0
74090,0.09660495739369773,0
98745,0.09651696091956573,0
58281,0.09649382402861238,0
92333,0.09630886597582726,0
68741,0.09629331995989923,0
46176,0.09628176644903805,0
89065,0.09577896757783341,0
81184,0.09575774931194857,0
91482,0.09555655039882044,0
60410,0.09535850740990372,0
24943,0.09530070588343251,0
99435,0.09519694878975199,0
97461,0.09512583394330011,0
61130,0.09491104069261676,0
84704,0.09489438280925457,0
89423,0.09475991204752084,0
96510,0.09474329975314849,0
87452,0.09472113119345868,0
75835,0.09471086401190208,0
51466,0.09454263009412359,0
64959,0.09446590355110339,0
97730,0.0944515227409241,0
84542,0.0943220701242718,0
95466,0.0942441124990636,0
79308,0.09423782003115275,0
92770,0.09420511609658316,0
88921,0.09417211177411365,0
92236,0.09405485345341068,0
60211,0.09402247651667545,0
81621,0.09398633978578395,0
78909,0.09395409733340805,0
46233,0.09380561580476486,0
97935,0.09373704507959932,0
94633,0.09370852815407486,0
84601,0.09367154420482833,0
96021,0.09353128304944075,0
80594,0.09351710460753469,0
62250,0.09339477591697744,0
48934,0.09275532598484396,0
74666,0.09248563947012141,0
77007,0.09200258604471498,0
64982,0.09199672870798511,0
93898,0.09191380864001969,0
77139,0.0917945989303484,0
77605,0.09111973378932937,0
94524,0.09080483375395648,0
87740,0.09077687385458719,0
83385,0.09070783435299389,0
90180,0.09061568001836921,0
78528,0.08989315145785094,0
79336,0.0897784346871775,0
68201,0.08950603048588177,0
70571,0.08922024660048826,0
95168,0.08913625140381538,0
82073,0.08879988801129711,0
57196,0.08839701130527829,0
98124,0.08836297698722921,0
52185,0.08827095671391347,0
96730,0.08805271614044444,0
88129,0.08792560641302632,0
70523,0.0879008766071223,0
77566,0.08785009608496595,0
54297,0.08776101444382506,0
77343,0.08758252323789407,0
67388,0.08754098887427451,0
86067,0.08753679702009219,0
98899,0.08745969328980532,0
65239,0.08733621973293572,0
50475,0.086759597707649,0
93454,0.08645648405829984,0
86568,0.08643152035034925,0
78424,0.08635839594369946,0
82815,0.08635100456559938,0
93503,0.08623255298247438,0
69437,0.08622186677115777,0
98696,0.08618741457532862,0
39703,0.08615826655883817,0
95131,0.08602652191105231,0
91692,0.08600788731073791,0
88265,0.08596726971277728,0
66904,0.08592702687700071,0
94148,0.08566507589471202,0
52182,0.08563265922487184,0
63723,0.08552118149960265,0
93747,0.08547868176712026,0
97971,0.08544189802924279,0
85616,0.08518255366105586,0
59088,0.08488639481077324,0
98033,0.08485433738503172,0
94967,0.08448877667701464,0
87044,0.08429821886672108,0
90987,0.08414859216083573,0
50726,0.08395068576989334,0
80367,0.08390250894972036,0
98125,0.08365085570903645,0
92179,0.08364645111485093,0
99148,0.0835947662170931,0
41847,0.08355714628099412,0
93437,0.08349113838564691,0
67082,0.08279313295138721,0
78926,0.08272017705572747,0
66562,0.08261043588602662,0
97204,0.08246051371907868,0
70217,0.08239688279420818,0
81055,0.08229035635165757,0
87288,0.08228523833763966,0
98583,0.08226884562206045,0
88548,0.08221088512006094,0
93994,0.08194235076365079,0
61310,0.08193595231832347,0
98724,0.08190492295921578,0
86966,0.0816166543304041,0
89931,0.08142556599564746,0
45348,0.08128960905006545,0
63419,0.08091563927069598,0
94790,0.08073896574519894,0
69032,0.0807373954026043,0
63949,0.08067114471941784,0
88229,0.08009304486822001,0
66542,0.07992718132860156,0
95286,0.07978223443630131,0
87533,0.07969555894998821,0
99553,0.07966651411624995,0
90869,0.07962548976075744,0
35860,0.079586294674116,0
88152,0.07938019791870692,0
79538,0.07932948577161292,0
81994,0.07922745136437541,0
66002,0.0790622288862197,0
74524,0.07896268764110591,0
92282,0.078570566750361,0
80275,0.07856305607907163,0
96306,0.07852062108641246,0
82229,0.07813980413681616,0
80200,0.07774740617489774,0
96877,0.07745641083083062,0
93380,0.07718794430169881,0
78582,0.07709770338807383,0
76706,0.07696710943683087,0
89054,0.0769647889960918,0
97407,0.07681275511873538,0
74833,0.07643591023580769,0
88310,0.07620125423665097,0
72743,0.07619011067423968,0
84638,0.07618846519413552,0
99471,0.07612328390848808,0
67224,0.07609446933564948,0
88161,0.07604868674695249,0
78491,0.0760433840180521,0
51475,0.07600591715080017,0
97734,0.07551385840183703,0
58978,0.07523055529302455,0
70968,0.07437960557358239,0
96683,0.07415659495905845,0
58843,0.07415239420957107,0
95834,0.07407895140105387,0
73152,0.07403817415182232,0
94477,0.07400068814476234,0
72018,0.07389490658426724,0
87960,0.07310060736748707,0
49861,0.07304700450572567,0
94267,0.0728424008533508,0
99584,0.07275636744174149,0
98004,0.07274507805162948,0
99290,0.07190043102276099,0
85819,0.07162007939716765,0
92550,0.07137010441682111,0
90580,0.07119579419448142,0
59168,0.07108015386385311,0
94136,0.07101656307099687,0
98703,0.07100131618672438,0
77749,0.07078993039972321,0
87134,0.07071759737248762,0
97373,0.06890632902913409,0
96116,0.06859699485026738,0
88484,0.06853036530294929,0
82971,0.06833864553662607,0
84172,0.0681491876672775,0
73642,0.06769228828606845,0
83661,0.06658500964838142,0
99201,0.06599186675582251,0
96301,0.06564404874100713,0
92228,0.0655714343241413,0
89437,0.06496799819669448,0
67826,0.06491978685513712,0
99871,0.06458375865110533,0
76866,0.06443643814283619,0
76178,0.06441799102776058,0
98655,0.06437734093037133,0
83345,0.06417334984817251,0
92395,0.0640913653348934,0
89061,0.062046921637814056,0
94827,0.061939859023711054,0
95907,0.061105559265960695,0
81271,0.05845267520385961,0
96052,0.05403874302416452,0
99853,0.05007088081412895,0
76961,0.04816246483364871,0
99781,0.04606338555282595,0
